condition,trial,host_write_us,host_recv_us,dev_rise_us,n_events,overflow
idle,0,2182940.216,2186703.315,3281388,1,false
idle,1,2203941.549,2207125.818,3302276,1,false
idle,2,2224540.986,2227648.554,3322848,1,false
idle,3,2244919.750,2248167.827,3343208,1,false
idle,4,2265359.693,2268675.994,3363628,1,false
idle,5,2285856.451,2289221.722,3384108,1,false
idle,6,2306418.459,2309488.619,3404652,1,false
idle,7,2326707.215,2329957.466,3424916,1,false
idle,8,2347147.687,2350442.704,3445344,1,false
idle,9,2367606.679,2371105.263,3465776,1,false
idle,10,2388313.055,2391626.817,3486456,1,false
idle,11,2408843.294,2411964.993,3506964,1,false
idle,12,2429185.634,2432431.222,3527296,1,false
idle,13,2449602.130,2452930.060,3547696,1,false
idle,14,2470141.479,2473455.970,3568212,1,false
idle,15,2490665.708,2493980.144,3588712,1,false
idle,16,2511154.662,2514330.368,3609184,1,false
idle,17,2531525.570,2534832.392,3629532,1,false
idle,18,2552010.413,2555399.099,3650008,1,false
idle,19,2572632.102,2575798.495,3670584,1,false
idle,20,2592969.727,2596287.225,3690972,1,false
idle,21,2613520.886,2616750.403,3711452,1,false
idle,22,2633959.797,2637103.641,3731940,1,false
idle,23,2654288.698,2657730.463,3752176,1,false
idle,24,2674947.543,2678197.249,3772816,1,false
idle,25,2695376.319,2698698.963,3793228,1,false
idle,26,2715921.628,2719160.934,3813748,1,false
idle,27,2736357.650,2739572.068,3834164,1,false
idle,28,2756741.145,2760042.041,3854524,1,false
idle,29,2777215.149,2780511.089,3874984,1,false
idle,30,2797703.785,2801084.184,3895456,1,false
idle,31,2818293.432,2821981.913,3916024,1,false
idle,32,2839267.937,2842115.062,3936976,1,false
idle,33,2860328.190,2862559.390,3958012,1,false
idle,34,2880779.902,2882906.310,3978452,1,false
idle,35,2901106.170,2903507.461,3998752,1,false
idle,36,2921713.137,2923851.962,4019344,1,false
idle,37,2942048.824,2944459.384,4039652,1,false
idle,38,2962680.878,2964836.637,4060264,1,false
idle,39,2983009.723,2985395.435,4080588,1,false
idle,40,3003575.888,3005865.035,4101128,1,false
idle,41,3024060.923,3026375.438,4121588,1,false
idle,42,3044561.519,3046822.691,4142072,1,false
idle,43,3065049.058,3067341.853,4162540,1,false
idle,44,3085521.352,3087784.117,4182992,1,false
idle,45,3105984.708,3108254.691,4203468,1,false
idle,46,3126430.231,3128719.472,4223852,1,false
idle,47,3146933.506,3149235.566,4244348,1,false
idle,48,3167437.685,3169648.583,4264824,1,false
idle,49,3187821.859,3190130.255,4285184,1,false
idle,50,3208354.704,3210549.568,4305684,1,false
idle,51,3228707.830,3231022.287,4326040,1,false
idle,52,3249176.540,3251499.264,4346484,1,false
idle,53,3269677.337,3272143.963,4366968,1,false
idle,54,3290429.586,3292507.674,4387700,1,false
idle,55,3310692.966,3313016.156,4407944,1,false
idle,56,3331202.668,3333431.471,4428432,1,false
idle,57,3351623.031,3353933.146,4448824,1,false
idle,58,3372118.331,3374407.718,4469304,1,false
idle,59,3392572.640,3394870.509,4489736,1,false
idle,60,3413061.953,3415300.984,4510208,1,false
idle,61,3433535.398,3435733.329,4530668,1,false
idle,62,3453871.186,3456233.068,4550976,1,false
idle,63,3474338.255,3476771.554,4571428,1,false
idle,64,3494932.565,3497206.774,4592004,1,false
idle,65,3515346.352,3517685.563,4612396,1,false
idle,66,3535855.683,3538262.526,4632888,1,false
idle,67,3556430.279,3558720.458,4653432,1,false
idle,68,3576877.012,3579205.057,4673860,1,false
idle,69,3597334.559,3599641.906,4694304,1,false
idle,70,3617830.133,3620200.001,4714772,1,false
idle,71,3638378.819,3640568.635,4735304,1,false
idle,72,3658751.566,3661093.271,4755664,1,false
idle,73,3679280.324,3681506.922,4776168,1,false
idle,74,3699671.312,3701991.807,4796540,1,false
idle,75,3720180.228,3722478.380,4817024,1,false
idle,76,3740641.290,3743065.598,4837468,1,false
idle,77,3761276.388,3763440.593,4858084,1,false
idle,78,3781619.798,3783925.538,4878408,1,false
idle,79,3802135.160,3804404.264,4898900,1,false
idle,80,3822715.329,3824980.287,4919464,1,false
idle,81,3843219.854,3845438.454,4939940,1,false
idle,82,3863697.471,3865948.868,4960400,1,false
idle,83,3884183.803,3886422.026,4980868,1,false
idle,84,3904595.875,3906958.310,5001268,1,false
idle,85,3925220.163,3927430.199,5021872,1,false
idle,86,3945633.793,3947938.352,5042260,1,false
idle,87,3966141.549,3968469.891,5062748,1,false
idle,88,3986684.203,3988936.430,5083264,1,false
idle,89,4007141.243,4009363.319,5103712,1,false
idle,90,4027530.371,4029828.187,5124072,1,false
idle,91,4048017.431,4050272.955,5144548,1,false
idle,92,4068475.150,4070818.685,5164980,1,false
idle,93,4089144.924,4091105.351,5185636,1,false
idle,94,4109292.118,4111564.793,5205760,1,false
idle,95,4129741.876,4132091.302,5226184,1,false
idle,96,4150281.730,4152518.152,5246708,1,false
idle,97,4170691.292,4172991.168,5267096,1,false
idle,98,4191164.019,4193507.475,5287548,1,false
idle,99,4211684.344,4214041.419,5308052,1,false
idle,100,4232229.451,4234521.154,5328576,1,false
idle,101,4252688.816,4255012.057,5349012,1,false
idle,102,4273188.102,4275576.048,5369496,1,false
idle,103,4293741.767,4296068.653,5390028,1,false
idle,104,4314254.822,4316456.584,5410516,1,false
idle,105,4334613.086,4336947.096,5430856,1,false
idle,106,4355126.035,4357404.746,5451352,1,false
idle,107,4375566.448,4377917.068,5471776,1,false
idle,108,4396113.681,4398501.383,5492300,1,false
idle,109,4416722.909,4418948.470,5512884,1,false
idle,110,4437151.018,4439378.963,5533304,1,false
idle,111,4457551.188,4459988.983,5553676,1,false
idle,112,4478238.957,4480328.794,5574340,1,false
idle,113,4498522.289,4500701.066,5594608,1,false
idle,114,4518900.749,4521276.784,5614964,1,false
idle,115,4539438.264,4541615.620,5635488,1,false
idle,116,4559805.192,4562234.051,5655832,1,false
idle,117,4580413.071,4582740.438,5676420,1,false
idle,118,4600957.996,4603354.767,5697008,1,false
idle,119,4621557.094,4623815.313,5717520,1,false
idle,120,4642055.674,4644356.465,5738000,1,false
idle,121,4662563.789,4664756.653,5758488,1,false
idle,122,4682967.439,4685209.060,5778924,1,false
idle,123,4703461.260,4705737.830,5799348,1,false
idle,124,4723990.809,4726109.893,5819884,1,false
idle,125,4744328.192,4746497.916,5840172,1,false
idle,126,4764693.296,4767003.967,5860520,1,false
idle,127,4785173.396,4787435.475,5880984,1,false
idle,128,4805584.624,4807960.916,5901364,1,false
idle,129,4826128.839,4828512.342,5921888,1,false
idle,130,4847152.752,4849421.082,5942900,1,false
idle,131,4867658.767,4869661.167,5963388,1,false
idle,132,4887866.947,4889944.554,5983576,1,false
idle,133,4908149.177,4910533.839,6003836,1,false
idle,134,4928736.456,4930922.684,6024404,1,false
idle,135,4949118.455,4951373.374,6044768,1,false
idle,136,4969633.369,4971786.684,6065264,1,false
idle,137,4989990.235,4992318.857,6085620,1,false
idle,138,5010519.252,5012813.622,6106104,1,false
idle,139,5031042.233,5033381.282,6126612,1,false
idle,140,5051868.936,5054246.835,6147416,1,false
idle,141,5072902.611,5074720.811,6168424,1,false
idle,142,5092929.667,5094772.923,6188436,1,false
idle,143,5114010.246,5115376.027,6209500,1,false
idle,144,5134571.262,5139779.722,6230044,1,false
idle,145,5155026.180,5160383.383,6250472,1,false
idle,146,5175881.375,5180843.588,6271300,1,false
idle,147,5196076.965,5201194.667,6291480,1,false
idle,148,5216426.935,5217632.126,6311812,1,false
idle,149,5236841.320,5238163.610,6332208,1,false
idle,150,5257762.182,5262768.471,6353108,1,false
idle,151,5278262.707,5283352.463,6373584,1,false
idle,152,5298679.851,5303636.724,6393980,1,false
idle,153,5318835.639,5323989.176,6414120,1,false
idle,154,5339201.642,5340450.009,6434468,1,false
idle,155,5359765.088,5360964.767,6455008,1,false
idle,156,5380229.116,5381402.232,6475448,1,false
idle,157,5400598.188,5401826.825,6495800,1,false
idle,158,5421101.838,5422428.954,6516288,1,false
idle,159,5441641.568,5442887.350,6536804,1,false
idle,160,5462135.552,5463386.288,6557284,1,false
idle,161,5482583.977,5483844.884,6577704,1,false
idle,162,5503076.416,5504414.939,6598180,1,false
idle,163,5523695.462,5529048.114,6618776,1,false
idle,164,5544345.610,5549387.127,6639384,1,false
idle,165,5564601.389,5569956.823,6659644,1,false
idle,166,5585175.712,5590320.684,6680204,1,false
idle,167,5605525.640,5606807.340,6700532,1,false
idle,168,5626067.925,5631189.882,6721052,1,false
idle,169,5646435.970,5647692.336,6741396,1,false
idle,170,5666916.513,5668159.922,6761860,1,false
idle,171,5687362.597,5688703.324,6782288,1,false
idle,172,5707919.533,5713932.217,6802840,1,false
idle,173,5728482.156,5734122.424,6823364,1,false
idle,174,5749509.212,5754142.388,6844380,1,false
idle,175,5770363.345,5774665.489,6865204,1,false
idle,176,5790923.971,5795153.699,6885760,1,false
idle,177,5811396.189,5815657.372,6906196,1,false
idle,178,5831915.463,5836007.370,6926696,1,false
idle,179,5852215.413,5856631.900,6946984,1,false
idle,180,5872857.519,5877043.150,6967596,1,false
idle,181,5893297.579,5897356.419,6988016,1,false
idle,182,5913716.812,5917893.420,7008416,1,false
idle,183,5934063.335,5938375.686,7028752,1,false
idle,184,5954524.926,5959384.200,7049188,1,false
idle,185,5975613.252,5979529.619,7070256,1,false
idle,186,5995662.378,5999831.055,7090284,1,false
idle,187,6015998.060,6020317.285,7110616,1,false
idle,188,6036483.724,6040698.552,7131060,1,false
idle,189,6056957.807,6061420.533,7151584,1,false
idle,190,6077623.246,6081912.156,7172168,1,false
idle,191,6098098.792,6102203.850,7192620,1,false
idle,192,6118338.989,6122721.336,7212848,1,false
idle,193,6138873.308,6143229.334,7233360,1,false
idle,194,6159337.563,6163891.148,7253800,1,false
idle,195,6180391.095,6184382.941,7274832,1,false
idle,196,6200610.383,6204838.777,7295028,1,false
idle,197,6221016.107,6225167.371,7315420,1,false
idle,198,6241331.233,6245511.800,7335704,1,false
idle,199,6261663.910,6266080.132,7356028,1,false
idle,200,6282222.748,6286571.464,7376560,1,false
idle,201,6302714.413,6307261.486,7397040,1,false
idle,202,6323512.538,6327707.894,7417812,1,false
idle,203,6343902.996,6348009.825,7438184,1,false
idle,204,6364173.255,6368383.096,7458436,1,false
idle,205,6384539.348,6388932.867,7478784,1,false
idle,206,6405100.443,6409480.215,7499324,1,false
idle,207,6425727.625,6430171.114,7519928,1,false
idle,208,6446368.613,6450517.222,7540552,1,false
idle,209,6466705.122,6470897.590,7560864,1,false
idle,210,6487051.808,6491393.301,7581196,1,false
idle,211,6507538.604,6512288.054,7601660,1,false
idle,212,6528591.722,6532422.961,7622692,1,false
idle,213,6549641.103,6552919.608,7643724,1,false
idle,214,6570119.198,6573436.958,7664176,1,false
idle,215,6590631.997,6593866.903,7684672,1,false
idle,216,6611079.484,6614392.434,7705100,1,false
idle,217,6631592.801,6634836.407,7725588,1,false
idle,218,6652039.176,6655194.605,7746020,1,false
idle,219,6672354.525,6675628.453,7766308,1,false
idle,220,6692794.469,6696092.761,7786736,1,false
idle,221,6713260.374,6716530.505,7807176,1,false
idle,222,6733703.130,6736992.230,7827604,1,false
idle,223,6754176.341,6757510.227,7848052,1,false
idle,224,6774681.642,6777948.649,7868544,1,false
idle,225,6795157.090,6798432.634,7888992,1,false
idle,226,6815606.651,6818945.796,7909432,1,false
idle,227,6836122.503,6839424.999,7929920,1,false
idle,228,6856613.952,6859867.899,7950392,1,false
idle,229,6877082.648,6880440.343,7970844,1,false
idle,230,6897631.848,6900878.654,7991372,1,false
idle,231,6918091.228,6921418.203,8011816,1,false
idle,232,6938604.153,6941830.514,8032308,1,false
idle,233,6959053.480,6962403.951,8052728,1,false
idle,234,6979565.443,6982805.655,8073236,1,false
idle,235,7000010.219,7003340.511,8093648,1,false
idle,236,7020547.957,7023698.215,8114168,1,false
idle,237,7040854.783,7044370.873,8134460,1,false
idle,238,7061534.993,7064647.511,8155112,1,false
idle,239,7081794.310,7085252.288,8175356,1,false
idle,240,7102451.490,7105929.425,8195992,1,false
idle,241,7123115.038,7126227.467,8216632,1,false
idle,242,7143403.092,7146677.228,8236896,1,false
idle,243,7163844.840,7167146.622,8257328,1,false
idle,244,7184302.826,7187627.859,8277760,1,false
idle,245,7204815.252,7208165.846,8298256,1,false
idle,246,7225331.403,7228654.171,8318752,1,false
idle,247,7245811.241,7249236.502,8339208,1,false
idle,248,7266430.207,7269557.002,8359812,1,false
idle,249,7286746.301,7290205.564,8380104,1,false
idle,250,7307442.793,7310678.952,8400780,1,false
idle,251,7327886.301,7331130.193,8421200,1,false
idle,252,7348363.729,7351652.952,8441668,1,false
idle,253,7368832.965,7372080.826,8462116,1,false
idle,254,7389531.075,7393084.673,8482784,1,false
idle,255,7410541.042,7413362.628,8503784,1,false
idle,256,7431588.097,7433355.792,8524816,1,false
idle,257,7452574.703,7453781.045,8545772,1,false
idle,258,7472922.014,7474223.100,8566108,1,false
idle,259,7493336.379,7494720.988,8586496,1,false
idle,260,7513870.221,7515198.000,8607012,1,false
idle,261,7534351.340,7535795.193,8627464,1,false
idle,262,7554973.838,7556220.291,8648108,1,false
idle,263,7575339.337,7576732.602,8668416,1,false
idle,264,7595970.869,7597725.840,8689068,1,false
idle,265,7616142.965,7618167.090,8709180,1,false
idle,266,7636522.492,7638738.343,8729544,1,false
idle,267,7656980.963,7658871.136,8750004,1,false
idle,268,7677056.086,7679572.778,8770032,1,false
idle,269,7697758.134,7699587.179,8790712,1,false
idle,270,7718798.844,7720161.551,8811736,1,false
idle,271,7739345.921,7740558.800,8832264,1,false
idle,272,7759727.767,7761005.618,8852620,1,false
idle,273,7780188.260,7781517.715,8873068,1,false
idle,274,7800721.340,7802032.196,8893576,1,false
idle,275,7821180.930,7822577.548,8914024,1,false
idle,276,7842039.487,7847194.480,8934856,1,false
idle,277,7862685.321,7867752.865,8955484,1,false
idle,278,7882957.082,7887890.680,8975788,1,false
idle,279,7902998.091,7904387.299,8995764,1,false
idle,280,7923542.893,7924893.752,9016276,1,false
idle,281,7944086.507,7945458.109,9036808,1,false
idle,282,7964626.411,7965866.643,9057332,1,false
idle,283,7985121.203,7986492.479,9077796,1,false
idle,284,8006078.447,8010985.941,9098728,1,false
idle,285,8026130.946,8027636.761,9118768,1,false
idle,286,8047136.755,8052133.551,9139752,1,false
idle,287,8067627.440,8072845.431,9160228,1,false
idle,288,8088228.286,8092924.628,9180808,1,false
idle,289,8109239.375,8113455.592,9201792,1,false
idle,290,8129656.404,8133983.167,9222192,1,false
idle,291,8150200.768,8154752.950,9242712,1,false
idle,292,8171356.215,8175420.107,9263848,1,false
idle,293,8191672.696,8195222.456,9284144,1,false
idle,294,8212400.618,8215818.820,9304856,1,false
idle,295,8233005.410,8236212.583,9325440,1,false
idle,296,8253415.025,8256667.212,9345828,1,false
idle,297,8273852.441,8277193.526,9366248,1,false
idle,298,8294360.440,8297829.504,9386728,1,false
idle,299,8315012.054,8318356.406,9407364,1,false
idle,300,8335594.508,8338565.146,9427928,1,false
idle,301,8355742.492,8359003.568,9448060,1,false
idle,302,8376156.961,8379510.550,9468448,1,false
idle,303,8396731.268,8400086.626,9489000,1,false
idle,304,8417345.988,8420664.506,9509600,1,false
idle,305,8437854.405,8441021.760,9530080,1,false
idle,306,8458232.393,8461544.802,9550444,1,false
idle,307,8478737.437,8481986.371,9570928,1,false
idle,308,8499221.902,8502473.227,9591400,1,false
idle,309,8519714.538,8522772.793,9611872,1,false
idle,310,8539935.963,8543385.290,9632144,1,false
idle,311,8560540.294,8563866.532,9652648,1,false
idle,312,8581062.592,8584284.671,9673156,1,false
idle,313,8601482.231,8604844.822,9693556,1,false
idle,314,8622042.666,8625294.875,9714100,1,false
idle,315,8642492.179,8645671.832,9734532,1,false
idle,316,8662844.774,8666226.706,9754860,1,false
idle,317,8683344.363,8686827.891,9775340,1,false
idle,318,8704064.901,8707250.814,9796036,1,false
idle,319,8724444.469,8727744.857,9816396,1,false
idle,320,8744935.188,8748220.772,9836948,1,false
idle,321,8765415.249,8768555.163,9857324,1,false
idle,322,8785733.395,8789073.149,9877624,1,false
idle,323,8806225.989,8809487.030,9898096,1,false
idle,324,8826630.099,8829972.586,9918484,1,false
idle,325,8847124.938,8850454.981,9938964,1,false
idle,326,8867595.836,8870931.783,9959408,1,false
idle,327,8888091.286,8891422.833,9979888,1,false
idle,328,8908707.857,8912013.757,10000484,1,false
idle,329,8929169.069,8932439.625,10020916,1,false
idle,330,8949584.102,8952934.575,10041320,1,false
idle,331,8970109.779,8973323.884,10061832,1,false
idle,332,8990484.143,8993812.767,10082176,1,false
idle,333,9011107.618,9014296.750,10102776,1,false
idle,334,9031470.651,9034767.010,10123120,1,false
idle,335,9051957.178,9055349.936,10143636,1,false
idle,336,9072496.667,9075814.167,10164112,1,false
idle,337,9092992.146,9096508.594,10184600,1,false
idle,338,9113739.834,9116966.734,10205304,1,false
idle,339,9134172.069,9137746.236,10225724,1,false
idle,340,9155037.091,9158228.236,10246572,1,false
idle,341,9175682.448,9178482.947,10267192,1,false
idle,342,9196702.794,9198690.396,10288192,1,false
idle,343,9216854.612,9219151.266,10308324,1,false
idle,344,9237356.525,9239789.654,10328804,1,false
idle,345,9257974.400,9260218.394,10349440,1,false
idle,346,9278643.313,9280981.290,10370064,1,false
idle,347,9299503.754,9301230.735,10390836,1,false
idle,348,9319494.769,9322086.208,10410864,1,false
idle,349,9340333.616,9342226.716,10431676,1,false
idle,350,9360493.864,9363419.492,10451828,1,false
idle,351,9380826.131,9383447.511,10472140,1,false
idle,352,9401685.070,9404058.922,10492976,1,false
idle,353,9422487.718,9424229.253,10513756,1,false
idle,354,9442691.338,9444568.866,10533944,1,false
idle,355,9462709.969,9465115.711,10553940,1,false
idle,356,9483361.603,9485654.504,10574576,1,false
idle,357,9503845.694,9506066.064,10595032,1,false
idle,358,9524260.309,9526478.750,10615436,1,false
idle,359,9544667.352,9547011.114,10635816,1,false
idle,360,9565189.021,9567452.311,10656316,1,false
idle,361,9585621.263,9587885.649,10676740,1,false
idle,362,9606049.866,9608344.769,10697144,1,false
idle,363,9626489.235,9628830.137,10717560,1,false
idle,364,9646989.103,9649309.625,10738052,1,false
idle,365,9667451.919,9669724.233,10758484,1,false
idle,366,9687893.066,9690289.991,10778904,1,false
idle,367,9708463.682,9710587.156,10799456,1,false
idle,368,9728761.209,9731083.350,10819728,1,false
idle,369,9749234.026,9751625.416,10840180,1,false
idle,370,9769781.939,9772158.482,10860708,1,false
idle,371,9790367.473,9792859.286,10881284,1,false
idle,372,9811135.280,9813242.474,10902028,1,false
idle,373,9831429.390,9833706.778,10922304,1,false
idle,374,9852149.080,9854244.438,10943004,1,false
idle,375,9872440.867,9874664.455,10963268,1,false
idle,376,9893213.545,9895131.105,10984020,1,false
idle,377,9913264.189,9915903.273,11004056,1,false
idle,378,9934127.729,9936102.709,11024892,1,false
idle,379,9954298.147,9956567.223,11045044,1,false
idle,380,9974754.804,9977042.802,11065484,1,false
idle,381,9995243.941,9997534.218,11085952,1,false
idle,382,10015710.151,10017981.985,11106400,1,false
idle,383,10036151.934,10038391.455,11126820,1,false
idle,384,10056572.392,10058809.583,11147228,1,false
idle,385,10076985.407,10079300.346,11167628,1,false
idle,386,10097476.651,10099679.119,11188088,1,false
idle,387,10117840.531,10120160.433,11208432,1,false
idle,388,10138364.532,10140677.941,11228904,1,false
idle,389,10158851.737,10161120.227,11249400,1,false
idle,390,10179302.241,10181591.756,11269836,1,false
idle,391,10199778.292,10202066.551,11290292,1,false
idle,392,10220258.172,10222721.147,11310748,1,false
idle,393,10240923.678,10243195.810,11331392,1,false
idle,394,10261419.417,10263746.747,11351868,1,false
idle,395,10281937.348,10284152.761,11372428,1,false
idle,396,10302452.273,10304642.241,11392804,1,false
idle,397,10322825.417,10325025.887,11413220,1,false
idle,398,10343211.030,10345531.653,11433584,1,false
idle,399,10363698.591,10366042.837,11454048,1,false
idle,400,10384231.652,10386529.889,11474564,1,false
idle,401,10404714.898,10406967.614,11495028,1,false
idle,402,10425141.468,10427431.925,11515432,1,false
idle,403,10445604.547,10447892.416,11535868,1,false
idle,404,10466099.361,10468454.123,11556348,1,false
idle,405,10486686.670,10489030.648,11576920,1,false
idle,406,10507247.461,10509455.304,11597460,1,false
idle,407,10527640.767,10529831.339,11617832,1,false
idle,408,10548030.021,10550428.693,11638200,1,false
idle,409,10568608.606,10570913.283,11658756,1,false
idle,410,10589118.682,10591310.937,11679248,1,false
idle,411,10609504.275,10611814.736,11699588,1,false
idle,412,10629959.473,10632232.304,11720088,1,false
idle,413,10650399.299,10652709.801,11740472,1,false
idle,414,10670893.980,10673227.256,11760948,1,false
idle,415,10691429.407,10693681.210,11781456,1,false
idle,416,10711854.689,10714189.739,11801860,1,false
idle,417,10732341.119,10734602.420,11822328,1,false
idle,418,10752756.393,10755189.072,11842724,1,false
idle,419,10773354.627,10775700.819,11863300,1,false
idle,420,10793885.151,10796188.636,11883808,1,false
idle,421,10814366.398,10816657.050,11904280,1,false
idle,422,10834823.448,10836946.782,11924716,1,false
idle,423,10855091.676,10857537.677,11944960,1,false
idle,424,10875678.776,10878002.378,11965524,1,false
idle,425,10896142.471,10898487.647,11985976,1,false
idle,426,10916646.230,10918954.360,12006460,1,false
idle,427,10937099.276,10939414.565,12026896,1,false
idle,428,10957558.272,10959886.075,12047328,1,false
idle,429,10978037.149,10980338.318,12067788,1,false
idle,430,10998482.780,11000747.641,12088212,1,false
idle,431,11018914.939,11021343.895,12108628,1,false
idle,432,11039492.334,11041821.027,12129184,1,false
idle,433,11059966.915,11062265.579,12149668,1,false
idle,434,11080391.262,11082792.437,12170044,1,false
idle,435,11100940.436,11103256.679,12190632,1,false
idle,436,11121416.746,11123761.093,12211020,1,false
idle,437,11141946.749,11144194.422,12231596,1,false
idle,438,11162349.155,11164617.065,12251912,1,false
idle,439,11182765.768,11185061.614,12272316,1,false
idle,440,11203224.705,11205620.111,12292752,1,false
idle,441,11223796.806,11226161.407,12313308,1,false
idle,442,11244364.885,11246543.563,12333856,1,false
idle,443,11264722.864,11267070.646,12354188,1,false
idle,444,11285239.748,11287480.416,12374684,1,false
idle,445,11305633.275,11307981.538,12395056,1,false
idle,446,11326146.398,11328442.523,12415556,1,false
idle,447,11346613.565,11348985.952,12436004,1,false
idle,448,11367159.693,11369480.148,12456528,1,false
idle,449,11387629.757,11389943.243,12476976,1,false
idle,450,11408144.181,11410625.619,12497476,1,false
idle,451,11428824.219,11431006.306,12518128,1,false
idle,452,11449198.735,11451539.016,12538484,1,false
idle,453,11469726.243,11471999.605,12558996,1,false
idle,454,11490163.232,11492371.768,12579408,1,false
idle,455,11510553.213,11512861.947,12599780,1,false
idle,456,11531074.882,11533463.504,12620280,1,false
idle,457,11551627.171,11553814.234,12640812,1,false
idle,458,11572017.606,11574255.318,12661188,1,false
idle,459,11592440.271,11594764.784,12681592,1,false
idle,460,11612947.246,11615263.807,12702124,1,false
idle,461,11633473.823,11635767.349,12722584,1,false
idle,462,11653945.982,11656182.058,12743088,1,false
idle,463,11674338.030,11676742.297,12763408,1,false
idle,464,11694941.703,11697201.274,12784048,1,false
idle,465,11715353.907,11717675.973,12804384,1,false
idle,466,11735881.240,11738213.580,12824892,1,false
idle,467,11756354.558,11758585.206,12845344,1,false
idle,468,11776726.042,11779052.785,12865688,1,false
idle,469,11797228.842,11799443.040,12886172,1,false
idle,470,11817587.071,11819932.963,12906516,1,false
idle,471,11838094.960,11840530.496,12927004,1,false
idle,472,11858701.379,11860980.370,12947592,1,false
idle,473,11879158.757,11881517.973,12968024,1,false
idle,474,11899684.173,11902013.114,12988536,1,false
idle,475,11920207.742,11922638.187,13009028,1,false
idle,476,11940834.926,11942959.377,13029640,1,false
idle,477,11961125.914,11963409.209,13049912,1,false
idle,478,11981574.283,11983962.115,13070344,1,false
idle,479,12002120.703,12004352.310,13090876,1,false
idle,480,12022494.706,12024854.664,13111220,1,false
idle,481,12043043.292,12045253.251,13131752,1,false
idle,482,12063415.315,12065750.342,13152100,1,false
idle,483,12083912.121,12086246.127,13172580,1,false
idle,484,12104408.985,12106748.788,13193060,1,false
idle,485,12124908.992,12127182.758,13213536,1,false
idle,486,12145347.126,12147698.001,13233956,1,false
idle,487,12165864.866,12168228.982,13254456,1,false
idle,488,12186412.777,12188696.144,13274980,1,false
idle,489,12206883.418,12209063.262,13295428,1,false
idle,490,12227212.786,12229523.861,13315740,1,false
idle,491,12247695.263,12250084.782,13336204,1,false
idle,492,12268252.214,12270559.491,13356736,1,false
idle,493,12288728.967,12291082.423,13377192,1,false
idle,494,12309252.109,12311624.642,13397696,1,false
idle,495,12329854.529,12332117.490,13418284,1,false
idle,496,12350334.782,12352575.955,13438728,1,false
idle,497,12370776.578,12373079.791,13459156,1,false
idle,498,12391266.870,12393441.819,13479636,1,false
idle,499,12411672.360,12413994.993,13500020,1,false
idle,500,12432170.032,12434460.694,13520492,1,false
idle,501,12452624.420,12454963.061,13540920,1,false
idle,502,12473116.002,12475497.543,13561408,1,false
idle,503,12493713.400,12496116.141,13581980,1,false
idle,504,12514326.548,12516513.381,13602564,1,false
idle,505,12534697.789,12536732.423,13622928,1,false
idle,506,12554938.491,12557319.234,13643208,1,false
idle,507,12575528.494,12577730.203,13663720,1,false
idle,508,12595916.469,12598301.553,13684080,1,false
idle,509,12616658.626,12618739.420,13704804,1,false
idle,510,12636910.430,12639219.392,13725048,1,false
idle,511,12657421.548,12659675.781,13745532,1,false
idle,512,12677839.863,12680177.267,13765924,1,false
idle,513,12698343.606,12700538.488,13786412,1,false
idle,514,12718710.030,12721078.393,13806756,1,false
idle,515,12739253.029,12741483.562,13827276,1,false
idle,516,12759665.068,12761977.909,13847672,1,false
idle,517,12780141.862,12782471.287,13868124,1,false
idle,518,12800652.902,12802948.868,13888616,1,false
idle,519,12821120.113,12823406.439,13909068,1,false
idle,520,12841588.454,12844000.280,13929512,1,false
idle,521,12862210.122,12864472.205,13950112,1,false
idle,522,12882650.147,12884926.313,13970532,1,false
idle,523,12903096.939,12905447.470,13990964,1,false
idle,524,12923723.798,12925955.292,14011568,1,false
idle,525,12944248.148,12946412.759,14032076,1,false
idle,526,12964603.816,12966859.508,14052412,1,false
idle,527,12985059.602,12987322.559,14072852,1,false
idle,528,13005507.525,13007895.097,14093272,1,false
idle,529,13026097.302,13028328.946,14113844,1,false
idle,530,13046529.849,13048782.944,14134252,1,false
idle,531,13066966.040,13069334.178,14154696,1,false
idle,532,13087778.577,13089755.923,14175460,1,false
idle,533,13107956.664,13110180.024,14195660,1,false
idle,534,13128350.891,13130711.880,14216000,1,false
idle,535,13148939.959,13151466.212,14236628,1,false
idle,536,13169634.279,13171662.631,14257244,1,false
idle,537,13189838.050,13192146.668,14277420,1,false
idle,538,13210322.259,13212621.079,14297868,1,false
idle,539,13230795.744,13233198.143,14318336,1,false
idle,540,13251491.142,13253677.320,14339020,1,false
idle,541,13271862.934,13274132.017,14359372,1,false
idle,542,13292428.429,13294716.641,14379908,1,false
idle,543,13312903.112,13315175.842,14400376,1,false
idle,544,13333405.189,13335537.104,14420848,1,false
idle,545,13353755.800,13355977.290,14441176,1,false
idle,546,13374240.476,13376465.163,14461652,1,false
idle,547,13394702.656,13396965.964,14482092,1,false
idle,548,13415168.351,13417435.572,14502536,1,false
idle,549,13435626.032,13437949.260,14522964,1,false
idle,550,13456174.826,13458565.470,14543500,1,false
idle,551,13476809.654,13478901.459,14564112,1,false
idle,552,13497130.673,13499421.292,14584412,1,false
idle,553,13517609.290,13519846.522,14604872,1,false
idle,554,13538056.155,13540288.150,14625300,1,false
idle,555,13558471.717,13560787.791,14645696,1,false
idle,556,13578973.970,13581409.018,14666196,1,false
idle,557,13599597.008,13601871.536,14686784,1,false
idle,558,13620072.916,13622335.207,14707236,1,false
idle,559,13640534.190,13642786.845,14727680,1,false
idle,560,13661038.774,13663238.924,14748160,1,false
idle,561,13681489.954,13683711.400,14768596,1,false
idle,562,13701925.546,13704223.109,14789080,1,false
idle,563,13722442.359,13724695.636,14809508,1,false
idle,564,13742923.588,13745175.195,14830044,1,false
idle,565,13763373.123,13765645.119,14850396,1,false
idle,566,13783860.827,13786121.059,14870872,1,false
idle,567,13804341.940,13806617.012,14891320,1,false
idle,568,13825151.430,13827115.954,14912112,1,false
idle,569,13845390.070,13847598.071,14932336,1,false
idle,570,13865831.240,13868117.157,14952756,1,false
idle,571,13886365.551,13889390.932,14973268,1,false
idle,572,13906663.201,13909223.701,14993540,1,false
idle,573,13927469.690,13929514.347,15014336,1,false
idle,574,13947823.240,13949955.324,15034668,1,false
idle,575,13968180.191,13970375.912,15055000,1,false
idle,576,13988635.288,13990882.227,15075440,1,false
idle,577,14009192.940,14011392.964,15095976,1,false
idle,578,14029640.910,14031934.734,15116400,1,false
idle,579,14050163.680,14052361.597,15136908,1,false
idle,580,14070897.325,14073358.862,15157636,1,false
idle,581,14091837.096,14093953.694,15178540,1,false
idle,582,14112524.375,14114204.540,15199200,1,false
idle,583,14133589.609,14138500.359,15220244,1,false
idle,584,14153859.358,14158862.182,15240512,1,false
idle,585,14174070.054,14179323.627,15260696,1,false
idle,586,14194602.732,14199570.549,15281208,1,false
idle,587,14214726.851,14216055.707,15301316,1,false
idle,588,14235199.257,14236468.467,15321760,1,false
idle,589,14255607.747,14257056.915,15342156,1,false
idle,590,14276230.426,14277532.647,15362748,1,false
idle,591,14296679.943,14298006.256,15383180,1,false
idle,592,14317146.867,14318446.200,15403628,1,false
idle,593,14337657.447,14339039.363,15424116,1,false
idle,594,14358242.129,14359568.682,15444684,1,false
idle,595,14378776.288,14379933.277,15465196,1,false
idle,596,14399108.890,14400508.240,15485516,1,false
idle,597,14419781.115,14425471.951,15506160,1,false
idle,598,14439947.157,14442078.465,15526360,1,false
idle,599,14460343.687,14461955.434,15546680,1,false
idle,600,14481156.804,14482348.901,15567476,1,false
idle,601,14501539.053,14502855.977,15587844,1,false
idle,602,14522023.740,14523335.059,15608304,1,false
idle,603,14542567.084,14543937.564,15628824,1,false
idle,604,14563195.254,14568450.779,15649440,1,false
idle,605,14583652.324,14588851.301,15669876,1,false
idle,606,14604045.302,14605434.395,15690244,1,false
idle,607,14624758.250,14629949.053,15710936,1,false
idle,608,14645141.101,14650383.829,15731296,1,false
idle,609,14665580.511,14671414.536,15751720,1,false
idle,610,14685643.863,14687920.737,15771768,1,false
idle,611,14706408.274,14707799.031,15792504,1,false
idle,612,14727016.977,14732314.564,15813096,1,false
idle,613,14747494.640,14752759.883,15833552,1,false
idle,614,14767957.451,14773335.382,15854032,1,false
idle,615,14788541.135,14793782.718,15874560,1,false
idle,616,14809257.548,14814558.401,15895252,1,false
idle,617,14830208.262,14835036.531,15916184,1,false
idle,618,14850466.184,14855588.377,15936428,1,false
idle,619,14870896.957,14876074.560,15956848,1,false
idle,620,14891553.935,14896187.655,15977476,1,false
idle,621,14911649.127,14916869.623,15997552,1,false
idle,622,14932127.587,14937131.409,16018000,1,false
idle,623,14952349.803,14957592.484,16038208,1,false
idle,624,14973147.230,14978128.008,16058984,1,false
idle,625,14993349.635,14998497.468,16079168,1,false
idle,626,15013685.475,15018979.076,16099484,1,false
idle,627,15034173.229,15039478.401,16119952,1,false
idle,628,15054685.178,15059946.349,16140448,1,false
idle,629,15075191.535,15080768.480,16160932,1,false
idle,630,15096121.208,15101381.614,16181844,1,false
idle,631,15116854.707,15121969.550,16202552,1,false
idle,632,15137276.595,15142266.675,16222960,1,false
idle,633,15157863.261,15162745.978,16243520,1,false
idle,634,15178002.308,15183400.091,16263644,1,false
idle,635,15198835.495,15203420.717,16284456,1,false
idle,636,15219682.177,15223728.908,16305280,1,false
idle,637,15239977.878,15244391.594,16325568,1,false
idle,638,15260868.177,15265147.790,16346424,1,false
idle,639,15281678.919,15285460.928,16367216,1,false
idle,640,15301764.045,15306116.813,16387280,1,false
idle,641,15322575.868,15326153.668,16408068,1,false
idle,642,15343359.133,15346697.939,16428840,1,false
idle,643,15363868.644,15366927.397,16449332,1,false
idle,644,15384088.597,15387438.670,16469524,1,false
idle,645,15404623.164,15408063.830,16490044,1,false
idle,646,15425330.900,15428534.524,16510724,1,false
idle,647,15445737.884,15449026.792,16531112,1,false
idle,648,15466213.602,15469547.896,16551564,1,false
idle,649,15486704.942,15489867.310,16572040,1,false
idle,650,15506998.287,15510287.388,16592316,1,false
idle,651,15527428.178,15530762.181,16612724,1,false
idle,652,15547983.001,15551221.168,16633268,1,false
idle,653,15568421.071,15571781.710,16653680,1,false
idle,654,15588967.281,15592275.250,16674220,1,false
idle,655,15609459.936,15612820.880,16694672,1,false
idle,656,15630027.585,15633447.005,16715224,1,false
idle,657,15650623.688,15653792.831,16735800,1,false
idle,658,15671363.914,15674690.257,16756516,1,false
idle,659,15691969.107,15694787.500,16777120,1,false
idle,660,15712972.406,15715104.818,16798104,1,false
idle,661,15733262.364,15735566.433,16818360,1,false
idle,662,15753712.835,15756283.960,16838792,1,false
idle,663,15774491.627,15777402.711,16859544,1,false
idle,664,15794873.774,15797725.924,16879908,1,false
idle,665,15815170.743,15818094.134,16900184,1,false
idle,666,15835342.905,15838578.749,16920312,1,false
idle,667,15856106.751,15859420.196,16941088,1,false
idle,668,15876922.231,15879590.776,16961940,1,false
idle,669,15897113.347,15900184.123,16982048,1,false
idle,670,15917764.350,15920163.530,17002672,1,false
idle,671,15938472.129,15940627.699,17023368,1,false
idle,672,15958820.558,15961083.311,17043696,1,false
idle,673,15979373.341,15981649.007,17064228,1,false
idle,674,15999840.005,16002084.110,17084676,1,false
idle,675,16020249.272,16022485.657,17105068,1,false
idle,676,16040693.396,16043022.383,17125488,1,false
idle,677,16061231.833,16063485.568,17146000,1,false
idle,678,16081673.955,16083958.290,17166424,1,false
idle,679,16102165.559,16104475.555,17186904,1,false
idle,680,16122700.551,16124917.571,17207412,1,false
idle,681,16143155.230,16145328.197,17227848,1,false
idle,682,16163523.190,16165903.484,17248196,1,false
idle,683,16184177.504,16186379.284,17268828,1,false
idle,684,16204586.526,16206798.057,17289224,1,false
idle,685,16224989.653,16227317.603,17309612,1,false
idle,686,16245521.602,16247734.213,17330120,1,false
idle,687,16266047.442,16268322.890,17350616,1,false
idle,688,16286545.563,16288647.824,17371096,1,false
idle,689,16306905.242,16309248.479,17391444,1,false
idle,690,16327449.240,16329699.054,17411960,1,false
idle,691,16347912.847,16350202.962,17432412,1,false
idle,692,16368438.215,16370689.937,17452916,1,false
idle,693,16388880.030,16391135.679,17473340,1,false
idle,694,16409641.089,16411656.209,17494072,1,false
idle,695,16429884.510,16432106.756,17514292,1,false
idle,696,16450623.485,16452582.138,17535020,1,false
idle,697,16470823.439,16473033.307,17555192,1,false
idle,698,16491254.959,16493568.632,17575608,1,false
idle,699,16511799.034,16514062.081,17596136,1,false
idle,700,16532280.152,16534482.647,17616596,1,false
idle,701,16552704.938,16555054.023,17637000,1,false
idle,702,16573283.860,16575474.554,17657560,1,false
idle,703,16593696.170,16596000.799,17677948,1,false
idle,704,16614241.256,16616795.141,17698476,1,false
idle,705,16635337.580,16636935.957,17719528,1,false
idle,706,16656181.935,16661343.377,17740376,1,false
idle,707,16676584.670,16681792.010,17760760,1,false
idle,708,16697008.072,16698253.681,17781164,1,false
idle,709,16717449.049,16718742.706,17801580,1,false
idle,710,16737949.921,16739250.668,17822096,1,false
idle,711,16758470.190,16759619.650,17842568,1,false
idle,712,16779097.089,16784691.244,17863164,1,false
idle,713,16800336.466,16804954.686,17884368,1,false
idle,714,16820405.429,16825324.027,17904440,1,false
idle,715,16840472.456,16846153.439,17924484,1,false
idle,716,16861357.449,16866352.607,17945348,1,false
idle,717,16881961.388,16886747.327,17965952,1,false
idle,718,16902967.435,16907372.055,17986940,1,false
idle,719,16923617.297,16928010.095,18007552,1,false
idle,720,16944594.969,16948501.964,18028504,1,false
idle,721,16965060.459,16968771.260,18048948,1,false
idle,722,16985170.057,16989124.697,18069036,1,false
idle,723,17005401.140,17009621.739,18089252,1,false
idle,724,17025938.142,17030126.348,18109816,1,false
idle,725,17046633.298,17050639.482,18130444,1,false
idle,726,17066880.419,17071470.678,18150676,1,false
idle,727,17087909.511,17092078.431,18171684,1,false
idle,728,17108391.900,17112359.636,18192144,1,false
idle,729,17128810.059,17132878.290,18212540,1,false
idle,730,17149196.817,17153208.301,18232904,1,false
idle,731,17169499.459,17173444.954,18253192,1,false
idle,732,17189727.362,17194364.708,18273408,1,false
idle,733,17209793.171,17214780.869,18293440,1,false
idle,734,17230342.909,17235207.157,18313956,1,false
idle,735,17250611.872,17255911.644,18334224,1,false
idle,736,17271402.530,17275879.289,18354988,1,false
idle,737,17292098.385,17296369.664,18375668,1,false
idle,738,17312545.466,17316770.936,18396096,1,false
idle,739,17333029.290,17337247.580,18416560,1,false
idle,740,17353487.990,17357706.349,18437000,1,false
idle,741,17373890.699,17378355.631,18457388,1,false
idle,742,17394672.005,17399407.508,18478140,1,false
idle,743,17415655.415,17419226.087,18499100,1,false
idle,744,17436562.925,17439683.653,18519988,1,false
idle,745,17456859.451,17460085.276,18540272,1,false
idle,746,17477242.272,17480566.261,18560632,1,false
idle,747,17498002.301,17501500.892,18581368,1,false
idle,748,17518942.752,17522104.414,18602332,1,false
idle,749,17539568.354,17542437.912,18622896,1,false
idle,750,17559622.302,17562888.220,18642932,1,false
idle,751,17580161.494,17583036.328,18663448,1,false
idle,752,17600171.830,17603461.710,18683440,1,false
idle,753,17620653.457,17623989.639,18703900,1,false
idle,754,17641197.545,17644501.926,18724432,1,false
idle,755,17661686.110,17665003.178,18744896,1,false
idle,756,17682189.802,17685426.881,18765380,1,false
idle,757,17702625.328,17705851.400,18785792,1,false
idle,758,17723042.937,17726355.808,18806188,1,false
idle,759,17743541.990,17747403.655,18826676,1,false
idle,760,17763791.979,17767908.357,18846896,1,false
idle,761,17784418.908,17788260.829,18867508,1,false
idle,762,17804775.227,17808735.294,18887840,1,false
idle,763,17825331.356,17829119.099,18908360,1,false
idle,764,17845616.488,17849921.669,18928648,1,false
idle,765,17866229.790,17870096.670,18949232,1,false
idle,766,17886508.484,17890542.434,18969500,1,false
idle,767,17907022.911,17911323.769,18989988,1,false
idle,768,17927858.626,17931251.130,19010812,1,false
idle,769,17948764.637,17951823.887,19031692,1,false
idle,770,17969059.756,17972073.947,19051968,1,false
idle,771,17989513.398,17992996.106,19072400,1,false
idle,772,18010539.152,18013530.547,19093408,1,false
idle,773,18031048.361,18034090.184,19113900,1,false
idle,774,18051580.163,18054467.551,19134408,1,false
idle,775,18071868.054,18074823.956,19154680,1,false
idle,776,18092285.258,18095382.150,19175076,1,false
idle,777,18112613.278,18115858.932,19195384,1,false
idle,778,18133240.457,18136124.732,19215992,1,false
idle,779,18153242.713,18156484.393,19235976,1,false
idle,780,18173678.836,18176864.000,19256392,1,false
idle,781,18194066.216,18197345.669,19276756,1,false
idle,782,18214528.446,18217730.673,19297196,1,false
idle,783,18234880.875,18238234.321,19317524,1,false
idle,784,18255756.332,18258780.089,19338380,1,false
idle,785,18275979.963,18279229.095,19358588,1,false
idle,786,18296422.154,18299724.429,19379012,1,false
idle,787,18316905.895,18320213.811,19399472,1,false
idle,788,18337421.302,18340649.196,19419972,1,false
idle,789,18357865.729,18361254.422,19440388,1,false
idle,790,18378464.468,18382156.053,19460968,1,false
idle,791,18399370.506,18402118.041,19481856,1,false
idle,792,18420317.342,18422601.416,19502776,1,false
idle,793,18440792.912,18443047.860,19523236,1,false
idle,794,18461244.861,18463544.562,19543672,1,false
idle,795,18481742.937,18483955.971,19564148,1,false
idle,796,18502149.967,18504514.349,19584540,1,false
idle,797,18522699.693,18524908.169,19605060,1,false
idle,798,18543102.274,18545401.501,19625452,1,false
idle,799,18563572.653,18565855.052,19645896,1,false
idle,800,18584034.830,18586400.425,19666340,1,false
idle,801,18604544.367,18606806.223,19686836,1,false
idle,802,18624959.445,18627343.419,19707248,1,false
idle,803,18645503.004,18647784.552,19727744,1,false
idle,804,18665969.696,18668263.713,19748204,1,false
idle,805,18686410.180,18688748.496,19768616,1,false
idle,806,18706899.991,18709217.436,19789088,1,false
idle,807,18727379.701,18729795.920,19809548,1,false
idle,808,18747981.544,18750393.992,19830136,1,false
idle,809,18768609.644,18770655.997,19850736,1,false
idle,810,18788899.192,18791124.686,19871008,1,false
idle,811,18809328.948,18811545.585,19891404,1,false
idle,812,18829712.217,18832050.075,19911780,1,false
idle,813,18850204.031,18852677.677,19932252,1,false
idle,814,18870830.681,18873110.266,19952852,1,false
idle,815,18891254.716,18893583.506,19973264,1,false
idle,816,18911794.225,18914141.002,19993776,1,false
idle,817,18932348.252,18934650.093,20014316,1,false
idle,818,18952839.739,18955165.055,20034780,1,false
idle,819,18973353.807,18975658.783,20055276,1,false
idle,820,18993851.820,18996082.539,20075756,1,false
idle,821,19014295.450,19016916.234,20096180,1,false
idle,822,19035397.724,19037116.046,20117260,1,false
idle,823,19056340.912,19061609.401,20138188,1,false
idle,824,19076800.418,19082064.261,20158632,1,false
idle,825,19097253.489,19102537.116,20179060,1,false
idle,826,19117731.452,19123024.965,20199516,1,false
idle,827,19138543.983,19143478.787,20220304,1,false
idle,828,19158576.910,19159758.541,20240316,1,false
idle,829,19178938.560,19180462.633,20260704,1,false
idle,830,19199632.890,19204965.620,20281332,1,false
idle,831,19220127.737,19225298.396,20301808,1,false
idle,832,19240447.235,19241744.470,20322108,1,false
idle,833,19261264.573,19266416.801,20342908,1,false
idle,834,19281603.835,19286778.399,20363228,1,false
idle,835,19301978.180,19303193.699,20383588,1,false
idle,836,19322361.048,19323686.976,20403948,1,false
idle,837,19342880.816,19344170.304,20424452,1,false
idle,838,19363412.631,19364467.176,20444956,1,false
idle,839,19383614.216,19385083.958,20465140,1,false
idle,840,19404383.664,19405605.720,20485888,1,false
idle,841,19424809.990,19425978.306,20506288,1,false
idle,842,19445192.359,19446677.266,20526656,1,false
idle,843,19465875.990,19471143.351,20547316,1,false
idle,844,19486457.385,19491598.708,20567876,1,false
idle,845,19506832.035,19512102.051,20588232,1,false
idle,846,19527303.489,19532537.344,20608688,1,false
idle,847,19547721.853,19548956.909,20629088,1,false
idle,848,19568154.152,19569425.177,20649500,1,false
idle,849,19588627.788,19589989.611,20669952,1,false
idle,850,19609208.807,19614384.097,20690516,1,false
idle,851,19629559.032,19630762.599,20710844,1,false
idle,852,19649955.479,19651286.610,20731236,1,false
idle,853,19670795.997,19676328.746,20752040,1,false
idle,854,19691623.507,19696893.870,20772844,1,false
idle,855,19712393.508,19717261.913,20793596,1,false
idle,856,19732659.767,19737951.086,20813852,1,false
idle,857,19753251.669,19758287.765,20834412,1,false
idle,858,19773885.162,19778795.838,20855032,1,false
idle,859,19794393.931,19799403.765,20875520,1,false
idle,860,19814696.043,19819842.544,20895796,1,false
idle,861,19835299.832,19840153.709,20916380,1,false
idle,862,19855692.968,19860348.277,20936740,1,false
idle,863,19876542.303,19881105.278,20957588,1,false
idle,864,19897622.942,19901533.603,20978644,1,false
idle,865,19917939.404,19922097.529,20998976,1,false
idle,866,19938577.331,19942600.060,21019560,1,false
idle,867,19959166.604,19963406.012,21040124,1,false
idle,868,19980026.541,19983591.354,21060964,1,false
idle,869,20000961.341,20003720.316,21081896,1,false
idle,870,20021116.883,20024472.752,21102020,1,false
idle,871,20041751.468,20044975.573,21122632,1,false
idle,872,20062532.601,20065500.219,21143396,1,false
idle,873,20083106.682,20085952.552,21163940,1,false
idle,874,20103368.460,20106271.267,21184184,1,false
idle,875,20123863.106,20127365.505,21204664,1,false
idle,876,20144801.976,20147399.538,21225580,1,false
idle,877,20165897.327,20168105.421,21246656,1,false
idle,878,20186545.625,20188349.184,21267280,1,false
idle,879,20207661.797,20212314.158,21288380,1,false
idle,880,20228488.422,20232801.235,21309188,1,false
idle,881,20248971.220,20253258.436,21329652,1,false
idle,882,20269410.302,20273835.729,21350068,1,false
idle,883,20289982.479,20294276.782,21370620,1,false
idle,884,20310552.031,20314956.102,21391168,1,false
idle,885,20331192.541,20335397.703,21411784,1,false
idle,886,20351875.063,20356251.253,21432452,1,false
idle,887,20372474.645,20376445.503,21453028,1,false
idle,888,20392617.315,20396681.516,21473152,1,false
idle,889,20412879.282,20417248.054,21493412,1,false
idle,890,20433770.739,20438167.188,21514268,1,false
idle,891,20454480.205,20458670.042,21534956,1,false
idle,892,20475286.272,20479382.405,21555744,1,false
idle,893,20495552.235,20499153.237,21575984,1,false
idle,894,20516313.755,20519577.677,21596728,1,false
idle,895,20537118.483,20540642.827,21617512,1,false
idle,896,20557932.166,20560513.228,21638348,1,false
idle,897,20578679.080,20581010.616,21659036,1,false
idle,898,20599178.749,20601497.264,21679516,1,false
idle,899,20619654.824,20621991.798,21699968,1,false
idle,900,20640157.650,20642449.685,21720452,1,false
idle,901,20660613.372,20662950.928,21740892,1,false
idle,902,20681112.062,20683407.521,21761372,1,false
idle,903,20701571.811,20703982.344,21781804,1,false
idle,904,20722153.506,20724418.645,21802368,1,false
idle,905,20742580.783,20744939.359,21822776,1,false
idle,906,20763089.177,20765384.991,21843264,1,false
idle,907,20783525.792,20785805.608,21863684,1,false
idle,908,20803946.636,20806222.246,21884104,1,false
idle,909,20824364.202,20826798.688,21904476,1,false
idle,910,20844975.873,20847362.906,21925072,1,false
idle,911,20865549.917,20867801.247,21945624,1,false
idle,912,20885996.337,20888248.405,21966048,1,false
idle,913,20906441.363,20908774.283,21986472,1,false
idle,914,20926978.985,20929322.481,22006996,1,false
idle,915,20947506.824,20949728.510,22027500,1,false
idle,916,20967971.960,20970215.873,22047944,1,false
idle,917,20988406.080,20990615.842,22068360,1,false
idle,918,21008799.897,21011137.021,22088736,1,false
idle,919,21029302.861,21031517.985,22109216,1,false
idle,920,21049695.831,21052096.657,22129588,1,false
idle,921,21070271.030,21072554.008,22150152,1,false
idle,922,21090741.770,21092969.352,22170592,1,false
idle,923,21111107.713,21113432.913,22190944,1,false
idle,924,21131583.080,21134024.973,22211396,1,false
idle,925,21152199.165,21154508.065,22231996,1,false
idle,926,21172648.806,21175027.023,22252424,1,false
idle,927,21193190.521,21195434.867,22272948,1,false
idle,928,21213582.102,21215914.861,22293316,1,false
idle,929,21234086.951,21236363.097,22313800,1,false
idle,930,21254506.869,21256926.673,22334204,1,false
idle,931,21275091.806,21277439.916,22354776,1,false
idle,932,21295581.188,21297868.549,22375240,1,false
idle,933,21316055.524,21318348.006,22395688,1,false
idle,934,21336512.306,21338859.850,22416124,1,false
idle,935,21357053.498,21359219.050,22436644,1,false
idle,936,21377421.338,21379823.260,22456996,1,false
idle,937,21398145.596,21400702.439,22477700,1,false
idle,938,21418947.641,21420779.849,22498504,1,false
idle,939,21440012.751,21441675.381,22519524,1,false
idle,940,21460101.352,21462144.648,22539588,1,false
idle,941,21480741.906,21482425.406,22560208,1,false
idle,942,21501671.181,21506849.682,22581120,1,false
idle,943,21522070.816,21527285.466,22601496,1,false
idle,944,21542491.999,21547804.014,22621908,1,false
idle,945,21563020.621,21568319.397,22642412,1,false
idle,946,21583531.523,21588763.897,22662904,1,false
idle,947,21603974.801,21609274.657,22683324,1,false
idle,948,21624464.002,21629707.375,22703796,1,false
idle,949,21645334.066,21650524.887,22724632,1,false
idle,950,21666092.535,21671366.559,22745384,1,false
idle,951,21686861.908,21691677.952,22766128,1,false
idle,952,21706878.789,21711643.226,22786144,1,false
idle,953,21727857.505,21732101.402,22807092,1,false
idle,954,21748322.660,21752585.767,22827520,1,false
idle,955,21768799.981,21773076.319,22847992,1,false
idle,956,21789318.138,21793550.288,22868480,1,false
idle,957,21809800.010,21814057.730,22888948,1,false
idle,958,21830277.055,21834490.831,22909404,1,false
idle,959,21850687.764,21854976.044,22929796,1,false
idle,960,21871145.649,21875380.194,22950244,1,false
idle,961,21891528.843,21895832.018,22970596,1,false
idle,962,21911993.307,21916296.931,22991044,1,false
idle,963,21932438.214,21936958.619,23011468,1,false
idle,964,21953143.713,21957388.654,23032152,1,false
idle,965,21973563.646,21977788.006,23052552,1,false
idle,966,21993977.987,21998181.794,23072944,1,false
idle,967,22014358.815,22018650.281,23093312,1,false
idle,968,22034856.114,22039247.174,23113784,1,false
idle,969,22055433.923,22059705.885,23134348,1,false
idle,970,22075881.031,22080192.474,23154784,1,false
idle,971,22096358.331,22100728.858,23175228,1,false
idle,972,22116909.648,22121091.018,23195816,1,false
idle,973,22137265.816,22141582.356,23216092,1,false
idle,974,22157763.072,22162182.401,23236568,1,false
idle,975,22178355.014,22182576.446,23257144,1,false
idle,976,22198759.102,22203099.243,23277528,1,false
idle,977,22219312.097,22223572.071,23298060,1,false
idle,978,22239754.586,22244040.331,23318484,1,false
idle,979,22260228.093,22264497.236,23338940,1,false
idle,980,22280688.086,22284962.098,23359380,1,false
idle,981,22301157.993,22305459.935,23379824,1,false
idle,982,22321643.247,22325933.174,23400296,1,false
idle,983,22342119.001,22346410.422,23420744,1,false
idle,984,22362578.359,22366824.035,23441192,1,false
idle,985,22382989.000,22387289.126,23461576,1,false
idle,986,22403450.183,22407763.664,23482024,1,false
idle,987,22423952.977,22428329.696,23502516,1,false
idle,988,22444516.773,22448814.230,23523048,1,false
idle,989,22465014.573,22469331.917,23543520,1,false
idle,990,22485511.595,22489699.813,23564000,1,false
idle,991,22505895.773,22510230.181,23584368,1,false
idle,992,22526416.167,22530659.629,23604868,1,false
idle,993,22546842.608,22551173.104,23625272,1,false
idle,994,22567359.480,22571618.716,23645764,1,false
idle,995,22587801.228,22592214.469,23666192,1,false
idle,996,22608409.929,22612631.508,23686780,1,false
idle,997,22628814.699,22633071.850,23707164,1,false
idle,998,22649260.442,22653599.852,23727588,1,false
idle,999,22669791.793,22674036.644,23748100,1,false
idle,1000,22690226.992,22694469.371,23768516,1,false
idle,1001,22710626.234,22714923.963,23788900,1,false
idle,1002,22731075.368,22735550.986,23809328,1,false
idle,1003,22751774.389,22755975.597,23830000,1,false
idle,1004,22772171.101,22776374.508,23850376,1,false
idle,1005,22792563.744,22796950.808,23870752,1,false
idle,1006,22813144.044,22817426.319,23891316,1,false
idle,1007,22833624.022,22837874.971,23911776,1,false
idle,1008,22854140.704,22858834.880,23932264,1,false
idle,1009,22875115.682,22879039.178,23953228,1,false
idle,1010,22895587.357,22900016.745,23973676,1,false
idle,1011,22916477.418,22920238.187,23994540,1,false
idle,1012,22936661.862,22940757.437,24014708,1,false
idle,1013,22957323.295,22961458.019,24035344,1,false
idle,1014,22978176.706,22981584.392,24056184,1,false
idle,1015,22999289.416,23001945.730,24077276,1,false
idle,1016,23019461.376,23022735.984,24097420,1,false
idle,1017,23040302.104,23042766.064,24118244,1,false
idle,1018,23061246.583,23063253.403,24139164,1,false
idle,1019,23081451.334,23083646.226,24159356,1,false
idle,1020,23101843.858,23104193.615,24179736,1,false
idle,1021,23122361.422,23124603.663,24200228,1,false
idle,1022,23142800.719,23145095.424,24220652,1,false
idle,1023,23163297.153,23165551.200,24241124,1,false
idle,1024,23183742.511,23186077.286,24261548,1,false
idle,1025,23204282.551,23206533.347,24282068,1,false
idle,1026,23224727.604,23227046.277,24302492,1,false
idle,1027,23245244.398,23247628.513,24322988,1,false
idle,1028,23265823.835,23268053.953,24343556,1,false
idle,1029,23286250.420,23288583.307,24363952,1,false
idle,1030,23306778.194,23308932.336,24384460,1,false
idle,1031,23327469.834,23329527.785,24405132,1,false
idle,1032,23347717.455,23350001.384,24425360,1,false
idle,1033,23368202.779,23370356.403,24445824,1,false
idle,1034,23388700.065,23390935.159,24466308,1,false
idle,1035,23409135.218,23411408.596,24486724,1,false
idle,1036,23429601.807,23431897.358,24507168,1,false
idle,1037,23450092.354,23452414.356,24527644,1,false
idle,1038,23470608.062,23472839.267,24548132,1,false
idle,1039,23491047.478,23493358.104,24568552,1,false
idle,1040,23511553.123,23513720.190,24589044,1,false
idle,1041,23531914.227,23534286.606,24609428,1,false
idle,1042,23552463.959,23554674.494,24629912,1,false
idle,1043,23572876.099,23575183.658,24650296,1,false
idle,1044,23593362.827,23596155.383,24670764,1,false
idle,1045,23613666.367,23616203.009,24691048,1,false
idle,1046,23634363.523,23636672.049,24711728,1,false
idle,1047,23654869.052,23657172.358,24732228,1,false
idle,1048,23675365.370,23677626.974,24752692,1,false
idle,1049,23695822.333,23698096.228,24773124,1,false
idle,1050,23716292.774,23718661.238,24793580,1,false
idle,1051,23736871.918,23739065.909,24814148,1,false
idle,1052,23757253.588,23759614.423,24834500,1,false
idle,1053,23777809.380,23780360.208,24855036,1,false
idle,1054,23798821.252,23800579.765,24876024,1,false
idle,1055,23819770.357,23825096.122,24896956,1,false
idle,1056,23840333.657,23845521.392,24917488,1,false
idle,1057,23860707.491,23866019.004,24937852,1,false
idle,1058,23881212.403,23886524.965,24958340,1,false
idle,1059,23901712.746,23906860.632,24978820,1,false
idle,1060,23922332.106,23927427.709,24999400,1,false
idle,1061,23942624.800,23947729.165,25019684,1,false
idle,1062,23962887.060,23964204.338,25039932,1,false
idle,1063,23983338.667,23984651.137,25060372,1,false
idle,1064,24003849.293,24005225.807,25080856,1,false
idle,1065,24024428.304,24025683.214,25101412,1,false
idle,1066,24044886.966,24046205.322,25121852,1,false
idle,1067,24065368.912,24066670.360,25142312,1,false
idle,1068,24085859.427,24087130.392,25162780,1,false
idle,1069,24106339.270,24107570.656,25183248,1,false
idle,1070,24126737.777,24128098.611,25203624,1,false
idle,1071,24147275.293,24148462.063,25224132,1,false
idle,1072,24167610.982,24168957.490,25244456,1,false
idle,1073,24188120.865,24189431.439,25264948,1,false
idle,1074,24208576.403,24209895.273,25285376,1,false
idle,1075,24229173.893,24230405.055,25305956,1,false
idle,1076,24249571.221,24250874.929,25326332,1,false
idle,1077,24270065.623,24271365.749,25346804,1,false
idle,1078,24290524.265,24291854.362,25367248,1,false
idle,1079,24311026.015,24312353.678,25387724,1,false
idle,1080,24331516.190,24332806.010,25408196,1,false
idle,1081,24352002.128,24353262.265,25428660,1,false
idle,1082,24372407.775,24373779.143,25449044,1,false
idle,1083,24392946.468,24394207.847,25469588,1,false
idle,1084,24413342.637,24414714.743,25489944,1,false
idle,1085,24433884.893,24435110.654,25510468,1,false
idle,1086,24454284.677,24455609.119,25530848,1,false
idle,1087,24474788.399,24476066.685,25551328,1,false
idle,1088,24495280.340,24496531.931,25571804,1,false
idle,1089,24515707.424,24517083.369,25592208,1,false
idle,1090,24536242.805,24537589.351,25612728,1,false
idle,1091,24556770.585,24558109.647,25633232,1,false
idle,1092,24577274.737,24578576.417,25653716,1,false
idle,1093,24597748.407,24599055.146,25674172,1,false
idle,1094,24618214.848,24619505.249,25694620,1,false
idle,1095,24638670.994,24639986.231,25715056,1,false
idle,1096,24659143.578,24660474.782,25735508,1,false
idle,1097,24679634.853,24680959.894,25755976,1,false
idle,1098,24700122.255,24701424.052,25776448,1,false
idle,1099,24720590.985,24721920.855,25796896,1,false
idle,1100,24741119.670,24742493.350,25817400,1,false
idle,1101,24761653.032,24762956.483,25837916,1,false
idle,1102,24782175.677,24783478.496,25858420,1,false
idle,1103,24802782.180,24808162.181,25879008,1,false
idle,1104,24823367.280,24828423.333,25899572,1,false
idle,1105,24843640.540,24844969.277,25919824,1,false
idle,1106,24864195.021,24869575.328,25940352,1,false
idle,1107,24884790.183,24889940.640,25960932,1,false
idle,1108,24905185.757,24910435.804,25981304,1,false
idle,1109,24925654.350,24930865.364,26001760,1,false
idle,1110,24946063.765,24947225.559,26022140,1,false
idle,1111,24966341.754,24967734.553,26042404,1,false
idle,1112,24987191.816,24992362.489,26063236,1,false
idle,1113,25007550.529,25012805.015,26083572,1,false
idle,1114,25028038.834,25033088.475,26104036,1,false
idle,1115,25048291.444,25049715.601,26124268,1,false
idle,1116,25068913.574,25074251.579,26144932,1,false
idle,1117,25089437.276,25090656.949,26165376,1,false
idle,1118,25110082.417,25115359.450,26186004,1,false
idle,1119,25130834.067,25135704.020,26206732,1,false
idle,1120,25151880.771,25156605.152,26227760,1,false
idle,1121,25171975.580,25177348.661,26247840,1,false
idle,1122,25192828.477,25197141.768,26268668,1,false
idle,1123,25213359.696,25217433.652,26289176,1,false
idle,1124,25233601.372,25238533.534,26309400,1,false
idle,1125,25253729.328,25259364.710,26329508,1,false
idle,1126,25273770.199,25279449.369,26349532,1,false
idle,1127,25293849.217,25295694.209,26369588,1,false
idle,1128,25314140.456,25316141.298,26389864,1,false
idle,1129,25334602.663,25336501.103,26410300,1,false
idle,1130,25354613.217,25356777.728,26430296,1,false
idle,1131,25374963.368,25377224.499,26450628,1,false
idle,1132,25395416.926,25397793.472,26471060,1,false
idle,1133,25415986.278,25418335.096,26491604,1,false
idle,1134,25436524.844,25438864.825,26512128,1,false
idle,1135,25457062.197,25459331.493,26532648,1,false
idle,1136,25477851.963,25479792.685,26553408,1,false
idle,1137,25497997.324,25500275.383,26573536,1,false
idle,1138,25518501.545,25520757.497,26594020,1,false
idle,1139,25538942.792,25541274.908,26614464,1,false
idle,1140,25559742.694,25561728.636,26635224,1,false
idle,1141,25579929.528,25582606.271,26655420,1,false
idle,1142,25600864.470,25602625.403,26676304,1,false
idle,1143,25621841.454,25623101.378,26697256,1,false
idle,1144,25642316.446,25643615.869,26717708,1,false
idle,1145,25662805.337,25664090.181,26738188,1,false
idle,1146,25683283.568,25684585.775,26758644,1,false
idle,1147,25703777.336,25705090.288,26779116,1,false
idle,1148,25724623.141,25729637.865,26799940,1,false
idle,1149,25744842.175,25750082.992,26820140,1,false
idle,1150,25765279.865,25770567.736,26840556,1,false
idle,1151,25785753.329,25791029.827,26861012,1,false
idle,1152,25806227.419,25811473.862,26881468,1,false
idle,1153,25826667.832,25827906.550,26901884,1,false
idle,1154,25847110.072,25848431.492,26922312,1,false
idle,1155,25867896.930,25873059.283,26943144,1,false
idle,1156,25888576.554,25893486.904,26963736,1,false
idle,1157,25908614.627,25913922.247,26983756,1,false
idle,1158,25929137.730,25934329.478,27004252,1,false
idle,1159,25949782.001,25955298.567,27024876,1,false
idle,1160,25970784.032,25975931.269,27045856,1,false
idle,1161,25991418.565,25996243.294,27066472,1,false
idle,1162,26012600.314,26016218.297,27087640,1,false
idle,1163,26033412.524,26036592.612,27108428,1,false
idle,1164,26053744.996,26057056.406,27128744,1,false
idle,1165,26074206.009,26077566.720,27149184,1,false
idle,1166,26094734.633,26098158.259,27169688,1,false
idle,1167,26115334.054,26118503.289,27190264,1,false
idle,1168,26135676.138,26139027.615,27210592,1,false
idle,1169,26156176.910,26159456.120,27231072,1,false
idle,1170,26176604.227,26179942.025,27251480,1,false
idle,1171,26197113.545,26200495.448,27271968,1,false
idle,1172,26217669.326,26220946.796,27292508,1,false
idle,1173,26238245.577,26241525.037,27313064,1,false
idle,1174,26258703.420,26261990.225,27333504,1,false
idle,1175,26279156.753,26282484.667,27353936,1,false
idle,1176,26299647.520,26302983.118,27374408,1,false
idle,1177,26320178.484,26323453.948,27394916,1,false
idle,1178,26340660.712,26344004.499,27415376,1,false
idle,1179,26361198.086,26364441.300,27435896,1,false
idle,1180,26381609.665,26384898.825,27456284,1,false
idle,1181,26402098.150,26405356.661,27476756,1,false
idle,1182,26422515.592,26425864.831,27497152,1,false
idle,1183,26443048.558,26446376.741,27517668,1,false
idle,1184,26463536.999,26466786.728,27538136,1,false
idle,1185,26484001.311,26487241.314,27558584,1,false
idle,1186,26504420.901,26507692.006,27578976,1,false
idle,1187,26524881.112,26528177.553,27599412,1,false
idle,1188,26545361.613,26548691.304,27619880,1,false
idle,1189,26565900.786,26569218.687,27640460,1,false
idle,1190,26586419.704,26589600.534,27660896,1,false
idle,1191,26606864.056,26610103.647,27681336,1,false
idle,1192,26627316.922,26630569.517,27701752,1,false
idle,1193,26647789.319,26651106.805,27722204,1,false
idle,1194,26668284.767,26671519.116,27742684,1,false
idle,1195,26688666.266,26692005.106,27763036,1,false
idle,1196,26709174.752,26712471.304,27783532,1,false
idle,1197,26729619.355,26733083.729,27803956,1,false
idle,1198,26750318.875,26753478.514,27824624,1,false
idle,1199,26770674.634,26773844.300,27844968,1,false
idle,1200,26791073.458,26794331.851,27865360,1,false
idle,1201,26811515.434,26814792.123,27885768,1,false
idle,1202,26831997.033,26835347.553,27906228,1,false
idle,1203,26852520.926,26855854.638,27926740,1,false
idle,1204,26873067.745,26876245.677,27947268,1,false
idle,1205,26893402.803,26896819.247,27967576,1,false
idle,1206,26913970.677,26917246.624,27988128,1,false
idle,1207,26934409.294,26937736.884,28008540,1,false
idle,1208,26954900.720,26958232.099,28029076,1,false
idle,1209,26975475.109,26978698.758,28049568,1,false
idle,1210,26995860.009,26999185.184,28069948,1,false
idle,1211,27016335.067,27019689.972,28090392,1,false
idle,1212,27036853.028,27040135.791,28110892,1,false
idle,1213,27057287.163,27060635.976,28131300,1,false
idle,1214,27077812.446,27081236.155,28151812,1,false
idle,1215,27098759.672,27101833.759,28172732,1,false
idle,1216,27119158.325,27122374.085,28193112,1,false
idle,1217,27139860.006,27142866.414,28213792,1,false
idle,1218,27160418.798,27163861.283,28234328,1,false
idle,1219,27181451.313,27183678.948,28255348,1,false
idle,1220,27202236.183,27204416.727,28276108,1,false
idle,1221,27223017.717,27225363.294,28296872,1,false
idle,1222,27243843.110,27245101.388,28317672,1,false
idle,1223,27264298.540,27265585.726,28338112,1,false
idle,1224,27284824.438,27290056.398,28358624,1,false
idle,1225,27305321.789,27311221.370,28379084,1,false
idle,1226,27325665.890,27327379.652,28399416,1,false
idle,1227,27346600.885,27351616.169,28420328,1,false
idle,1228,27367104.912,27372515.543,28440816,1,false
idle,1229,27388110.119,27393325.407,28461796,1,false
idle,1230,27408817.648,27413384.146,28482484,1,false
idle,1231,27429855.414,27434009.475,28503504,1,false
idle,1232,27450537.798,27454177.697,28524160,1,false
idle,1233,27470595.092,27474838.091,28544196,1,false
idle,1234,27491403.327,27494956.893,28564988,1,false
idle,1235,27512163.559,27515380.902,28585728,1,false
idle,1236,27532571.689,27535899.349,28606132,1,false
idle,1237,27553395.795,27556355.389,28626920,1,false
idle,1238,27573609.514,27576841.080,28647120,1,false
idle,1239,27594025.833,27597259.832,28667508,1,false
idle,1240,27614745.406,27617843.994,28688196,1,false
idle,1241,27635042.834,27638275.950,28708488,1,false
idle,1242,27655479.268,27658777.723,28728904,1,false
idle,1243,27675963.927,27679820.972,28749368,1,false
idle,1244,27696000.204,27700075.169,28769388,1,false
idle,1245,27716616.392,27720238.505,28789976,1,false
idle,1246,27737439.746,27740676.400,28810784,1,false
idle,1247,27757868.313,27761151.621,28831208,1,false
idle,1248,27778547.355,27781662.427,28851856,1,false
idle,1249,27798860.132,27802070.032,28872160,1,false
idle,1250,27819271.909,27822574.854,28892540,1,false
idle,1251,27839761.392,27843032.551,28913008,1,false
idle,1252,27860489.417,27863571.310,28933716,1,false
idle,1253,27880764.221,27884057.281,28953972,1,false
idle,1254,27901275.108,27904488.575,28974468,1,false
idle,1255,27921960.097,27925271.545,28995128,1,false
idle,1256,27942555.929,27945822.138,29015700,1,false
idle,1257,27963408.916,27966081.842,29036536,1,false
idle,1258,27984509.535,27986630.859,29057620,1,false
idle,1259,28004831.582,28006967.778,29077920,1,false
idle,1260,28025177.965,28027320.647,29098248,1,false
idle,1261,28045498.347,28047832.496,29118544,1,false
idle,1262,28066012.632,28068251.160,29139036,1,false
idle,1263,28086423.817,28088737.490,29159436,1,false
idle,1264,28106916.383,28109252.968,29179936,1,false
idle,1265,28127442.406,28129732.915,29200412,1,false
idle,1266,28147892.923,28150159.564,29220908,1,false
idle,1267,28168341.328,28170635.033,29241268,1,false
idle,1268,28188783.880,28191092.859,29261688,1,false
idle,1269,28209238.221,28211568.278,29282124,1,false
idle,1270,28229720.638,28232098.829,29302584,1,false
idle,1271,28250268.112,28252617.740,29323112,1,false
idle,1272,28270789.828,28273073.278,29343612,1,false
idle,1273,28291218.709,28293474.423,29364020,1,false
idle,1274,28311629.247,28314045.960,29384416,1,false
idle,1275,28332191.349,28334455.580,29404960,1,false
idle,1276,28352597.449,28354861.965,29425340,1,false
idle,1277,28373042.959,28375313.951,29445768,1,false
idle,1278,28393459.589,28395803.236,29466172,1,false
idle,1279,28413943.931,28416299.777,29486636,1,false
idle,1280,28434450.646,28436751.909,29507116,1,false
idle,1281,28454898.483,28457223.990,29527608,1,false
idle,1282,28475334.000,28477715.701,29547960,1,false
idle,1283,28496376.108,28498709.167,29568984,1,false
idle,1284,28517266.239,28519235.259,29589848,1,false
idle,1285,28537782.183,28539626.409,29610348,1,false
idle,1286,28558036.611,28559866.619,29630576,1,false
idle,1287,28578363.428,28580669.551,29650864,1,false
idle,1288,28599245.710,28600793.273,29671752,1,false
idle,1289,28620018.930,28621233.742,29692504,1,false
idle,1290,28640435.547,28641694.273,29712900,1,false
idle,1291,28660876.224,28662187.219,29733324,1,false
idle,1292,28681490.145,28686759.286,29753912,1,false
idle,1293,28701932.155,28703213.133,29774356,1,false
idle,1294,28722413.814,28723612.194,29794800,1,false
idle,1295,28742796.091,28744174.820,29815160,1,false
idle,1296,28763366.394,28764562.177,29835712,1,false
idle,1297,28783746.928,28785087.350,29856068,1,false
idle,1298,28804283.874,28805705.910,29876584,1,false
idle,1299,28824915.138,28830010.418,29897232,1,false
idle,1300,28845182.507,28846404.405,29917444,1,false
idle,1301,28865555.083,28866888.888,29937800,1,false
idle,1302,28886045.051,28887359.302,29958268,1,false
idle,1303,28906503.024,28907868.043,29978708,1,false
idle,1304,28927009.258,28928430.214,29999196,1,false
idle,1305,28947581.727,28948872.978,30019744,1,false
idle,1306,28968021.065,28969349.439,30040164,1,false
idle,1307,28988507.057,28989771.702,30060624,1,false
idle,1308,29008913.590,29010284.695,30081056,1,false
idle,1309,29029442.050,29030773.172,30101532,1,false
idle,1310,29049949.236,29051227.904,30122020,1,false
idle,1311,29070334.562,29071737.827,30142380,1,false
idle,1312,29091186.921,29096279.115,30163212,1,false
idle,1313,29111440.082,29112685.365,30183452,1,false
idle,1314,29131832.086,29133134.486,30203812,1,false
idle,1315,29152319.663,29153706.762,30224276,1,false
idle,1316,29172882.510,29174200.802,30244892,1,false
idle,1317,29193360.529,29194659.470,30265280,1,false
idle,1318,29213834.533,29215098.879,30285732,1,false
idle,1319,29234264.515,29235461.038,30306144,1,false
idle,1320,29254625.343,29255916.825,30326488,1,false
idle,1321,29275080.167,29276393.662,30346928,1,false
idle,1322,29295553.002,29296885.202,30367380,1,false
idle,1323,29316027.630,29317436.473,30387836,1,false
idle,1324,29336669.977,29338070.526,30408448,1,false
idle,1325,29357264.137,29358553.120,30429028,1,false
idle,1326,29377722.030,29379010.404,30449460,1,false
idle,1327,29398197.219,29399507.864,30469928,1,false
idle,1328,29418697.172,29419986.668,30490400,1,false
idle,1329,29439174.235,29440462.954,30510852,1,false
idle,1330,29459637.774,29460997.346,30531296,1,false
idle,1331,29480182.553,29485520.752,30551828,1,false
idle,1332,29500719.039,29505953.976,30572340,1,false
idle,1333,29521185.988,29526498.108,30592784,1,false
idle,1334,29541699.403,29546923.682,30613284,1,false
idle,1335,29562118.543,29567530.722,30633684,1,false
idle,1336,29583113.775,29588277.391,30654656,1,false
idle,1337,29603597.948,29608598.845,30675124,1,false
idle,1338,29623808.027,29628950.375,30695312,1,false
idle,1339,29644152.890,29649318.272,30715636,1,false
idle,1340,29664500.007,29669820.150,30735960,1,false
idle,1341,29685004.819,29690289.872,30756444,1,false
idle,1342,29705508.265,29710760.569,30776928,1,false
idle,1343,29725951.158,29731254.043,30797356,1,false
idle,1344,29746445.241,29751695.992,30817824,1,false
idle,1345,29767156.876,29772539.520,30838520,1,false
idle,1346,29787764.484,29793333.534,30859108,1,false
idle,1347,29808633.282,29813623.362,30879956,1,false
idle,1348,29828896.004,29834019.611,30900256,1,false
idle,1349,29849510.422,29854484.293,30920792,1,false
idle,1350,29870068.574,29875356.916,30941328,1,false
idle,1351,29890843.339,29895479.033,30962076,1,false
idle,1352,29910926.443,29915635.946,30982168,1,false
idle,1353,29931919.756,29936049.686,31003152,1,false
idle,1354,29952295.462,29956534.794,31023472,1,false
idle,1355,29972721.729,29977042.931,31043880,1,false
idle,1356,29993248.897,29997465.999,31064388,1,false
idle,1357,30013653.051,30017952.581,31084772,1,false
idle,1358,30034135.536,30038462.830,31105232,1,false
idle,1359,30054657.037,30058779.228,31125740,1,false
idle,1360,30074955.213,30079361.566,31146020,1,false
idle,1361,30095575.860,30099782.499,31166620,1,false
idle,1362,30115977.591,30120342.274,31186996,1,false
idle,1363,30136541.980,30140808.030,31207544,1,false
idle,1364,30156990.822,30161251.036,31227968,1,false
idle,1365,30177450.353,30181716.526,31248416,1,false
idle,1366,30197901.203,30202144.564,31268892,1,false
idle,1367,30218312.899,30222614.205,31289232,1,false
idle,1368,30238769.379,30243128.231,31309668,1,false
idle,1369,30259273.216,30263579.045,31330156,1,false
idle,1370,30279743.451,30284244.108,31350608,1,false
idle,1371,30300395.999,30304615.337,31371236,1,false
idle,1372,30320784.632,30325186.743,31391600,1,false
idle,1373,30341426.636,30345628.129,31412232,1,false
idle,1374,30361796.084,30366009.521,31432576,1,false
idle,1375,30382200.810,30386557.599,31452964,1,false
idle,1376,30402748.139,30407104.248,31473484,1,false
idle,1377,30423301.614,30427613.385,31494020,1,false
idle,1378,30443804.189,30448074.007,31514508,1,false
idle,1379,30464264.713,30468518.887,31534940,1,false
idle,1380,30484711.250,30488987.031,31555372,1,false
idle,1381,30505186.399,30509509.679,31575824,1,false
idle,1382,30525703.461,30529888.462,31596324,1,false
idle,1383,30546054.639,30550409.252,31616648,1,false
idle,1384,30566561.649,30570886.227,31637140,1,false
idle,1385,30587035.584,30591332.233,31657596,1,false
idle,1386,30607472.842,30611812.210,31678008,1,false
idle,1387,30627969.436,30632347.189,31698484,1,false
idle,1388,30648564.016,30652829.488,31719072,1,false
idle,1389,30669032.502,30673255.251,31739516,1,false
idle,1390,30689443.599,30693770.747,31759904,1,false
idle,1391,30709967.649,30714248.934,31780408,1,false
idle,1392,30730524.070,30734788.915,31800944,1,false
idle,1393,30751040.014,30755018.739,31821444,1,false
idle,1394,30771199.190,30775510.162,31841580,1,false
idle,1395,30791663.084,30796166.897,31862020,1,false
idle,1396,30812601.742,30817332.931,31882936,1,false
idle,1397,30832750.393,30837477.799,31903064,1,false
idle,1398,30852953.842,30858022.112,31923252,1,false
idle,1399,30873351.166,30878486.086,31943624,1,false
idle,1400,30893970.866,30899363.339,31964224,1,false
idle,1401,30914857.640,30919412.794,31985096,1,false
idle,1402,30935691.928,30940023.420,32005924,1,false
idle,1403,30956462.779,30960340.959,32026664,1,false
idle,1404,30976812.103,30981082.312,32046988,1,false
idle,1405,30997570.392,31001356.549,32067724,1,false
idle,1406,31017838.813,31022071.685,32087972,1,false
idle,1407,31038379.790,31042271.379,32108500,1,false
idle,1408,31058651.649,31062586.401,32128748,1,false
idle,1409,31078793.702,31082980.088,32148872,1,false
idle,1410,31099175.977,31103385.828,32169236,1,false
idle,1411,31119575.500,31123846.878,32189612,1,false
idle,1412,31140038.700,31144285.360,32210060,1,false
idle,1413,31160434.679,31164663.012,32230432,1,false
idle,1414,31180840.929,31185144.083,32250816,1,false
idle,1415,31201354.246,31205604.562,32271312,1,false
idle,1416,31221798.353,31226133.512,32291736,1,false
idle,1417,31242338.847,31246562.532,32312256,1,false
idle,1418,31262755.276,31267098.063,32332656,1,false
idle,1419,31283294.235,31287537.073,32353168,1,false
idle,1420,31303735.379,31308076.131,32373588,1,false
idle,1421,31324357.597,31328553.969,32394196,1,false
idle,1422,31344753.573,31348947.173,32414572,1,false
idle,1423,31365141.491,31369474.018,32434944,1,false
idle,1424,31385661.008,31389946.512,32455436,1,false
idle,1425,31406134.655,31410342.514,32475892,1,false
idle,1426,31426533.782,31430855.946,32496272,1,false
idle,1427,31447045.409,31451356.282,32516760,1,false
idle,1428,31467542.893,31471812.051,32537240,1,false
idle,1429,31488007.724,31492325.000,32557688,1,false
idle,1430,31508594.759,31513224.111,32578256,1,false
idle,1431,31529452.759,31533486.639,32599084,1,false
idle,1432,31549742.674,31554155.103,32619364,1,false
idle,1433,31570483.028,31574504.042,32640076,1,false
idle,1434,31590685.994,31594789.778,32660272,1,false
idle,1435,31610974.966,31615223.958,32680536,1,false
idle,1436,31631416.387,31635675.567,32700960,1,false
idle,1437,31651861.107,31656089.261,32721384,1,false
idle,1438,31672253.578,31676570.828,32741748,1,false
idle,1439,31692734.673,31697502.566,32762212,1,false
idle,1440,31713718.656,31717781.481,32783176,1,false
idle,1441,31734004.252,31738119.423,32803436,1,false
idle,1442,31754291.804,31758479.820,32823708,1,false
idle,1443,31774623.633,31779005.576,32844016,1,false
idle,1444,31795147.279,31799429.868,32864524,1,false
idle,1445,31815607.133,31819996.366,32884960,1,false
idle,1446,31836190.697,31840455.877,32905536,1,false
idle,1447,31856632.107,31860968.465,32925948,1,false
idle,1448,31877161.090,31881472.689,32946460,1,false
idle,1449,31897651.567,31901830.980,32966924,1,false
idle,1450,31918024.098,31922436.057,32987284,1,false
idle,1451,31938681.110,31942851.299,33007916,1,false
idle,1452,31959061.624,31963347.029,33028280,1,false
idle,1453,31979538.902,31983997.162,33048736,1,false
idle,1454,32000583.371,32004981.881,33069764,1,false
idle,1455,32021442.439,32025194.211,33090592,1,false
idle,1456,32041633.377,32045616.881,33110764,1,false
idle,1457,32061884.657,32066137.539,33131064,1,false
idle,1458,32082652.841,32086636.281,33151748,1,false
idle,1459,32102981.798,32107371.438,33172052,1,false
idle,1460,32123861.185,32127908.614,33192912,1,false
idle,1461,32144539.441,32148231.660,33213572,1,false
idle,1462,32164653.913,32168604.995,33233664,1,false
idle,1463,32185123.280,32189411.516,33254120,1,false
idle,1464,32205987.914,32209871.017,33274960,1,false
idle,1465,32226062.842,32229682.383,33295020,1,false
idle,1466,32246866.753,32250284.195,33315800,1,false
idle,1467,32267494.118,32270691.930,33336404,1,false
idle,1468,32287884.364,32291791.551,33356840,1,false
idle,1469,32308249.328,32312073.386,33377128,1,false
idle,1470,32328501.757,32332489.308,33397356,1,false
idle,1471,32348719.152,32353340.412,33417556,1,false
idle,1472,32368744.810,32373004.814,33437556,1,false
idle,1473,32389184.627,32393469.429,33457984,1,false
idle,1474,32409643.778,32413985.033,33478412,1,false
idle,1475,32430144.463,32434473.470,33498904,1,false
idle,1476,32450621.022,32454955.353,33519352,1,false
idle,1477,32471101.962,32475452.274,33539820,1,false
idle,1478,32491601.783,32495900.700,33560292,1,false
idle,1479,32512046.252,32516292.631,33580720,1,false
idle,1480,32532452.659,32536722.643,33601104,1,false
idle,1481,32552870.896,32557178.275,33621572,1,false
idle,1482,32573340.610,32577655.104,33641960,1,false
idle,1483,32593831.388,32598240.186,33662420,1,false
idle,1484,32614431.284,32618718.447,33683008,1,false
idle,1485,32634912.304,32639156.084,33703496,1,false
idle,1486,32655353.043,32659673.349,33723884,1,false
idle,1487,32675856.066,32680146.685,33744380,1,false
idle,1488,32696358.554,32700598.052,33764852,1,false
idle,1489,32716803.326,32721092.314,33785280,1,false
idle,1490,32737284.462,32741605.412,33805732,1,false
idle,1491,32757789.663,32762105.062,33826224,1,false
idle,1492,32778301.599,32782443.120,33846712,1,false
idle,1493,32798633.760,32803050.896,33867024,1,false
idle,1494,32819256.561,32823681.312,33887624,1,false
idle,1495,32839871.621,32844052.455,33908300,1,false
idle,1496,32860241.871,32864568.382,33928572,1,false
idle,1497,32880746.011,32885031.221,33949064,1,false
idle,1498,32901252.830,32905582.847,33969548,1,false
idle,1499,32921772.383,32926007.418,33990048,1,false
idle,1500,32942229.536,32946463.269,34010484,1,false
idle,1501,32962642.877,32966987.313,34030872,1,false
idle,1502,32983226.596,32987461.627,34051444,1,false
idle,1503,33003925.002,33008000.059,34072132,1,false
idle,1504,33024392.199,33028219.340,34092568,1,false
idle,1505,33045340.456,33048751.985,34113496,1,false
idle,1506,33065919.947,33069232.869,34134072,1,false
idle,1507,33086409.030,33089702.370,34154520,1,false
idle,1508,33106881.364,33110150.575,34175040,1,false
idle,1509,33127482.937,33130719.241,34195548,1,false
idle,1510,33147908.988,33151181.439,34215996,1,false
idle,1511,33168358.829,33171780.466,34236396,1,false
idle,1512,33188967.865,33192173.330,34256976,1,false
idle,1513,33209355.785,33212786.033,34277348,1,false
idle,1514,33229992.837,33233207.790,34297968,1,false
idle,1515,33250410.099,33253611.396,34318364,1,false
idle,1516,33270828.792,33274066.903,34338764,1,false
idle,1517,33291260.599,33294585.718,34359176,1,false
idle,1518,33311771.654,33315096.246,34379664,1,false
idle,1519,33332297.365,33335608.760,34400172,1,false
idle,1520,33352809.933,33356009.464,34420660,1,false
idle,1521,33373202.617,33376503.661,34441032,1,false
idle,1522,33393689.688,33396961.941,34461504,1,false
idle,1523,33414150.907,33417491.971,34481944,1,false
idle,1524,33434718.818,33437811.051,34502492,1,false
idle,1525,33455019.157,33458453.852,34522772,1,false
idle,1526,33475646.749,33478996.484,34543372,1,false
idle,1527,33496208.295,33499358.756,34563916,1,false
idle,1528,33516541.009,33519923.809,34584228,1,false
idle,1529,33537117.663,33540235.060,34604788,1,false
idle,1530,33557424.851,33560848.360,34625076,1,false
idle,1531,33578038.775,33581330.732,34645668,1,false
idle,1532,33598518.518,33601754.697,34666128,1,false
idle,1533,33618967.292,33622257.105,34686556,1,false
idle,1534,33639449.437,33642647.199,34707016,1,false
idle,1535,33659829.672,33663117.063,34727384,1,false
idle,1536,33680325.216,33683639.004,34747844,1,false
idle,1537,33700829.340,33704009.403,34768336,1,false
idle,1538,33721159.729,33724482.280,34788652,1,false
idle,1539,33741642.962,33745016.660,34809112,1,false
idle,1540,33762176.909,33765438.010,34829624,1,false
idle,1541,33782602.331,33785916.069,34850032,1,false
idle,1542,33803074.167,33806485.048,34870492,1,false
idle,1543,33823641.673,33826983.428,34891032,1,false
idle,1544,33844172.353,33847673.214,34911540,1,false
idle,1545,33864847.810,33868073.783,34932200,1,false
idle,1546,33885269.965,33888543.347,34952600,1,false
idle,1547,33905729.986,33909023.746,34973036,1,false
idle,1548,33926234.516,33929361.047,34993524,1,false
idle,1549,33946588.748,33949974.234,35013864,1,false
idle,1550,33967184.028,33970503.600,35034436,1,false
idle,1551,33987680.799,33990960.679,35054912,1,false
idle,1552,34008155.962,34011337.552,35075368,1,false
idle,1553,34028534.412,34031890.767,35095720,1,false
idle,1554,34049087.112,34052370.679,35116260,1,false
idle,1555,34069547.576,34072905.789,35136696,1,false
idle,1556,34090112.338,34093401.914,35157240,1,false
idle,1557,34110584.867,34113852.757,35177700,1,false
idle,1558,34131044.996,34134291.391,35198132,1,false
idle,1559,34151461.446,34154738.822,35218528,1,false
idle,1560,34171900.052,34175235.414,35238992,1,false
idle,1561,34192417.431,34195715.211,35259448,1,false
idle,1562,34212881.389,34216112.568,35279956,1,false
idle,1563,34233342.652,34236516.646,35300332,1,false
idle,1564,34253690.248,34257085.742,35320660,1,false
idle,1565,34274278.062,34277543.565,35341224,1,false
idle,1566,34294706.598,34297988.745,35361636,1,false
idle,1567,34315187.832,34318510.834,35382100,1,false
idle,1568,34335673.781,34339071.738,35402560,1,false
idle,1569,34356294.643,34359459.097,35423156,1,false
idle,1570,34376655.012,34379919.195,35443504,1,false
idle,1571,34397125.312,34400500.466,35463956,1,false
idle,1572,34417706.125,34420946.776,35484520,1,false
idle,1573,34438142.566,34441353.038,35504928,1,false
idle,1574,34458557.392,34461909.196,35525332,1,false
idle,1575,34479102.645,34482362.378,35545848,1,false
idle,1576,34499559.387,34502860.104,35566288,1,false
idle,1577,34520071.058,34523550.357,35586780,1,false
idle,1578,34540735.091,34543809.819,35607424,1,false
idle,1579,34560965.501,34564328.048,35627636,1,false
idle,1580,34581486.668,34584765.886,35648132,1,false
idle,1581,34601923.607,34605222.144,35668564,1,false
idle,1582,34622334.107,34625699.652,35688948,1,false
idle,1583,34643145.402,34646605.558,35709732,1,false
idle,1584,34663857.941,34666933.798,35730428,1,false
idle,1585,34684323.808,34687834.235,35750860,1,false
idle,1586,34705343.532,34708081.666,35771860,1,false
idle,1587,34725410.575,34728624.719,35791908,1,false
idle,1588,34746136.413,34748742.663,35812620,1,false
idle,1589,34766144.864,34769492.839,35832616,1,false
idle,1590,34787001.362,34789620.182,35853448,1,false
idle,1591,34807025.631,34810101.307,35873448,1,false
idle,1592,34827303.030,34830530.218,35893716,1,false
idle,1593,34847734.808,34851064.870,35914128,1,false
idle,1594,34868265.040,34871520.335,35934636,1,false
idle,1595,34888709.238,34892391.645,35955056,1,false
idle,1596,34908790.928,34913327.054,35975120,1,false
idle,1597,34929795.254,34932960.207,35996104,1,false
idle,1598,34950157.554,34953992.466,36016440,1,false
idle,1599,34970416.153,34974280.587,36036684,1,false
idle,1600,34990665.970,34994784.698,36056908,1,false
idle,1601,35011341.413,35014892.000,36077548,1,false
idle,1602,35032093.168,35035395.742,36098300,1,false
idle,1603,35052582.592,35055826.352,36118768,1,false
idle,1604,35073062.392,35076357.626,36139228,1,false
idle,1605,35093575.328,35096791.922,36159724,1,false
idle,1606,35113987.670,35117829.242,36180112,1,false
idle,1607,35134413.331,35138156.418,36200516,1,false
idle,1608,35154647.618,35158666.886,36220736,1,false
idle,1609,35175352.972,35178915.405,36241416,1,false
idle,1610,35196627.529,35199785.197,36262672,1,false
idle,1611,35217052.272,35219627.567,36283084,1,false
idle,1612,35237819.553,35240126.390,36303824,1,false
idle,1613,35258581.010,35261291.573,36324560,1,false
idle,1614,35278712.261,35281508.909,36344672,1,false
idle,1615,35298907.560,35301943.532,36364884,1,false
idle,1616,35319231.763,35322353.750,36385156,1,false
idle,1617,35339573.830,35342545.744,36405480,1,false
idle,1618,35359721.920,35362943.381,36425608,1,false
idle,1619,35380095.291,35383388.507,36445960,1,false
idle,1620,35400535.913,35403874.187,36466384,1,false
idle,1621,35421020.358,35424362.503,36486844,1,false
idle,1622,35441582.264,35445363.662,36507384,1,false
idle,1623,35461712.780,35466028.045,36527496,1,false
idle,1624,35482496.955,35485968.436,36548264,1,false
idle,1625,35503177.443,35506397.156,36568928,1,false
idle,1626,35523605.642,35526872.235,36589328,1,false
idle,1627,35544089.825,35547374.936,36609792,1,false
idle,1628,35564609.484,35567901.022,36630296,1,false
idle,1629,35585474.335,35588693.542,36651140,1,false
idle,1630,35605958.583,35608816.449,36671604,1,false
idle,1631,35627039.938,35629269.901,36692660,1,false
idle,1632,35647751.419,35650101.733,36713352,1,false
idle,1633,35668534.640,35670553.555,36734120,1,false
idle,1634,35688829.752,35691353.724,36754396,1,false
idle,1635,35709904.872,35711847.294,36775476,1,false
idle,1636,35730381.111,35732059.508,36795900,1,false
idle,1637,35750597.685,35752167.347,36816072,1,false
idle,1638,35771350.405,35772620.995,36836832,1,false
idle,1639,35791812.047,35793094.338,36857276,1,false
idle,1640,35812617.610,35817646.943,36878060,1,false
idle,1641,35832868.895,35838125.646,36898360,1,false
idle,1642,35853351.192,35859337.074,36918752,1,false
idle,1643,35873804.396,35879678.062,36939184,1,false
idle,1644,35894082.486,35895878.963,36959444,1,false
idle,1645,35914379.934,35916415.820,36979728,1,false
idle,1646,35934949.644,35936849.490,37000268,1,false
idle,1647,35955083.004,35957340.280,37020388,1,false
idle,1648,35975847.958,35978016.966,37041140,1,false
idle,1649,35996400.206,35998341.176,37061660,1,false
idle,1650,36016673.960,36018696.207,37081920,1,false
idle,1651,36037037.613,36039290.308,37102256,1,false
idle,1652,36057532.035,36059406.565,37122736,1,false
idle,1653,36077535.835,36079702.756,37142720,1,false
idle,1654,36097874.229,36100202.096,37163100,1,false
idle,1655,36118340.740,36120628.607,37183496,1,false
idle,1656,36138803.542,36141112.793,37203928,1,false
idle,1657,36159273.274,36161619.127,37224376,1,false
idle,1658,36179880.807,36182183.929,37245016,1,false
idle,1659,36200359.834,36202623.512,37265428,1,false
idle,1660,36220822.222,36223105.977,37285864,1,false
idle,1661,36241328.088,36243586.272,37306344,1,false
idle,1662,36261767.082,36263982.178,37326768,1,false
idle,1663,36282154.495,36284457.791,37347140,1,false
idle,1664,36302666.937,36304952.394,37367632,1,false
idle,1665,36323116.894,36325441.905,37388060,1,false
idle,1666,36343599.402,36345943.324,37408520,1,false
idle,1667,36364110.076,36366378.732,37429024,1,false
idle,1668,36384548.116,36386866.795,37449436,1,false
idle,1669,36405033.477,36407410.454,37469896,1,false
idle,1670,36425574.103,36427884.110,37490420,1,false
idle,1671,36446052.927,36448418.143,37510880,1,false
idle,1672,36466623.201,36468762.325,37531428,1,false
idle,1673,36486941.980,36489263.443,37551724,1,false
idle,1674,36507460.328,36509840.091,37572220,1,false
idle,1675,36528019.672,36530326.361,37592760,1,false
idle,1676,36548526.748,36550751.604,37613248,1,false
idle,1677,36568936.834,36571248.757,37633636,1,false
idle,1678,36589468.896,36591668.021,37654148,1,false
idle,1679,36609832.568,36612129.088,37674496,1,false
idle,1680,36630314.063,36632605.834,37694952,1,false
idle,1681,36650784.052,36653095.599,37715408,1,false
idle,1682,36671264.548,36673577.908,37735864,1,false
idle,1683,36691843.907,36694106.444,37756432,1,false
idle,1684,36712283.432,36714521.616,37776840,1,false
idle,1685,36732714.688,36735015.106,37797260,1,false
idle,1686,36753205.962,36755395.595,37817724,1,false
idle,1687,36773568.299,36775888.744,37838076,1,false
idle,1688,36794068.994,36796385.310,37858548,1,false
idle,1689,36814540.267,36816849.867,37879004,1,false
idle,1690,36835037.484,36837341.090,37899480,1,false
idle,1691,36855502.717,36857834.452,37919928,1,false
idle,1692,36876021.768,36878367.217,37940420,1,false
idle,1693,36896543.776,36898822.865,37960932,1,false
idle,1694,36916998.091,36919223.650,37981360,1,false
idle,1695,36937444.226,36939752.156,38001784,1,false
idle,1696,36957945.627,36960234.110,38022264,1,false
idle,1697,36978410.110,36980690.253,38042716,1,false
idle,1698,36998870.120,37001171.743,38063220,1,false
idle,1699,37019359.756,37021744.374,38083624,1,false
idle,1700,37039938.458,37042133.773,38104180,1,false
idle,1701,37060303.366,37062609.402,38124520,1,false
idle,1702,37080766.192,37083094.692,38144968,1,false
idle,1703,37101260.177,37103566.058,38165440,1,false
idle,1704,37121753.174,37124061.614,38185916,1,false
idle,1705,37142219.547,37144544.276,38206356,1,false
idle,1706,37162706.312,37165013.694,38226828,1,false
idle,1707,37183187.470,37185505.249,38247288,1,false
idle,1708,37203662.734,37206071.099,38267748,1,false
idle,1709,37224254.119,37226452.866,38288312,1,false
idle,1710,37244619.075,37246916.950,38308656,1,false
idle,1711,37265116.681,37267507.920,38329140,1,false
idle,1712,37285715.848,37287962.362,38349720,1,false
idle,1713,37306203.064,37308488.677,38370188,1,false
idle,1714,37326676.108,37328925.775,38390640,1,false
idle,1715,37347092.662,37349379.747,38411028,1,false
idle,1716,37367567.837,37369873.948,38431488,1,false
idle,1717,37388046.765,37390368.368,38451956,1,false
idle,1718,37408573.949,37410937.713,38472456,1,false
idle,1719,37429114.293,37431455.155,38492980,1,false
idle,1720,37449664.124,37451867.213,38513504,1,false
idle,1721,37470062.737,37472353.668,38533884,1,false
idle,1722,37490572.231,37492729.223,38554368,1,false
idle,1723,37510928.271,37513195.199,38574708,1,false
idle,1724,37531368.597,37533724.099,38595136,1,false
idle,1725,37551909.416,37554194.710,38615668,1,false
idle,1726,37572342.838,37574607.268,38636064,1,false
idle,1727,37592781.462,37595097.390,38656480,1,false
idle,1728,37613300.309,37615724.030,38676980,1,false
idle,1729,37633919.184,37636157.401,38697588,1,false
idle,1730,37654362.143,37656648.607,38717996,1,false
idle,1731,37675222.764,37677733.425,38738840,1,false
idle,1732,37695967.385,37697647.531,38759568,1,false
idle,1733,37716859.518,37722181.602,38780512,1,false
idle,1734,37737367.281,37738591.541,38800924,1,false
idle,1735,37757789.554,37759010.431,38821328,1,false
idle,1736,37778463.699,37783971.504,38841984,1,false
idle,1737,37799565.321,37804635.998,38863056,1,false
idle,1738,37819907.812,37825258.863,38883404,1,false
idle,1739,37840502.908,37845029.786,38903960,1,false
idle,1740,37861240.247,37865570.361,38924676,1,false
idle,1741,37881802.791,37885984.621,38945216,1,false
idle,1742,37902195.122,37906708.786,38965592,1,false
idle,1743,37922920.316,37926931.490,38986300,1,false
idle,1744,37943190.573,37947456.819,39006552,1,false
idle,1745,37963636.913,37967899.912,39026972,1,false
idle,1746,37984113.571,37988430.823,39047428,1,false
idle,1747,38004633.233,38009337.239,39067924,1,false
idle,1748,38025581.711,38029996.147,39088868,1,false
idle,1749,38046444.677,38050274.410,39109696,1,false
idle,1750,38066697.069,38070449.351,39129932,1,false
idle,1751,38086849.606,38090884.316,39150068,1,false
idle,1752,38107164.650,38111980.498,39170360,1,false
idle,1753,38127540.108,38132220.547,39190716,1,false
idle,1754,38147724.413,38152696.771,39210876,1,false
idle,1755,38168085.753,38172844.006,39231216,1,false
idle,1756,38189233.602,38193839.539,39252344,1,false
idle,1757,38209331.944,38214089.141,39272404,1,false
idle,1758,38230310.290,38234006.178,39293376,1,false
idle,1759,38251261.748,38254681.352,39314312,1,false
idle,1760,38271873.962,38275148.643,39334960,1,false
idle,1761,38292316.324,38295515.515,39355328,1,false
idle,1762,38312687.565,38315978.703,39375684,1,false
idle,1763,38333138.278,38336473.864,39396120,1,false
idle,1764,38353660.427,38356953.849,39416616,1,false
idle,1765,38374116.821,38377398.498,39437056,1,false
idle,1766,38394553.174,38397932.713,39457464,1,false
idle,1767,38415080.263,38418395.560,39477972,1,false
idle,1768,38435547.068,38438877.129,39498424,1,false
idle,1769,38456012.357,38459327.826,39518868,1,false
idle,1770,38476477.782,38479795.366,39539312,1,false
idle,1771,38496947.110,38500332.615,39559760,1,false
idle,1772,38517503.937,38520790.266,39580296,1,false
idle,1773,38537944.321,38541279.454,39600724,1,false
idle,1774,38558733.898,38562249.000,39621484,1,false
idle,1775,38579729.145,38582743.232,39642464,1,false
idle,1776,38599991.549,38602851.162,39662708,1,false
idle,1777,38620003.889,38623175.309,39682696,1,false
idle,1778,38640339.972,38643715.038,39703012,1,false
idle,1779,38660896.755,38664163.521,39723584,1,false
idle,1780,38681323.883,38684639.415,39743956,1,false
idle,1781,38701799.975,38705107.694,39764412,1,false
idle,1782,38722319.926,38725606.778,39784908,1,false
idle,1783,38742822.267,38746066.404,39805396,1,false
idle,1784,38763226.767,38766522.840,39825780,1,false
idle,1785,38783690.625,38787049.617,39846220,1,false
idle,1786,38804218.793,38807473.622,39866732,1,false
idle,1787,38824636.538,38827896.623,39887132,1,false
idle,1788,38845059.710,38848366.671,39907532,1,false
idle,1789,38865535.200,38868846.157,39927984,1,false
idle,1790,38886022.405,38889521.277,39948452,1,false
idle,1791,38906685.097,38909815.821,39969100,1,false
idle,1792,38926976.620,38930290.919,39989376,1,false
idle,1793,38947464.482,38950758.476,40009836,1,false
idle,1794,38967946.260,38971254.643,40030296,1,false
idle,1795,38988415.009,38991733.100,40050756,1,false
idle,1796,39008921.113,39012216.343,40071240,1,false
idle,1797,39029338.521,39032685.510,40091628,1,false
idle,1798,39049854.770,39053172.214,40112196,1,false
idle,1799,39070342.338,39073648.056,40132592,1,false
idle,1800,39090803.790,39094190.413,40153036,1,false
idle,1801,39111336.988,39114599.423,40173556,1,false
idle,1802,39131759.351,39135073.350,40193956,1,false
idle,1803,39152258.490,39155596.275,40214428,1,false
idle,1804,39172765.799,39176040.055,40234920,1,false
idle,1805,39193238.738,39196609.006,40255368,1,false
idle,1806,39213804.099,39217083.408,40275920,1,false
idle,1807,39234283.140,39237613.226,40296376,1,false
idle,1808,39254813.284,39258091.735,40316884,1,false
idle,1809,39275294.549,39278640.792,40337352,1,false
idle,1810,39295827.911,39298981.720,40357880,1,false
idle,1811,39316146.160,39319478.668,40378164,1,false
idle,1812,39336628.856,39340002.894,40398620,1,false
idle,1813,39357158.683,39360417.633,40419132,1,false
idle,1814,39377570.353,39380930.850,40439520,1,false
idle,1815,39398082.771,39401407.906,40460016,1,false
idle,1816,39418556.721,39421901.290,40480472,1,false
idle,1817,39439055.545,39442329.409,40500952,1,false
idle,1818,39459510.435,39462826.921,40521384,1,false
idle,1819,39479975.978,39483356.735,40541824,1,false
idle,1820,39500532.695,39504058.621,40562364,1,false
idle,1821,39521246.681,39524253.488,40583056,1,false
idle,1822,39541416.514,39544744.869,40603216,1,false
idle,1823,39561919.171,39565233.713,40623692,1,false
idle,1824,39582428.466,39586234.571,40644180,1,false
idle,1825,39602714.448,39606748.441,40664444,1,false
idle,1826,39623021.165,39626732.498,40684728,1,false
idle,1827,39643931.277,39647136.836,40705620,1,false
idle,1828,39664349.449,39667607.977,40726024,1,false
idle,1829,39685040.624,39688524.901,40746700,1,false
idle,1830,39706006.139,39708938.597,40767632,1,false
idle,1831,39726207.035,39729242.326,40787816,1,false
idle,1832,39746443.743,39749580.017,40808032,1,false
idle,1833,39766766.576,39770089.679,40828340,1,false
idle,1834,39787277.764,39790452.494,40848832,1,false
idle,1835,39807667.642,39811541.957,40869200,1,false
idle,1836,39827979.593,39831993.948,40889488,1,false
idle,1837,39848546.940,39852490.953,40910036,1,false
idle,1838,39868787.369,39873117.054,40930256,1,false
idle,1839,39889621.527,39893384.168,40951072,1,false
idle,1840,39910640.119,39914016.979,40972064,1,false
idle,1841,39931511.456,39934361.392,40992920,1,false
idle,1842,39951577.370,39955394.538,41012960,1,false
idle,1843,39971818.123,39975264.362,41033184,1,false
idle,1844,39992720.847,39995441.801,41054044,1,false
idle,1845,40012869.212,40015934.206,41074260,1,false
idle,1846,40033399.971,40036401.155,41094704,1,false
idle,1847,40053610.484,40057218.109,41114900,1,false
idle,1848,40074579.600,40077342.481,41135844,1,false
idle,1849,40095539.452,40097803.144,41156796,1,false
idle,1850,40116368.735,40118362.628,41177600,1,false
idle,1851,40136581.008,40139041.524,41197792,1,false
idle,1852,40157508.166,40159285.810,41218696,1,false
idle,1853,40177725.445,40180059.387,41238896,1,false
idle,1854,40198349.441,40200210.223,41259496,1,false
idle,1855,40218352.752,40220570.043,41279484,1,false
idle,1856,40238768.275,40241088.742,41299872,1,false
idle,1857,40259283.959,40261584.062,41320368,1,false
idle,1858,40279786.824,40282134.002,41340860,1,false
idle,1859,40300356.090,40302545.916,41361404,1,false
idle,1860,40320733.491,40323062.722,41381764,1,false
idle,1861,40341288.361,40343564.292,41402308,1,false
idle,1862,40361762.539,40363992.820,41422752,1,false
idle,1863,40382180.307,40384485.557,41443148,1,false
idle,1864,40403018.469,40405046.298,41463960,1,false
idle,1865,40423549.982,40425563.409,41484476,1,false
idle,1866,40443770.091,40445974.557,41504680,1,false
idle,1867,40464186.099,40466447.288,41525072,1,false
idle,1868,40484651.635,40486956.256,41545520,1,false
idle,1869,40505162.991,40507416.197,41566016,1,false
idle,1870,40525617.320,40527914.404,41586444,1,false
idle,1871,40546379.431,40548400.317,41607188,1,false
idle,1872,40566866.171,40568854.913,41627712,1,false
idle,1873,40587077.630,40589280.926,41647844,1,false
idle,1874,40607478.900,40609778.062,41668224,1,false
idle,1875,40628348.824,40630290.092,41689060,1,false
idle,1876,40648507.429,40650699.686,41709216,1,false
idle,1877,40668951.304,40671807.590,41729640,1,false
idle,1878,40689235.028,40692073.890,41749900,1,false
idle,1879,40709266.579,40712561.936,41769920,1,false
idle,1880,40730055.849,40732714.629,41790680,1,false
idle,1881,40751029.486,40753269.177,41811632,1,false
idle,1882,40771462.285,40773609.734,41832048,1,false
idle,1883,40791819.272,40794058.167,41852380,1,false
idle,1884,40812258.811,40814545.207,41872804,1,false
idle,1885,40832743.718,40835012.261,41893276,1,false
idle,1886,40853229.955,40855493.389,41913732,1,false
idle,1887,40873696.311,40875958.306,41934184,1,false
idle,1888,40894169.892,40896451.325,41954636,1,false
idle,1889,40914648.951,40916921.562,41975092,1,false
idle,1890,40935128.845,40937396.169,41995552,1,false
idle,1891,40955590.490,40957876.638,42016000,1,false
idle,1892,40976086.908,40978419.341,42036468,1,false
idle,1893,40996628.102,40998841.854,42056992,1,false
idle,1894,41017062.598,41019313.928,42077412,1,false
idle,1895,41037550.317,41039822.901,42097876,1,false
idle,1896,41058031.885,41060329.707,42118340,1,false
idle,1897,41078789.615,41080789.819,42139076,1,false
idle,1898,41098989.146,41101163.033,42159252,1,false
idle,1899,41119361.856,41121657.449,42179608,1,false
idle,1900,41139860.266,41142261.173,42200152,1,false
idle,1901,41160464.550,41162762.628,42220668,1,false
idle,1902,41181088.877,41183212.566,42241280,1,false
idle,1903,41201434.459,41203586.261,42261596,1,false
idle,1904,41221798.350,41224140.042,42281944,1,false
idle,1905,41242330.342,41244559.838,42302452,1,false
idle,1906,41262727.275,41265072.260,42322836,1,false
idle,1907,41283270.703,41285589.664,42343356,1,false
idle,1908,41303813.357,41305968.967,42363884,1,false
idle,1909,41324188.027,41326499.855,42384236,1,false
idle,1910,41344691.982,41346962.321,42404716,1,false
idle,1911,41365174.820,41367412.506,42425184,1,false
idle,1912,41385601.755,41387908.323,42445584,1,false
idle,1913,41406095.903,41408398.605,42466056,1,false
idle,1914,41426589.065,41428850.373,42486536,1,false
idle,1915,41447044.551,41449377.107,42506972,1,false
idle,1916,41467564.605,41469817.914,42527472,1,false
idle,1917,41488024.043,41490301.036,42547908,1,false
idle,1918,41508519.116,41510802.606,42568380,1,false
idle,1919,41529005.299,41531231.667,42588848,1,false
idle,1920,41549416.990,41551630.298,42609248,1,false
idle,1921,41569806.169,41572118.185,42629616,1,false
idle,1922,41590288.521,41592587.914,42650076,1,false
idle,1923,41610751.830,41613066.029,42670520,1,false
idle,1924,41631220.495,41633529.115,42690964,1,false
idle,1925,41651682.367,41654023.955,42711404,1,false
idle,1926,41672181.399,41674487.203,42731884,1,false
idle,1927,41692637.464,41694973.068,42752320,1,false
idle,1928,41713123.867,41715490.162,42772788,1,false
idle,1929,41733671.430,41735989.630,42793316,1,false
idle,1930,41754191.707,41756479.328,42813816,1,false
idle,1931,41774649.682,41776903.000,42834256,1,false
idle,1932,41795126.805,41797424.745,42854708,1,false
idle,1933,41815618.037,41817856.111,42875184,1,false
idle,1934,41836033.142,41838331.037,42895580,1,false
idle,1935,41856532.342,41858802.833,42916060,1,false
idle,1936,41876952.448,41879273.987,42936452,1,false
idle,1937,41897496.491,41899837.656,42956980,1,false
idle,1938,41918020.260,41920349.496,42977480,1,false
idle,1939,41938540.144,41940719.553,42997988,1,false
idle,1940,41958899.791,41961234.351,43018344,1,false
idle,1941,41979335.404,41981714.844,43038744,1,false
idle,1942,41999886.830,42002154.376,43059300,1,false
idle,1943,42020346.862,42022672.511,43079708,1,false
idle,1944,42040832.597,42043143.534,43100184,1,false
idle,1945,42061315.621,42063704.241,43120632,1,false
idle,1946,42081881.369,42084186.917,43141216,1,false
idle,1947,42102363.058,42104691.950,43161648,1,false
idle,1948,42122875.393,42125139.744,43182184,1,false
idle,1949,42143300.354,42145536.784,43202548,1,false
idle,1950,42163688.982,42166032.040,43222908,1,false
idle,1951,42184192.889,42186501.728,43243396,1,false
idle,1952,42204677.538,42206989.208,43263864,1,false
idle,1953,42225158.963,42227454.835,43284324,1,false
idle,1954,42245614.546,42247983.739,43304756,1,false
idle,1955,42266130.798,42268422.635,43325256,1,false
idle,1956,42286573.345,42289000.154,43345676,1,false
idle,1957,42307157.031,42309446.051,43366244,1,false
idle,1958,42327592.425,42329848.481,43386656,1,false
idle,1959,42348018.622,42350428.606,43407064,1,false
idle,1960,42368614.332,42370940.883,43427636,1,false
idle,1961,42389135.642,42391488.084,43448140,1,false
idle,1962,42409676.879,42411862.718,43468660,1,false
idle,1963,42430037.419,42432485.594,43489000,1,false
idle,1964,42450671.865,42452794.851,43509616,1,false
idle,1965,42470942.399,42473259.021,43529868,1,false
idle,1966,42491408.701,42493732.849,43550320,1,false
idle,1967,42511880.442,42514205.620,43570800,1,false
idle,1968,42532333.129,42534707.706,43591196,1,false
idle,1969,42552866.407,42555167.023,43611760,1,false
idle,1970,42573345.563,42575794.487,43632168,1,false
idle,1971,42594008.939,42596291.534,43652812,1,false
idle,1972,42614762.736,42616811.799,43673540,1,false
idle,1973,42635041.657,42637789.883,43693804,1,false
idle,1974,42655222.146,42658031.750,43713964,1,false
idle,1975,42675463.677,42678546.147,43734184,1,false
idle,1976,42696079.046,42698675.874,43754776,1,false
idle,1977,42716868.501,42719053.549,43775596,1,false
idle,1978,42737222.570,42739401.642,43795888,1,false
idle,1979,42757558.826,42760017.419,43816200,1,false
idle,1980,42778210.741,42780613.102,43836828,1,false
idle,1981,42798819.976,42801059.418,43857436,1,false
idle,1982,42819253.202,42821575.423,43877840,1,false
idle,1983,42839780.371,42842059.742,43898348,1,false
idle,1984,42860261.096,42862568.480,43918800,1,false
idle,1985,42880768.481,42882942.051,43939292,1,false
idle,1986,42901143.232,42903483.877,43959644,1,false
idle,1987,42921670.403,42923935.932,43980152,1,false
idle,1988,42942135.714,42944464.366,44000596,1,false
idle,1989,42962651.412,42964892.970,44021092,1,false
idle,1990,42983093.985,42985493.475,44041512,1,false
idle,1991,43003680.410,43005885.922,44062080,1,false
idle,1992,43024089.737,43026342.381,44082468,1,false
idle,1993,43044534.771,43046842.085,44102904,1,false
idle,1994,43065060.496,43067265.137,44123404,1,false
idle,1995,43085459.579,43087807.792,44143780,1,false
idle,1996,43106014.616,43108281.396,44164316,1,false
idle,1997,43126491.506,43128756.165,44184768,1,false
idle,1998,43146955.043,43149236.048,44205212,1,false
idle,1999,43167438.114,43169697.477,44225688,1,false
idle,2000,43187897.061,43190216.353,44246136,1,false
idle,2001,43208415.696,43210676.846,44266616,1,false
idle,2002,43228863.703,43231112.617,44287096,1,false
idle,2003,43249319.549,43251693.411,44307476,1,false
idle,2004,43269898.158,43272062.522,44328052,1,false
idle,2005,43290257.007,43292550.157,44348372,1,false
idle,2006,43310736.276,43313035.922,44368836,1,false
idle,2007,43331566.818,43333609.751,44389636,1,false
idle,2008,43351811.537,43353930.248,44409872,1,false
idle,2009,43372118.408,43374428.585,44430160,1,false
idle,2010,43392611.803,43394958.185,44450632,1,false
idle,2011,43413202.755,43415486.046,44471204,1,false
idle,2012,43433679.247,43435936.903,44491656,1,false
idle,2013,43454495.493,43456436.947,44512448,1,false
idle,2014,43474883.642,43476910.790,44532856,1,false
idle,2015,43495107.338,43497345.214,44553028,1,false
idle,2016,43515538.735,43517829.165,44573432,1,false
idle,2017,43536022.819,43538334.359,44593900,1,false
idle,2018,43556532.864,43558832.242,44614396,1,false
idle,2019,43577027.689,43579318.850,44634872,1,false
idle,2020,43597507.596,43599764.314,44655324,1,false
idle,2021,43618377.954,43620610.963,44676172,1,false
idle,2022,43639085.857,43640658.263,44696868,1,false
idle,2023,43659874.249,43661161.197,44717676,1,false
idle,2024,43680357.900,43681707.785,44738096,1,false
idle,2025,43700886.819,43702225.313,44758632,1,false
idle,2026,43721416.730,43726724.631,44779112,1,false
idle,2027,43741921.305,43747207.355,44799596,1,false
idle,2028,43762354.787,43763629.205,44820016,1,false
idle,2029,43782820.242,43784089.459,44840472,1,false
idle,2030,43803691.982,43808672.363,44861308,1,false
idle,2031,43823871.991,43829126.873,44881512,1,false
idle,2032,43844332.461,43849568.744,44901904,1,false
idle,2033,43864825.071,43869908.695,44922392,1,false
idle,2034,43885099.443,43886345.023,44942644,1,false
idle,2035,43905511.059,43906846.127,44963032,1,false
idle,2036,43926296.277,43931494.166,44983796,1,false
idle,2037,43946674.355,43947795.836,45004152,1,false
idle,2038,43967045.552,43968381.301,45024500,1,false
idle,2039,43987569.585,43988896.657,45045008,1,false
idle,2040,44008105.214,44009175.400,45065524,1,false
idle,2041,44028342.179,44029621.859,45085740,1,false
idle,2042,44048806.388,44050107.393,45106188,1,false
idle,2043,44069261.990,44070585.411,45126620,1,false
idle,2044,44089765.047,44091231.192,45147096,1,false
idle,2045,44110418.815,44111781.154,45167736,1,false
idle,2046,44130968.386,44132078.896,45188264,1,false
idle,2047,44151237.412,44152560.740,45208512,1,false
idle,2048,44171710.514,44173048.133,45228960,1,false
idle,2049,44192197.621,44193496.383,45249440,1,false
idle,2050,44212677.222,44214038.163,45269892,1,false
idle,2051,44233205.508,44234489.831,45290400,1,false
idle,2052,44253659.242,44254954.967,45310840,1,false
idle,2053,44274205.184,44275547.455,45331364,1,false
idle,2054,44294749.850,44296072.395,45351884,1,false
idle,2055,44315278.124,44316523.007,45372400,1,false
idle,2056,44335734.889,44336942.607,45392832,1,false
idle,2057,44356140.845,44357496.572,45413220,1,false
idle,2058,44376693.206,44377974.252,45433752,1,false
idle,2059,44397170.652,44398475.985,45454208,1,false
idle,2060,44417668.054,44418957.641,45474688,1,false
idle,2061,44438162.534,44439381.126,45495152,1,false
idle,2062,44458580.402,44459931.591,45515556,1,false
idle,2063,44479126.578,44480333.139,45536084,1,false
idle,2064,44499878.594,44504915.571,45556844,1,false
idle,2065,44520158.636,44525384.721,45577076,1,false
idle,2066,44540575.302,44542167.754,45597472,1,false
idle,2067,44561447.558,44566459.167,45618320,1,false
idle,2068,44581996.017,44586869.226,45638856,1,false
idle,2069,44602001.719,44603231.988,45658836,1,false
idle,2070,44622430.920,44623757.026,45679248,1,false
idle,2071,44642955.983,44644116.000,45699752,1,false
idle,2072,44663323.671,44664649.436,45720092,1,false
idle,2073,44683838.707,44685172.557,45740668,1,false
idle,2074,44704365.780,44705737.534,45761100,1,false
idle,2075,44724924.502,44730202.434,45781640,1,false
idle,2076,44745366.210,44746629.594,45802064,1,false
idle,2077,44765832.179,44767048.818,45822508,1,false
idle,2078,44786251.184,44787573.778,45842908,1,false
idle,2079,44807097.583,44812125.096,45863732,1,false
idle,2080,44827337.918,44832540.501,45883948,1,false
idle,2081,44847729.698,44849376.333,45904320,1,false
idle,2082,44868648.671,44873991.212,45925224,1,false
idle,2083,44889489.157,44894285.248,45946040,1,false
idle,2084,44909769.169,44915368.731,45966304,1,false
idle,2085,44930665.635,44935392.499,45987180,1,false
idle,2086,44951731.551,44956025.128,46008224,1,false
idle,2087,44972507.244,44976116.986,46028980,1,false
idle,2088,44992615.772,44997111.965,46049064,1,false
idle,2089,45013688.357,45016975.227,46070120,1,false
idle,2090,45034192.567,45037498.362,46090604,1,false
idle,2091,45054956.178,45057922.782,46111352,1,false
idle,2092,45075130.875,45078764.329,46131500,1,false
idle,2093,45096257.041,45098928.549,46152592,1,false
idle,2094,45117151.193,45119346.615,46173492,1,false
idle,2095,45137750.629,45139864.881,46194064,1,false
idle,2096,45158051.806,45160284.316,46214340,1,false
idle,2097,45178499.420,45180793.363,46234768,1,false
idle,2098,45198991.727,45201269.847,46255244,1,false
idle,2099,45219476.164,45221675.887,46275704,1,false
idle,2100,45239888.391,45242261.612,46296120,1,false
idle,2101,45260464.235,45262686.278,46316656,1,false
idle,2102,45280873.091,45283202.750,46337076,1,false
idle,2103,45301349.127,45303650.059,46357500,1,false
idle,2104,45321855.881,45324142.951,46378044,1,false
idle,2105,45342348.292,45344741.987,46398456,1,false
idle,2106,45362903.184,45364973.690,46418996,1,false
idle,2107,45383136.161,45385434.438,46439212,1,false
idle,2108,45403605.624,45406043.873,46459652,1,false
idle,2109,45424240.481,45426556.204,46480272,1,false
idle,2110,45444738.022,45447040.269,46500748,1,false
idle,2111,45465245.033,45467502.642,46521232,1,false
idle,2112,45485714.234,45488040.199,46541684,1,false
idle,2113,45506482.894,45508823.543,46562436,1,false
idle,2114,45527234.067,45528977.771,46583160,1,false
idle,2115,45548205.481,45553552.911,46604116,1,false
idle,2116,45568743.688,45573930.517,46624636,1,false
idle,2117,45589128.492,45594358.342,46644992,1,false
idle,2118,45609550.483,45610879.515,46665400,1,false
idle,2119,45630083.696,45635548.362,46685912,1,false
idle,2120,45650741.404,45655883.762,46706556,1,false
idle,2121,45671079.036,45676332.400,46726868,1,false
idle,2122,45691805.150,45696835.148,46747576,1,false
idle,2123,45712071.482,45717427.589,46767824,1,false
idle,2124,45732635.346,45737775.521,46788364,1,false
idle,2125,45752958.899,45758065.197,46808668,1,false
idle,2126,45773238.031,45774457.379,46828928,1,false
idle,2127,45793645.453,45795085.567,46849320,1,false
idle,2128,45814265.316,45815510.099,46869912,1,false
idle,2129,45834668.298,45836004.308,46890304,1,false
idle,2130,45855460.259,45860696.073,46911064,1,false
idle,2131,45875896.681,45881056.952,46931496,1,false
idle,2132,45896285.045,45897430.764,46951856,1,false
idle,2133,45916619.878,45918001.704,46972168,1,false
idle,2134,45937288.506,45942443.449,46992820,1,false
idle,2135,45957649.987,45958864.463,47013168,1,false
idle,2136,45978071.747,45979423.353,47033560,1,false
idle,2137,45998621.946,45999917.797,47054088,1,false
idle,2138,46019129.066,46020450.725,47074580,1,false
idle,2139,46039640.369,46040677.079,47095068,1,false
idle,2140,46059855.983,46061241.784,47115316,1,false
idle,2141,46080423.521,46081644.792,47135812,1,false
idle,2142,46100835.196,46102107.116,47156268,1,false
idle,2143,46121268.762,46122595.137,47176616,1,false
idle,2144,46141750.957,46143128.911,47197084,1,false
idle,2145,46162357.236,46163745.995,47217672,1,false
idle,2146,46182946.796,46184053.892,47238236,1,false
idle,2147,46203244.172,46204565.627,47258512,1,false
idle,2148,46223789.240,46225124.612,47279036,1,false
idle,2149,46244347.828,46245702.248,47299576,1,false
idle,2150,46264896.401,46266157.905,47320112,1,false
idle,2151,46285362.697,46286585.704,47340552,1,false
idle,2152,46305779.471,46307039.234,47360956,1,false
idle,2153,46326246.731,46327544.060,47381396,1,false
idle,2154,46346736.509,46347925.296,47401868,1,false
idle,2155,46367154.201,46368429.830,47422260,1,false
idle,2156,46387623.809,46388872.152,47442704,1,false
idle,2157,46408100.204,46409413.647,47463164,1,false
idle,2158,46428613.880,46429875.863,47483656,1,false
idle,2159,46449132.843,46450491.479,47504160,1,false
idle,2160,46470006.553,46475043.836,47525016,1,false
idle,2161,46490240.395,46495419.216,47545232,1,false
idle,2162,46510612.517,46511866.399,47565584,1,false
idle,2163,46531108.822,46532370.356,47586052,1,false
idle,2164,46551560.453,46552919.124,47606488,1,false
idle,2165,46572127.623,46577385.531,47627036,1,false
idle,2166,46592575.576,46593834.929,47647468,1,false
idle,2167,46613045.713,46614281.803,47667908,1,false
idle,2168,46633402.257,46634759.915,47688252,1,false
idle,2169,46653901.242,46655138.706,47708728,1,false
idle,2170,46674295.459,46675602.342,47729108,1,false
idle,2171,46694760.159,46696264.801,47749544,1,false
idle,2172,46715454.503,46716643.113,47770220,1,false
idle,2173,46735862.146,46737148.115,47790648,1,false
idle,2174,46756359.761,46757596.699,47811084,1,false
idle,2175,46776758.961,46777973.187,47831464,1,false
idle,2176,46797139.489,46798404.212,47851824,1,false
idle,2177,46817563.654,46818892.300,47872228,1,false
idle,2178,46838038.120,46839377.341,47892684,1,false
idle,2179,46858523.801,46859946.579,47913156,1,false
idle,2180,46879097.308,46880440.626,47933704,1,false
idle,2181,46899583.623,46900870.579,47954168,1,false
idle,2182,46920026.804,46921346.092,47974596,1,false
idle,2183,46940524.530,46941858.428,47995072,1,false
idle,2184,46961021.394,46962333.236,48015548,1,false
idle,2185,46981491.830,46982785.078,48036000,1,false
idle,2186,47001941.001,47003302.094,48056424,1,false
idle,2187,47022475.222,47023678.256,48076936,1,false
idle,2188,47042856.335,47044277.674,48097348,1,false
idle,2189,47063404.645,47064708.015,48117832,1,false
idle,2190,47083865.590,47085190.540,48138312,1,false
idle,2191,47104342.469,47105689.148,48158732,1,false
idle,2192,47124849.622,47126106.136,48179268,1,false
idle,2193,47145302.353,47146650.158,48199652,1,false
idle,2194,47165809.766,47167108.188,48220148,1,false
idle,2195,47186262.971,47187616.820,48240572,1,false
idle,2196,47206782.595,47208048.833,48261068,1,false
idle,2197,47227212.696,47228503.443,48281480,1,false
idle,2198,47247681.782,47249075.565,48301932,1,false
idle,2199,47268225.212,47269533.910,48322448,1,false
idle,2200,47288692.583,47290055.265,48342896,1,false
idle,2201,47309227.267,47310498.833,48363400,1,false
idle,2202,47329663.757,47330879.989,48383828,1,false
idle,2203,47350057.631,47351458.317,48404196,1,false
idle,2204,47370602.380,47371931.756,48424728,1,false
idle,2205,47391123.738,47392464.412,48445224,1,false
idle,2206,47411632.977,47412862.010,48465716,1,false
idle,2207,47432022.331,47433375.145,48486088,1,false
idle,2208,47452535.304,47453834.365,48506584,1,false
idle,2209,47472990.306,47474386.371,48527016,1,false
idle,2210,47493588.101,47494900.115,48547592,1,false
idle,2211,47514109.738,47515352.735,48568096,1,false
idle,2212,47534533.823,47535856.110,48588496,1,false
idle,2213,47555052.628,47556360.613,48609000,1,false
idle,2214,47575538.014,47576766.600,48629464,1,false
idle,2215,47595952.210,47597287.773,48649860,1,false
idle,2216,47616471.539,47617755.758,48670360,1,false
idle,2217,47636957.460,47638232.256,48690816,1,false
idle,2218,47657410.143,47658685.607,48711256,1,false
idle,2219,47677866.594,47679204.510,48731724,1,false
idle,2220,47698363.358,47699613.487,48752168,1,false
idle,2221,47718828.740,47720068.956,48772612,1,false
idle,2222,47739269.010,47740529.109,48793032,1,false
idle,2223,47759781.037,47761109.823,48813524,1,false
idle,2224,47780329.900,47781522.056,48834048,1,false
idle,2225,47800729.905,47801991.593,48854428,1,false
idle,2226,47821222.277,47822360.604,48874904,1,false
idle,2227,47841524.304,47842916.538,48895188,1,false
idle,2228,47862137.135,47863438.476,48915780,1,false
idle,2229,47882649.398,47883950.202,48936280,1,false
idle,2230,47903144.790,47904497.287,48956756,1,false
idle,2231,47923774.126,47928949.788,48977364,1,false
idle,2232,47944133.415,47945368.208,48997692,1,false
idle,2233,47964533.477,47965723.703,49018076,1,false
idle,2234,47984903.498,47986182.394,49038424,1,false
idle,2235,48005352.058,48006661.062,49058860,1,false
idle,2236,48025826.652,48027147.796,49079316,1,false
idle,2237,48046444.472,48047825.939,49099904,1,false
idle,2238,48067045.348,48068271.681,49120488,1,false
idle,2239,48087466.225,48088798.187,49140892,1,false
idle,2240,48108008.054,48109261.630,49161408,1,false
idle,2241,48128468.412,48129735.234,49181848,1,false
idle,2242,48148965.184,48150246.808,49202328,1,false
idle,2243,48169454.986,48170668.689,49222792,1,false
idle,2244,48189895.187,48191179.457,49243224,1,false
idle,2245,48210368.726,48211644.944,49263672,1,false
idle,2246,48230849.452,48232157.611,49284184,1,false
idle,2247,48251363.819,48252615.868,49304624,1,false
idle,2248,48271824.664,48273185.559,49325076,1,false
idle,2249,48292450.887,48297619.605,49345668,1,false
idle,2250,48312832.463,48318154.191,49366100,1,false
idle,2251,48333371.163,48338660.943,49386556,1,false
idle,2252,48353851.521,48359163.719,49407068,1,false
idle,2253,48374619.141,48379621.159,49427752,1,false
idle,2254,48394848.537,48400044.000,49448028,1,false
idle,2255,48415279.595,48420511.484,49468376,1,false
idle,2256,48435725.045,48440975.387,49488808,1,false
idle,2257,48456188.822,48457402.110,49509248,1,false
idle,2258,48476632.450,48477897.471,49529672,1,false
idle,2259,48497224.469,48502448.044,49550244,1,false
idle,2260,48517656.237,48523210.904,49570652,1,false
idle,2261,48538434.844,48543472.667,49591412,1,false
idle,2262,48558694.742,48563883.896,49611652,1,false
idle,2263,48579133.790,48584355.133,49632072,1,false
idle,2264,48599546.959,48600760.405,49652472,1,false
idle,2265,48620380.049,48625388.867,49673280,1,false
idle,2266,48640900.569,48645802.605,49693772,1,false
idle,2267,48661193.268,48666277.509,49714056,1,false
idle,2268,48681494.777,48687196.291,49734336,1,false
idle,2269,48701636.832,48703679.057,49754456,1,false
idle,2270,48722280.440,48723643.507,49775076,1,false
idle,2271,48742824.161,48744051.571,49795604,1,false
idle,2272,48763282.924,48764398.943,49816036,1,false
idle,2273,48783554.542,48785076.255,49836296,1,false
idle,2274,48804264.193,48805548.877,49856992,1,false
idle,2275,48824749.500,48826044.190,49877448,1,false
idle,2276,48845300.357,48846502.340,49897984,1,false
idle,2277,48865713.971,48866966.747,49918376,1,false
idle,2278,48886195.594,48887476.480,49938840,1,false
idle,2279,48906692.037,48907951.518,49959312,1,false
idle,2280,48927157.655,48928449.536,49979760,1,false
idle,2281,48947646.521,48948893.248,50000224,1,false
idle,2282,48968135.497,48969389.855,50020696,1,false
idle,2283,48988860.277,48993977.229,50041440,1,false
idle,2284,49009181.482,49014438.524,50061700,1,false
idle,2285,49029652.981,49034910.781,50082156,1,false
idle,2286,49050130.509,49055418.943,50102608,1,false
idle,2287,49070989.050,49075869.929,50123448,1,false
idle,2288,49091015.350,49092280.499,50143460,1,false
idle,2289,49111881.121,49116858.164,50164320,1,false
idle,2290,49132090.198,49137342.992,50184492,1,false
idle,2291,49152583.865,49157786.215,50204936,1,false
idle,2292,49173016.821,49178222.475,50225384,1,false
idle,2293,49193684.537,49198777.217,50246020,1,false
idle,2294,49213999.905,49219255.166,50266316,1,false
idle,2295,49234454.451,49239688.680,50286756,1,false
idle,2296,49254914.886,49260489.859,50307192,1,false
idle,2297,49276010.318,49280706.697,50328264,1,false
idle,2298,49296937.164,49301118.628,50349172,1,false
idle,2299,49317361.661,49321667.155,50369576,1,false
idle,2300,49337924.987,49342062.201,50390124,1,false
idle,2301,49358300.825,49362601.523,50410480,1,false
idle,2302,49378808.195,49383072.268,50430972,1,false
idle,2303,49399338.395,49403456.423,50451448,1,false
idle,2304,49419658.950,49423928.857,50471772,1,false
idle,2305,49440131.254,49444502.126,50492232,1,false
idle,2306,49460729.545,49464935.123,50512808,1,false
idle,2307,49481137.345,49485446.148,50533204,1,false
idle,2308,49501651.595,49505920.996,50553688,1,false
idle,2309,49522116.959,49526382.941,50574136,1,false
idle,2310,49542595.512,49546885.688,50594596,1,false
idle,2311,49563080.824,49567351.924,50615056,1,false
idle,2312,49583613.785,49587813.407,50635572,1,false
idle,2313,49604021.062,49608299.393,50655960,1,false
idle,2314,49624509.913,49628746.559,50676428,1,false
idle,2315,49644947.348,49649243.806,50696844,1,false
idle,2316,49665462.128,49669742.802,50717336,1,false
idle,2317,49685947.215,49690130.976,50737808,1,false
idle,2318,49706342.622,49710723.079,50758180,1,false
idle,2319,49726935.083,49731170.059,50778756,1,false
idle,2320,49747367.663,49751688.836,50799164,1,false
idle,2321,49767882.948,49772159.719,50819668,1,false
idle,2322,49788363.101,49792572.499,50840124,1,false
idle,2323,49808755.069,49813058.227,50860488,1,false
idle,2324,49829260.948,49833541.778,50880988,1,false
idle,2325,49849754.085,49854038.729,50901452,1,false
idle,2326,49870235.382,49874465.941,50921920,1,false
idle,2327,49890663.109,49894954.221,50942316,1,false
idle,2328,49911162.824,49915485.516,50962796,1,false
idle,2329,49931673.640,49935830.928,50983292,1,false
idle,2330,49952016.472,49956316.643,51003616,1,false
idle,2331,49972515.190,49976862.141,51024096,1,false
idle,2332,49993067.415,49997348.749,51044624,1,false
idle,2333,50013564.184,50017941.436,51065100,1,false
idle,2334,50034194.595,50038520.577,51085708,1,false
idle,2335,50054740.398,50058893.711,51106232,1,false
idle,2336,50075105.391,50079360.343,51126584,1,false
idle,2337,50095576.799,50099842.733,51147032,1,false
idle,2338,50116118.271,50120316.285,51167552,1,false
idle,2339,50136516.995,50140797.997,51187928,1,false
idle,2340,50157013.415,50161247.776,51208416,1,false
idle,2341,50177442.055,50181723.951,51228816,1,false
idle,2342,50198196.018,50202220.476,51249548,1,false
idle,2343,50218426.030,50222772.508,51269764,1,false
idle,2344,50238985.780,50243183.879,51290300,1,false
idle,2345,50259433.128,50263663.395,51310728,1,false
idle,2346,50279892.971,50284143.574,51331168,1,false
idle,2347,50300367.779,50304648.001,51351620,1,false
idle,2348,50320860.872,50325231.771,51372132,1,false
idle,2349,50341353.144,50345595.098,51392572,1,false
idle,2350,50361773.238,50366103.869,51412968,1,false
idle,2351,50382371.332,50386587.620,51433548,1,false
idle,2352,50402789.872,50407085.794,51453948,1,false
idle,2353,50423292.951,50427579.630,51474428,1,false
idle,2354,50443777.599,50448010.985,51494888,1,false
idle,2355,50464354.390,50468515.500,51515440,1,false
idle,2356,50484817.320,50488965.270,51535896,1,false
idle,2357,50505164.201,50509443.834,51556220,1,false
idle,2358,50525777.739,50529935.862,51576804,1,false
idle,2359,50546185.647,50550480.960,51597200,1,false
idle,2360,50566760.161,50571072.614,51617744,1,false
idle,2361,50587445.083,50591425.786,51638416,1,false
idle,2362,50607622.845,50611847.921,51658580,1,false
idle,2363,50628029.160,50632272.034,51678960,1,false
idle,2364,50648454.352,50652741.119,51699364,1,false
idle,2365,50668938.356,50673267.593,51719836,1,false
idle,2366,50689504.857,50693732.505,51740384,1,false
idle,2367,50709911.910,50714223.900,51760768,1,false
idle,2368,50730419.760,50734631.854,51781252,1,false
idle,2369,50750806.329,50755163.435,51801624,1,false
idle,2370,50771707.070,50775672.298,51822500,1,false
idle,2371,50791910.917,50796166.812,51842684,1,false
idle,2372,50812372.320,50816586.072,51863124,1,false
idle,2373,50832776.095,50837137.125,51883504,1,false
idle,2374,50853699.003,50857563.785,51904408,1,false
idle,2375,50873698.722,50878370.247,51924388,1,false
idle,2376,50893836.024,50898539.656,51944576,1,false
idle,2377,50914746.707,50919319.565,51965396,1,false
idle,2378,50935814.504,50939508.697,51986452,1,false
idle,2379,50955951.030,50960035.365,52006564,1,false
idle,2380,50976549.021,50980444.404,52027136,1,false
idle,2381,50996853.095,51000938.308,52047464,1,false
idle,2382,51017381.599,51021398.468,52067932,1,false
idle,2383,51037899.480,51042255.070,52088428,1,false
idle,2384,51058794.185,51062529.996,52109304,1,false
idle,2385,51079738.055,51082824.257,52130228,1,false
idle,2386,51100017.936,51103290.393,52150488,1,false
idle,2387,51120479.635,51123745.311,52170936,1,false
idle,2388,51140940.881,51144255.024,52191372,1,false
idle,2389,51161431.298,51164752.288,52211844,1,false
idle,2390,51181943.484,51185227.683,52232332,1,false
idle,2391,51202396.126,51205712.079,52252772,1,false
idle,2392,51222925.527,51226178.403,52273272,1,false
idle,2393,51243336.891,51246748.897,52293672,1,false
idle,2394,51263922.884,51267140.722,52314228,1,false
idle,2395,51284327.583,51287622.189,52334616,1,false
idle,2396,51304829.919,51308120.074,52355172,1,false
idle,2397,51325349.881,51328521.555,52375604,1,false
idle,2398,51345691.152,51348970.152,52395916,1,false
idle,2399,51366154.592,51369480.763,52416368,1,false
idle,2400,51386685.839,51390008.691,52436872,1,false
idle,2401,51407229.997,51410501.750,52457400,1,false
idle,2402,51427698.319,51430954.467,52477844,1,false
idle,2403,51448152.404,51451358.977,52498284,1,false
idle,2404,51468547.941,51471933.932,52518660,1,false
idle,2405,51489134.724,51492389.542,52539232,1,false
idle,2406,51509587.999,51512894.302,52559652,1,false
idle,2407,51530075.444,51533345.771,52580128,1,false
idle,2408,51550529.203,51553852.192,52600560,1,false
idle,2409,51571058.945,51574328.202,52621068,1,false
idle,2410,51591554.060,51594772.899,52641544,1,false
idle,2411,51611962.339,51615265.932,52661932,1,false
idle,2412,51632450.642,51635774.262,52682404,1,false
idle,2413,51652967.705,51656209.860,52702900,1,false
idle,2414,51673424.842,51676633.104,52723340,1,false
idle,2415,51693834.572,51697118.231,52743784,1,false
idle,2416,51714330.679,51717548.012,52764192,1,false
idle,2417,51734781.307,51738071.475,52784632,1,false
idle,2418,51755248.062,51758469.804,52805080,1,false
idle,2419,51775625.801,51778972.067,52825436,1,false
idle,2420,51796157.876,51799423.100,52845944,1,false
idle,2421,51816577.784,51820138.009,52866348,1,false
idle,2422,51837315.601,51840522.171,52887064,1,false
idle,2423,51858092.556,51861087.378,52907820,1,false
idle,2424,51878260.860,51881479.421,52927976,1,false
idle,2425,51898636.446,51902008.046,52948324,1,false
idle,2426,51919191.357,51922469.158,52968856,1,false
idle,2427,51939624.993,51942966.229,52989272,1,false
idle,2428,51960127.542,51963429.607,53009756,1,false
idle,2429,51980580.675,51983908.180,53030192,1,false
idle,2430,52001544.818,52005092.454,53051124,1,false
idle,2431,52022613.469,52025292.656,53072180,1,false
idle,2432,52043531.173,52045222.115,53093084,1,false
idle,2433,52064364.986,52065715.012,53113888,1,false
idle,2434,52084924.934,52086319.363,53134432,1,false
idle,2435,52105499.673,52106783.879,53154988,1,false
idle,2436,52126050.620,52127252.701,53175520,1,false
idle,2437,52146422.870,52147726.495,53195872,1,false
idle,2438,52166958.628,52168179.445,53216380,1,false
idle,2439,52187373.347,52188715.761,53236784,1,false
idle,2440,52207903.279,52209122.615,53257284,1,false
idle,2441,52228325.818,52229618.142,53277688,1,false
idle,2442,52248822.540,52250190.434,53298236,1,false
idle,2443,52269359.592,52270631.673,53318684,1,false
idle,2444,52289822.380,52291099.338,53339204,1,false
idle,2445,52310314.541,52311604.022,53359600,1,false
idle,2446,52330805.337,52331994.752,53380076,1,false
idle,2447,52351212.776,52352481.719,53400452,1,false
idle,2448,52371657.221,52372972.491,53420884,1,false
idle,2449,52392164.193,52393606.241,53441368,1,false
idle,2450,52412799.903,52417997.573,53461996,1,false
idle,2451,52433173.530,52434424.444,53482336,1,false
idle,2452,52453606.622,52454899.463,53502752,1,false
idle,2453,52474091.394,52475348.896,53523220,1,false
idle,2454,52494523.418,52495837.165,53543628,1,false
idle,2455,52515040.561,52516342.788,53564128,1,false
idle,2456,52535510.747,52536843.347,53584580,1,false
idle,2457,52556023.996,52557320.030,53605068,1,false
idle,2458,52576507.125,52577800.851,53625536,1,false
idle,2459,52596989.564,52598202.765,53645988,1,false
idle,2460,52617352.624,52618653.051,53666332,1,false
idle,2461,52637871.444,52639176.567,53686852,1,false
idle,2462,52658358.253,52659649.135,53707304,1,false
idle,2463,52678804.010,52680100.281,53727732,1,false
idle,2464,52699299.190,52700593.788,53748204,1,false
idle,2465,52719781.970,52720992.639,53768664,1,false
idle,2466,52740156.062,52741681.737,53789020,1,false
idle,2467,52760874.581,52762014.650,53809736,1,false
idle,2468,52781188.696,52782456.761,53830012,1,false
idle,2469,52801627.623,52803038.991,53850432,1,false
idle,2470,52822254.968,52823477.359,53871048,1,false
idle,2471,52842656.925,52843950.286,53891424,1,false
idle,2472,52863117.883,52864420.682,53911860,1,false
idle,2473,52883566.211,52884886.130,53932288,1,false
idle,2474,52904075.466,52905433.668,53952776,1,false
idle,2475,52924611.751,52925906.889,53973300,1,false
idle,2476,52945096.693,52946333.758,53993760,1,false
idle,2477,52965808.555,52971396.987,54014456,1,false
idle,2478,52986901.331,52991983.362,54035520,1,false
idle,2479,53007221.386,53011945.848,54055824,1,false
idle,2480,53028147.000,53032422.954,54076732,1,false
idle,2481,53048574.025,53052868.633,54097136,1,false
idle,2482,53069057.284,53073373.332,54117596,1,false
idle,2483,53089546.612,53093849.549,54138072,1,false
idle,2484,53110033.011,53114343.426,54158532,1,false
idle,2485,53130530.615,53134819.647,54179016,1,false
idle,2486,53151039.332,53155347.959,54199504,1,false
idle,2487,53171558.203,53175770.864,54219996,1,false
idle,2488,53191978.853,53196249.094,54240404,1,false
idle,2489,53212444.492,53216711.112,54260844,1,false
idle,2490,53232916.638,53237150.697,54281296,1,false
idle,2491,53253339.558,53257691.620,54301712,1,false
idle,2492,53273878.728,53278144.999,54322228,1,false
idle,2493,53294371.810,53298718.478,54342688,1,false
idle,2494,53314915.537,53319132.523,54363220,1,false
idle,2495,53335522.075,53339601.172,54383808,1,false
idle,2496,53355785.179,53360080.526,54404040,1,false
idle,2497,53376277.814,53380576.557,54424520,1,false
idle,2498,53396764.112,53401069.733,54444988,1,false
idle,2499,53417488.209,53421953.827,54465688,1,false
idle,2500,53438514.237,53442426.200,54486692,1,false
idle,2501,53458845.732,53463297.532,54507056,1,false
idle,2502,53479897.093,53483181.966,54528032,1,false
idle,2503,53500434.314,53503499.045,54548556,1,false
idle,2504,53520686.842,53524019.141,54568784,1,false
idle,2505,53541213.805,53544486.247,54589292,1,false
idle,2506,53561676.035,53564955.563,54609740,1,false
idle,2507,53582597.364,53585945.030,54630636,1,false
idle,2508,53603569.263,53606271.516,54651588,1,false
idle,2509,53624587.510,53626501.771,54672584,1,false
idle,2510,53644924.022,53647208.025,54692900,1,false
idle,2511,53665767.351,53667535.358,54713728,1,false
idle,2512,53685975.832,53688163.881,54733916,1,false
idle,2513,53706592.226,53708718.951,54754512,1,false
idle,2514,53727068.554,53728807.826,54774968,1,false
idle,2515,53747265.186,53749792.230,54795148,1,false
idle,2516,53768125.111,53769835.053,54815980,1,false
idle,2517,53789054.018,53794332.580,54836896,1,false
idle,2518,53809522.296,53814752.913,54857344,1,false
idle,2519,53830011.765,53835857.581,54877808,1,false
idle,2520,53850326.437,53851996.097,54898088,1,false
idle,2521,53870414.365,53872483.354,54918168,1,false
idle,2522,53890958.520,53892556.051,54938696,1,false
idle,2523,53911755.603,53913010.058,54959476,1,false
idle,2524,53932475.790,53937556.575,54980172,1,false
idle,2525,53952755.869,53953969.064,55000436,1,false
idle,2526,53973488.353,53978532.234,55021148,1,false
idle,2527,53993728.738,53994974.526,55041368,1,false
idle,2528,54014178.715,54015397.422,55061792,1,false
idle,2529,54034590.579,54035890.126,55082188,1,false
idle,2530,54055101.937,54056332.260,55102680,1,false
idle,2531,54075519.484,54076821.375,55123076,1,false
idle,2532,54096020.668,54097996.177,55143552,1,false
idle,2533,54116280.491,54117787.673,55163796,1,false
idle,2534,54136980.189,54138328.443,55184476,1,false
idle,2535,54157514.959,54158775.162,55204988,1,false
idle,2536,54177995.675,54179273.797,55225448,1,false
idle,2537,54198462.688,54199764.942,55245892,1,false
idle,2538,54218955.000,54220208.389,55266372,1,false
idle,2539,54239361.634,54240698.139,55286756,1,false
idle,2540,54259910.718,54261177.090,55307288,1,false
idle,2541,54280363.315,54281661.285,55327720,1,false
idle,2542,54300852.031,54302116.769,55348220,1,false
idle,2543,54321323.880,54322640.357,55368628,1,false
idle,2544,54341842.389,54343102.932,55389180,1,false
idle,2545,54362330.917,54363545.571,55409592,1,false
idle,2546,54382738.628,54384034.569,55429992,1,false
idle,2547,54403237.709,54404517.484,55450472,1,false
idle,2548,54423703.838,54424980.853,55470916,1,false
idle,2549,54444166.426,54445529.372,55491360,1,false
idle,2550,54464721.721,54465969.874,55511900,1,false
idle,2551,54485160.672,54486423.608,55532316,1,false
idle,2552,54505614.111,54506890.859,55552748,1,false
idle,2553,54526091.379,54527371.138,55573200,1,false
idle,2554,54546558.968,54547855.257,55593656,1,false
idle,2555,54567055.140,54568357.996,55614128,1,false
idle,2556,54587560.378,54588828.345,55634612,1,false
idle,2557,54608019.955,54609295.741,55655052,1,false
idle,2558,54628487.199,54629794.728,55675504,1,false
idle,2559,54648997.673,54650242.403,55695992,1,false
idle,2560,54669446.883,54670742.413,55716424,1,false
idle,2561,54689959.748,54691208.564,55736916,1,false
idle,2562,54710372.219,54711738.568,55757308,1,false
idle,2563,54730924.442,54732106.650,55777840,1,false
idle,2564,54751296.777,54752514.930,55798188,1,false
idle,2565,54771643.207,54773016.892,55818520,1,false
idle,2566,54792164.221,54793565.789,55839020,1,false
idle,2567,54812728.611,54814027.295,55859564,1,false
idle,2568,54833183.020,54834505.363,55879996,1,false
idle,2569,54853666.493,54855037.913,55900456,1,false
idle,2570,54874192.030,54875379.339,55920968,1,false
idle,2571,54894527.786,54895938.525,55941288,1,false
idle,2572,54915084.358,54916358.779,55961824,1,false
idle,2573,54935573.218,54936974.477,55982284,1,false
idle,2574,54956167.738,54957485.785,56002860,1,false
idle,2575,54976673.694,54977953.893,56023344,1,false
idle,2576,54997140.936,54998437.444,56043792,1,false
idle,2577,55017628.595,55018922.488,56064272,1,false
idle,2578,55038125.899,55039368.529,56084744,1,false
idle,2579,55058566.631,55059912.355,56105156,1,false
idle,2580,55079095.114,55080214.271,56125672,1,false
idle,2581,55099417.632,55100796.508,56145964,1,false
idle,2582,55119952.699,55121223.446,56166484,1,false
idle,2583,55140419.275,55141703.890,56186932,1,false
idle,2584,55160895.749,55162195.989,56207384,1,false
idle,2585,55181366.379,55182728.173,56227848,1,false
idle,2586,55201928.454,55203253.263,56248376,1,false
idle,2587,55222447.040,55223719.351,56268884,1,false
idle,2588,55242909.330,55244188.582,56289320,1,false
idle,2589,55263360.004,55264685.307,56309752,1,false
idle,2590,55283869.305,55285143.202,56330260,1,false
idle,2591,55304360.625,55305663.490,56350716,1,false
idle,2592,55325147.724,55330221.466,56371476,1,false
idle,2593,55345441.136,55350576.288,56391756,1,false
idle,2594,55365735.634,55366940.098,56412028,1,false
idle,2595,55386097.323,55387367.140,56432368,1,false
idle,2596,55406551.931,55407848.564,56452804,1,false
idle,2597,55427039.879,55428433.443,56473272,1,false
idle,2598,55447615.798,55448985.694,56493832,1,false
idle,2599,55468192.750,55469446.430,56514380,1,false
idle,2600,55488633.010,55489916.474,56534808,1,false
idle,2601,55509078.652,55510334.487,56555236,1,false
idle,2602,55529526.353,55530827.865,56575660,1,false
idle,2603,55550013.976,55551283.119,56596120,1,false
idle,2604,55570475.014,55571770.386,56616560,1,false
idle,2605,55590964.178,55592242.839,56637036,1,false
idle,2606,55611428.224,55612882.802,56657480,1,false
idle,2607,55632083.222,55633297.731,56678112,1,false
idle,2608,55652495.258,55653796.889,56698508,1,false
idle,2609,55672953.463,55674140.169,56718944,1,false
idle,2610,55693272.612,55694610.579,56739252,1,false
idle,2611,55713759.496,55715098.909,56759708,1,false
idle,2612,55734284.749,55735797.097,56780212,1,false
idle,2613,55754973.621,55756070.326,56800880,1,false
idle,2614,55775244.280,55776579.609,56821136,1,false
idle,2615,55795736.787,55797058.206,56841604,1,false
idle,2616,55816204.144,55817547.890,56862060,1,false
idle,2617,55836706.762,55838049.362,56882540,1,false
idle,2618,55857199.748,55858562.013,56903008,1,false
idle,2619,55877706.908,55879043.556,56923496,1,false
idle,2620,55898186.104,55899472.334,56943960,1,false
idle,2621,55918620.311,55919959.894,56964372,1,false
idle,2622,55939126.436,55940447.794,56984856,1,false
idle,2623,55959595.836,55960904.579,57005304,1,false
idle,2624,55980047.667,55981377.157,57025744,1,false
idle,2625,56000525.559,56001858.247,57046196,1,false
idle,2626,56021001.683,56022326.477,57066656,1,false
idle,2627,56041501.846,56042816.399,57087132,1,false
idle,2628,56061966.203,56063313.556,57107572,1,false
idle,2629,56082475.405,56083686.143,57128068,1,false
idle,2630,56102845.032,56104233.017,57148448,1,false
idle,2631,56123429.460,56124743.643,57168980,1,false
idle,2632,56143918.390,56145201.212,57189452,1,false
idle,2633,56164354.670,56165660.430,57209872,1,false
idle,2634,56184840.475,56186169.956,57230372,1,false
idle,2635,56205360.583,56206628.338,57250836,1,false
idle,2636,56225893.051,56227160.874,57271336,1,false
idle,2637,56246362.390,56247569.310,57291800,1,false
idle,2638,56266746.875,56268069.251,57312160,1,false
idle,2639,56287295.202,56288547.235,57332684,1,false
idle,2640,56307743.370,56309024.151,57353116,1,false
idle,2641,56328207.550,56329522.487,57373556,1,false
idle,2642,56348713.342,56350022.129,57394044,1,false
idle,2643,56369225.031,56370446.881,57414536,1,false
idle,2644,56389626.032,56390973.963,57434920,1,false
idle,2645,56410159.368,56411431.094,57455428,1,false
idle,2646,56430616.976,56431912.419,57475868,1,false
idle,2647,56451112.813,56452406.937,57496340,1,false
idle,2648,56471592.243,56472872.609,57516804,1,false
idle,2649,56492072.894,56493332.796,57537264,1,false
idle,2650,56512527.600,56513802.415,57557700,1,false
idle,2651,56532992.632,56534272.897,57578136,1,false
idle,2652,56553457.325,56554796.963,57598584,1,false
idle,2653,56573992.788,56575254.997,57619108,1,false
idle,2654,56594437.013,56595718.626,57639520,1,false
idle,2655,56614925.074,56616301.817,57659984,1,false
idle,2656,56635502.810,56636853.139,57680548,1,false
idle,2657,56656043.067,56657362.400,57701068,1,false
idle,2658,56676550.057,56681910.915,57721560,1,false
idle,2659,56697097.296,56702372.412,57742080,1,false
idle,2660,56717553.959,56722747.195,57762520,1,false
idle,2661,56737946.752,56739142.756,57782896,1,false
idle,2662,56758342.370,56759665.424,57803268,1,false
idle,2663,56779145.865,56784289.193,57824048,1,false
idle,2664,56799760.655,56804802.302,57844648,1,false
idle,2665,56820011.240,56825209.863,57864880,1,false
idle,2666,56840412.592,56845660.971,57885260,1,false
idle,2667,56861177.433,56866215.302,57906000,1,false
idle,2668,56881494.598,56886654.231,57926308,1,false
idle,2669,56901863.370,56907132.861,57946668,1,false
idle,2670,56922335.668,56927563.272,57967100,1,false
idle,2671,56942747.658,56943976.872,57987496,1,false
idle,2672,56963170.473,56964507.801,58007900,1,false
idle,2673,56983692.402,56984997.967,58028400,1,false
idle,2674,57004296.283,57009526.244,58048988,1,false
idle,2675,57024729.359,57029940.367,58069400,1,false
idle,2676,57045136.021,57046338.832,58089780,1,false
idle,2677,57065529.066,57066784.152,58110156,1,false
idle,2678,57085972.224,57087230.572,58130580,1,false
idle,2679,57106413.866,57107710.894,58151004,1,false
idle,2680,57126899.276,57128179.319,58171460,1,false
idle,2681,57147359.814,57148664.351,58191912,1,false
idle,2682,57167865.980,57169121.009,58212400,1,false
idle,2683,57188317.741,57189718.373,58232816,1,false
idle,2684,57208901.808,57210192.999,58253388,1,false
idle,2685,57229378.620,57230715.292,58273840,1,false
idle,2686,57249900.322,57251131.119,58294344,1,false
idle,2687,57270327.252,57271548.904,58314748,1,false
idle,2688,57290732.362,57292114.760,58335136,1,false
idle,2689,57311274.347,57312511.731,58355656,1,false
idle,2690,57331672.560,57333020.957,58376040,1,false
idle,2691,57352208.873,57353378.168,58396548,1,false
idle,2692,57372551.434,57373855.760,58416872,1,false
idle,2693,57393020.141,57394391.657,58437324,1,false
idle,2694,57413578.902,57414810.644,58457868,1,false
idle,2695,57433976.607,57435278.527,58478240,1,false
idle,2696,57454439.249,57455757.011,58498688,1,false
idle,2697,57474932.705,57476335.884,58519156,1,false
idle,2698,57495484.337,57496827.704,58539688,1,false
idle,2699,57515980.023,57517312.776,58560160,1,false
idle,2700,57536453.037,57537734.734,58580616,1,false
idle,2701,57556882.953,57558254.266,58601032,1,false
idle,2702,57577423.671,57578764.004,58621552,1,false
idle,2703,57597918.020,57599190.727,58642020,1,false
idle,2704,57618336.464,57619680.450,58662420,1,false
idle,2705,57638832.934,57640187.067,58682948,1,false
idle,2706,57659353.819,57660632.207,58703400,1,false
idle,2707,57679791.776,57681133.839,58723820,1,false
idle,2708,57700327.586,57701610.343,58744320,1,false
idle,2709,57720779.416,57722087.282,58764776,1,false
idle,2710,57741247.396,57742486.332,58785208,1,false
idle,2711,57761656.923,57762980.355,58805596,1,false
idle,2712,57782135.579,57783453.992,58826068,1,false
idle,2713,57802626.842,57803941.659,58846532,1,false
idle,2714,57823094.447,57824407.457,58866972,1,false
idle,2715,57843579.955,57844955.395,58887432,1,false
idle,2716,57864111.163,57865461.382,58907952,1,false
idle,2717,57884624.088,57885902.939,58928448,1,false
idle,2718,57905065.933,57906401.400,58948868,1,false
idle,2719,57925578.122,57926924.864,58969360,1,false
idle,2720,57946075.823,57947360.088,58989840,1,false
idle,2721,57966511.352,57967829.248,59010260,1,false
idle,2722,57986979.083,57988342.026,59030704,1,false
idle,2723,58007499.759,58008927.788,59051204,1,false
idle,2724,58028087.670,58029314.512,59071772,1,false
idle,2725,58048476.626,58049741.212,59092140,1,false
idle,2726,58068904.251,58070203.732,59112548,1,false
idle,2727,58089341.497,58090705.731,59132968,1,false
idle,2728,58109941.412,58111163.165,59153548,1,false
idle,2729,58130325.921,58131663.330,59173904,1,false
idle,2730,58150814.524,58152124.547,59194440,1,false
idle,2731,58171278.350,58172611.110,59214824,1,false
idle,2732,58191759.561,58193120.798,59235280,1,false
idle,2733,58212270.814,58213557.226,59255776,1,false
idle,2734,58232715.036,58234021.739,59276196,1,false
idle,2735,58253196.704,58254698.960,59296660,1,false
idle,2736,58274376.862,58279843.894,59317816,1,false
idle,2737,58295235.436,58300116.422,59338660,1,false
idle,2738,58315407.468,58320433.938,59358808,1,false
idle,2739,58335891.961,58340660.264,59379272,1,false
idle,2740,58356848.619,58361753.103,59400240,1,false
idle,2741,58377151.605,58382005.054,59420492,1,false
idle,2742,58397507.275,58402547.358,59440828,1,false
idle,2743,58417869.931,58423356.807,59461168,1,false
idle,2744,58438897.078,58443440.714,59482172,1,false
idle,2745,58459690.887,58463934.923,59502948,1,false
idle,2746,58480499.786,58484418.222,59523736,1,false
idle,2747,58500791.584,58505337.118,59544012,1,false
idle,2748,58521895.783,58525388.882,59565088,1,false
idle,2749,58542888.710,58545953.448,59586072,1,false
idle,2750,58563514.004,58566384.839,59606668,1,false
idle,2751,58583665.475,58587341.954,59626800,1,false
idle,2752,58603869.014,58607363.179,59647000,1,false
idle,2753,58624957.433,58627984.664,59668056,1,false
idle,2754,58645482.140,58648268.257,59688556,1,false
idle,2755,58665690.454,58669253.586,59708740,1,false
idle,2756,58686747.200,58689246.930,59729780,1,false
idle,2757,58707774.253,58709957.174,59750788,1,false
idle,2758,58728462.031,58729891.339,59771460,1,false
idle,2759,58749390.352,58754473.086,59792368,1,false
idle,2760,58769939.508,58775229.476,59812892,1,false
idle,2761,58790509.256,58795898.337,59833448,1,false
idle,2762,58811509.949,58816183.727,59854424,1,false
idle,2763,58831665.658,58836629.641,59874560,1,false
idle,2764,58852126.856,58857284.484,59895004,1,false
idle,2765,58872891.232,58877800.755,59915744,1,false
idle,2766,58893321.006,58898083.057,59936140,1,false
idle,2767,58914284.874,58917968.339,59957096,1,false
idle,2768,58935139.346,58938531.806,59977932,1,false
idle,2769,58955711.707,58959009.188,59998484,1,false
idle,2770,58976260.283,58979594.012,60019012,1,false
idle,2771,58996777.222,59000084.882,60039524,1,false
idle,2772,59017273.739,59020563.764,60059988,1,false
idle,2773,59037750.332,59041063.242,60080444,1,false
idle,2774,59058253.974,59061459.152,60100932,1,false
idle,2775,59078638.966,59081981.129,60121296,1,false
idle,2776,59099172.437,59102515.847,60141804,1,false
idle,2777,59119713.221,59122946.573,60162328,1,false
idle,2778,59140132.200,59143490.178,60182724,1,false
idle,2779,59160675.671,59163952.256,60203252,1,false
idle,2780,59181143.950,59184579.352,60223696,1,false
idle,2781,59201839.589,59205062.300,60244404,1,false
idle,2782,59222340.789,59225579.449,60264844,1,false
idle,2783,59242778.054,59245896.258,60285280,1,false
idle,2784,59263411.324,59266689.511,60305884,1,false
idle,2785,59283944.455,59287259.040,60326400,1,false
idle,2786,59304459.794,59307917.824,60346892,1,false
idle,2787,59325157.280,59327650.637,60367576,1,false
idle,2788,59345821.442,59348072.235,60388260,1,false
idle,2789,59366237.189,59368532.297,60408620,1,false
idle,2790,59386698.326,59389002.375,60429052,1,false
idle,2791,59407168.378,59409498.725,60449500,1,false
idle,2792,59427659.686,59429983.882,60469972,1,false
idle,2793,59448162.095,59450452.744,60490456,1,false
idle,2794,59468622.478,59471036.886,60510888,1,false
idle,2795,59489199.514,59491490.218,60531452,1,false
idle,2796,59509640.060,59512009.460,60551876,1,false
idle,2797,59530159.832,59532371.306,60572376,1,false
idle,2798,59550527.057,59552835.636,60592720,1,false
idle,2799,59570987.787,59573336.623,60613164,1,false
idle,2800,59591491.737,59593803.136,60633648,1,false
idle,2801,59611965.462,59614277.073,60654100,1,false
idle,2802,59632400.191,59634749.816,60674516,1,false
idle,2803,59652933.238,59655237.635,60695024,1,false
idle,2804,59673391.987,59675807.151,60715472,1,false
idle,2805,59693983.174,59696272.368,60736036,1,false
idle,2806,59714389.582,59716654.886,60756424,1,false
idle,2807,59734803.734,59737156.234,60776884,1,false
idle,2808,59755318.907,59757624.866,60797304,1,false
idle,2809,59775776.945,59778111.734,60817756,1,false
idle,2810,59796262.153,59798575.463,60838220,1,false
idle,2811,59816729.235,59819065.570,60858660,1,false
idle,2812,59837225.164,59839533.008,60879140,1,false
idle,2813,59857689.519,59860152.042,60899580,1,false
idle,2814,59878351.539,59880505.894,60920220,1,false
idle,2815,59898681.812,59901096.677,60940532,1,false
idle,2816,59919260.439,59921481.464,60961092,1,false
idle,2817,59939622.693,59941960.512,60981428,1,false
idle,2818,59960100.453,59962437.282,61001888,1,false
idle,2819,59980574.704,59982929.860,61022344,1,false
idle,2820,60001068.335,60003389.213,61042816,1,false
idle,2821,60021528.038,60023851.937,61063260,1,false
idle,2822,60041991.384,60044327.633,61083700,1,false
idle,2823,60062491.947,60064805.034,61104184,1,false
idle,2824,60082948.458,60085324.911,61124628,1,false
idle,2825,60103465.421,60105879.997,61145116,1,false
idle,2826,60124076.782,60126378.525,61165708,1,false
idle,2827,60144563.378,60146855.205,61186172,1,false
idle,2828,60165102.857,60167336.455,61206692,1,false
idle,2829,60185526.413,60187819.554,61227088,1,false
idle,2830,60206008.560,60208326.677,61247556,1,false
idle,2831,60226512.892,60228688.855,61268044,1,false
idle,2832,60246884.585,60249338.610,61288396,1,false
idle,2833,60267521.543,60269783.426,61309012,1,false
idle,2834,60287979.318,60290350.735,61329448,1,false
idle,2835,60308537.698,60310730.623,61349984,1,false
idle,2836,60328908.091,60331218.395,61370336,1,false
idle,2837,60349362.770,60351681.527,61390780,1,false
idle,2838,60369851.321,60372122.082,61411252,1,false
idle,2839,60390315.755,60392589.713,61431676,1,false
idle,2840,60410752.881,60413078.793,61452100,1,false
idle,2841,60431255.459,60433531.308,61472584,1,false
idle,2842,60451714.179,60453949.821,61493024,1,false
idle,2843,60472105.471,60474501.892,61513392,1,false
idle,2844,60492652.049,60495014.877,61533916,1,false
idle,2845,60513279.962,60515488.135,61554532,1,false
idle,2846,60533673.329,60535938.912,61574904,1,false
idle,2847,60554110.411,60556405.330,61595320,1,false
idle,2848,60574597.303,60576888.439,61615788,1,false
idle,2849,60595519.840,60597913.973,61636688,1,false
idle,2850,60616538.181,60618357.378,61657680,1,false
idle,2851,60637548.410,60642310.872,61678676,1,false
idle,2852,60658471.102,60662810.001,61699580,1,false
idle,2853,60678967.171,60683350.751,61720052,1,false
idle,2854,60699512.439,60703900.325,61740576,1,false
idle,2855,60720054.210,60724300.438,61761104,1,false
idle,2856,60740462.557,60744765.214,61781484,1,false
idle,2857,60760931.321,60765224.458,61801940,1,false
idle,2858,60781419.065,60785786.736,61822404,1,false
idle,2859,60801983.943,60806269.290,61842956,1,false
idle,2860,60822474.470,60826755.926,61863424,1,false
idle,2861,60842958.338,60847230.711,61883888,1,false
idle,2862,60863425.263,60867625.500,61904332,1,false
idle,2863,60883776.190,60888101.684,61924672,1,false
idle,2864,60904247.201,60908570.489,61945116,1,false
idle,2865,60924714.816,60929058.029,61965560,1,false
idle,2866,60945203.984,60949527.138,61986032,1,false
idle,2867,60965682.852,60970016.121,62006488,1,false
idle,2868,60986180.450,60990498.473,62026964,1,false
idle,2869,61006654.303,61010973.027,62047416,1,false
idle,2870,61027128.608,61031450.476,62067872,1,false
idle,2871,61047603.315,61051919.220,62088328,1,false
idle,2872,61068048.673,61072403.922,62108756,1,false
idle,2873,61088545.360,61092923.712,62129224,1,false
idle,2874,61109117.309,61113440.393,62149784,1,false
idle,2875,61129635.606,61133958.844,62170276,1,false
idle,2876,61150153.282,61154422.985,62190776,1,false
idle,2877,61170596.970,61174805.631,62211200,1,false
idle,2878,61190965.444,61195279.093,62231544,1,false
idle,2879,61211404.704,61215739.992,62251972,1,false
idle,2880,61231911.405,61236222.418,62272460,1,false
idle,2881,61252340.596,61256723.466,62292864,1,false
idle,2882,61272877.890,61277206.705,62313380,1,false
idle,2883,61293354.485,61297702.358,62333832,1,false
idle,2884,61313872.528,61318147.325,62354336,1,false
idle,2885,61334320.025,61338637.571,62374756,1,false
idle,2886,61354797.088,61359104.856,62395296,1,false
idle,2887,61375247.124,61379576.226,62415656,1,false
idle,2888,61395723.593,61400054.769,62436108,1,false
idle,2889,61416197.064,61420567.658,62456564,1,false
idle,2890,61436709.004,61441063.171,62477056,1,false
idle,2891,61457205.858,61461496.018,62497528,1,false
idle,2892,61477613.719,61481968.392,62517916,1,false
idle,2893,61498117.765,61502560.672,62538396,1,false
idle,2894,61518701.523,61522935.276,62558972,1,false
idle,2895,61539077.596,61543448.143,62579320,1,false
idle,2896,61559592.271,61563936.429,62599820,1,false
idle,2897,61580078.284,61584398.027,62620284,1,false
idle,2898,61600538.882,61604928.581,62640720,1,false
idle,2899,61621069.565,61625350.752,62661232,1,false
idle,2900,61641528.003,61645843.500,62681668,1,false
idle,2901,61662095.996,61666279.353,62702224,1,false
idle,2902,61682413.871,61686784.289,62722508,1,false
idle,2903,61702943.553,61707276.808,62743024,1,false
idle,2904,61723394.613,61727738.980,62763456,1,false
idle,2905,61743884.651,61748216.779,62783932,1,false
idle,2906,61764344.398,61768699.064,62804372,1,false
idle,2907,61784851.162,61789185.855,62824864,1,false
idle,2908,61805337.543,61809688.806,62845320,1,false
idle,2909,61825836.374,61830139.866,62865828,1,false
idle,2910,61846366.278,61850623.576,62886316,1,false
idle,2911,61866785.922,61871091.995,62906712,1,false
idle,2912,61887237.053,61891579.725,62927140,1,false
idle,2913,61907743.953,61912049.079,62947624,1,false
idle,2914,61928201.023,61932535.540,62968064,1,false
idle,2915,61948683.413,61953112.361,62988524,1,false
idle,2916,61969257.708,61973638.319,63009080,1,false
idle,2917,61989810.073,61994039.641,63029668,1,false
idle,2918,62010220.355,62014547.025,63050004,1,false
idle,2919,62030699.412,62035054.103,63070464,1,false
idle,2920,62051203.717,62055404.462,63090944,1,false
idle,2921,62071558.080,62075939.534,63111284,1,false
idle,2922,62092100.872,62096358.582,63131808,1,false
idle,2923,62112508.234,62116820.575,63152192,1,false
idle,2924,62132961.518,62137324.509,63172628,1,false
idle,2925,62153473.664,62157791.909,63193116,1,false
idle,2926,62173935.662,62178273.391,63213560,1,false
idle,2927,62194415.497,62198753.555,63234016,1,false
idle,2928,62280720.945,62284757.648,63320236,1,false
idle,2929,62300907.257,62305263.161,63340404,1,false
idle,2930,62321418.096,62325739.198,63360896,1,false
idle,2931,62341888.448,62346225.613,63381344,1,false
idle,2932,62362335.647,62366667.232,63401772,1,false
idle,2933,62382812.586,62387181.347,63422276,1,false
idle,2934,62403349.633,62407659.080,63442740,1,false
idle,2935,62423820.654,62428155.875,63463236,1,false
idle,2936,62444351.302,62448616.547,63483672,1,false
idle,2937,62464787.134,62469110.297,63504124,1,false
idle,2938,62485272.171,62489579.334,63524584,1,false
idle,2939,62505731.722,62510054.428,63545036,1,false
idle,2940,62526206.750,62530523.763,63565480,1,false
idle,2941,62546669.603,62551016.639,63585928,1,false
idle,2942,62567168.620,62571488.817,63606404,1,false
idle,2943,62587648.339,62591962.525,63626868,1,false
idle,2944,62608116.095,62612441.794,63647312,1,false
idle,2945,62628591.769,62632921.859,63667776,1,false
idle,2946,62649072.812,62653494.615,63688232,1,false
idle,2947,62669640.039,62674022.660,63708776,1,false
idle,2948,62690167.846,62694480.795,63729288,1,false
idle,2949,62710636.453,62714919.053,63749732,1,false
idle,2950,62731065.295,62735392.917,63770144,1,false
idle,2951,62751571.538,62755881.598,63790628,1,false
idle,2952,62772053.668,62776366.564,63811092,1,false
idle,2953,62792527.047,62796839.414,63831540,1,false
idle,2954,62812995.745,62817349.032,63851988,1,false
idle,2955,62833500.902,62837851.911,63872476,1,false
idle,2956,62854016.774,62858294.218,63892972,1,false
idle,2957,62874475.567,62878767.952,63913420,1,false
idle,2958,62894937.449,62899276.421,63933852,1,false
idle,2959,62915408.265,62919714.732,63954304,1,false
idle,2960,62935874.909,62940207.250,63974752,1,false
idle,2961,62956409.422,62960677.853,63995268,1,false
idle,2962,62976842.497,62981129.626,64015688,1,false
idle,2963,62997395.068,63001712.655,64036204,1,false
idle,2964,63017896.555,63022144.802,64056688,1,false
idle,2965,63038315.523,63042579.980,64077084,1,false
idle,2966,63058749.319,63062976.304,64097500,1,false
idle,2967,63079126.303,63083534.642,64117864,1,false
idle,2968,63099681.397,63104007.118,64138392,1,false
idle,2969,63120153.260,63124487.429,64158844,1,false
idle,2970,63140644.171,63145048.696,64179324,1,false
idle,2971,63161191.766,63165424.919,64199844,1,false
idle,2972,63181569.381,63186002.461,64220204,1,false
idle,2973,63202155.929,63206444.935,64240772,1,false
idle,2974,63222590.875,63226930.952,64261188,1,false
idle,2975,63243092.365,63247276.089,64281668,1,false
idle,2976,63263402.164,63267796.185,64301956,1,false
idle,2977,63284025.774,63288357.245,64322572,1,false
idle,2978,63304539.026,63308762.385,64343064,1,false
idle,2979,63324920.050,63329230.111,64363412,1,false
idle,2980,63345441.192,63349676.746,64383916,1,false
idle,2981,63365836.477,63370191.370,64404312,1,false
idle,2982,63386363.673,63390735.552,64424796,1,false
idle,2983,63406928.746,63411250.612,64445340,1,false
idle,2984,63427431.918,63431703.664,64465824,1,false
idle,2985,63447887.993,63452193.493,64486260,1,false
idle,2986,63468357.696,63472667.441,64506712,1,false
idle,2987,63488872.942,63493145.289,64527204,1,false
idle,2988,63509355.407,63513604.508,64547644,1,false
idle,2989,63529786.818,63534008.919,64568152,1,false
idle,2990,63550171.634,63554480.681,64588448,1,false
idle,2991,63570637.874,63574957.816,64608888,1,false
idle,2992,63591116.522,63595453.082,64629348,1,false
idle,2993,63611631.766,63615998.820,64649840,1,false
idle,2994,63632195.439,63636489.324,64670388,1,false
idle,2995,63652672.777,63657006.584,64690844,1,false
idle,2996,63673206.587,63677396.348,64711360,1,false
idle,2997,63693591.666,63697961.586,64731724,1,false
idle,2998,63714143.565,63718447.763,64752252,1,false
idle,2999,63734596.616,63738780.699,64772692,1,false
idle,3000,63754947.272,63759272.673,64793020,1,false
idle,3001,63775392.849,63779730.389,64813452,1,false
idle,3002,63795893.037,63800219.151,64833920,1,false
idle,3003,63816336.319,63820710.190,64854348,1,false
idle,3004,63836897.236,63841261.585,64874892,1,false
idle,3005,63857449.491,63861737.391,64895416,1,false
idle,3006,63877927.743,63882246.658,64915876,1,false
idle,3007,63898672.316,63903108.203,64936600,1,false
idle,3008,63919499.051,63923759.541,64957408,1,false
idle,3009,63940359.301,63944034.678,64978248,1,false
idle,3010,63961234.145,63964133.808,64999104,1,false
idle,3011,63982449.283,63985197.017,65020292,1,false
idle,3012,64002711.630,64005344.836,65040536,1,false
idle,3013,64022844.809,64026073.837,65060664,1,false
idle,3014,64043444.142,64046196.485,65081232,1,false
idle,3015,64064359.672,64066630.947,65102132,1,false
idle,3016,64084786.127,64087051.368,65122608,1,false
idle,3017,64105195.665,64107514.559,65142924,1,false
idle,3018,64125657.805,64128007.854,65163364,1,false
idle,3019,64146163.627,64148547.038,65183856,1,false
idle,3020,64166712.070,64169064.769,65204380,1,false
idle,3021,64187218.731,64189511.661,65224872,1,false
idle,3022,64207653.247,64209977.678,65245284,1,false
idle,3023,64228126.994,64230453.462,65265740,1,false
idle,3024,64248600.636,64250979.915,65286188,1,false
idle,3025,64269121.923,64271442.638,65306692,1,false
idle,3026,64289605.681,64292209.026,65327156,1,false
idle,3027,64310400.103,64312375.501,65347924,1,false
idle,3028,64330547.575,64332856.424,65368052,1,false
idle,3029,64351018.184,64353316.637,65388504,1,false
idle,3030,64371474.358,64373784.604,65408948,1,false
idle,3031,64391936.448,64394327.869,65429388,1,false
idle,3032,64412469.665,64414763.849,65449900,1,false
idle,3033,64432931.402,64435572.664,65470340,1,false
idle,3034,64452975.014,64456153.530,65490364,1,false
idle,3035,64473615.639,64476185.704,65510984,1,false
idle,3036,64494345.425,64496710.312,65531696,1,false
idle,3037,64514904.629,64517137.238,65552236,1,false
idle,3038,64535279.467,64537664.130,65572584,1,false
idle,3039,64555805.383,64558118.769,65593148,1,false
idle,3040,64576266.734,64578590.944,65613536,1,false
idle,3041,64596735.732,64599091.562,65633988,1,false
idle,3042,64617240.077,64619583.435,65654468,1,false
idle,3043,64637723.882,64640072.391,65674932,1,false
idle,3044,64658220.410,64660518.688,65695408,1,false
idle,3045,64678661.227,64680986.705,65715828,1,false
idle,3046,64699136.651,64701530.070,65736284,1,false
idle,3047,64719670.261,64721950.765,65756796,1,false
idle,3048,64740098.359,64742422.373,65777212,1,false
idle,3049,64760568.505,64762897.145,65797652,1,false
idle,3050,64781051.457,64783366.720,65818120,1,false
idle,3051,64801508.620,64803860.437,65838552,1,false
idle,3052,64822024.459,64824360.810,65859048,1,false
idle,3053,64842502.797,64844834.038,65879504,1,false
idle,3054,64863323.440,64865322.548,65900296,1,false
idle,3055,64883549.215,64885774.576,65920520,1,false
idle,3056,64903928.223,64906231.819,65940872,1,false
idle,3057,64924337.723,64926742.171,65961264,1,false
idle,3058,64944882.966,64947337.087,65981788,1,false
idle,3059,64965912.772,64967732.920,66002796,1,false
idle,3060,64986892.431,64988201.402,66023760,1,false
idle,3061,65007349.862,65008674.102,66044196,1,false
idle,3062,65027799.214,65029142.308,66064692,1,false
idle,3063,65048293.201,65049636.653,66085100,1,false
idle,3064,65068792.583,65070106.324,66105644,1,false
idle,3065,65089236.669,65090572.854,66126004,1,false
idle,3066,65109717.163,65111076.378,66146464,1,false
idle,3067,65130217.980,65131583.024,66166948,1,false
idle,3068,65150731.369,65152056.028,66187436,1,false
idle,3069,65171219.059,65172524.806,66207908,1,false
idle,3070,65191690.016,65192999.142,66228352,1,false
idle,3071,65212145.699,65213488.643,66248792,1,false
idle,3072,65232634.790,65233967.267,66269260,1,false
idle,3073,65253137.813,65254420.062,66289740,1,false
idle,3074,65273567.149,65274910.974,66310160,1,false
idle,3075,65294071.962,65295388.528,66330644,1,false
idle,3076,65314535.759,65315884.760,66351076,1,false
idle,3077,65335027.255,65336291.502,66371556,1,false
idle,3078,65355444.635,65356666.181,66391948,1,false
idle,3079,65375828.294,65377136.800,66412336,1,false
idle,3080,65396280.633,65397615.281,66432740,1,false
idle,3081,65416763.360,65418294.864,66453220,1,false
idle,3082,65437457.960,65438738.245,66473880,1,false
idle,3083,65457887.735,65459189.639,66494288,1,false
idle,3084,65478336.816,65479687.353,66514720,1,false
idle,3085,65498837.960,65500170.162,66535216,1,false
idle,3086,65519325.818,65520719.000,66555656,1,false
idle,3087,65539914.920,65541243.159,66576236,1,false
idle,3088,65560451.447,65565772.029,66596756,1,false
idle,3089,65581089.179,65586571.788,66617372,1,false
idle,3090,65602158.383,65607283.230,66638416,1,false
idle,3091,65622874.879,65627656.416,66659112,1,false
idle,3092,65643110.974,65647814.169,66679332,1,false
idle,3093,65664095.999,65668212.712,66700308,1,false
idle,3094,65684360.957,65688704.535,66720540,1,false
idle,3095,65704900.895,65709187.624,66741060,1,false
idle,3096,65725379.241,65729674.551,66761520,1,false
idle,3097,65746244.265,65750228.400,66782368,1,false
idle,3098,65766515.945,65771228.759,66802612,1,false
idle,3099,65786615.845,65791442.817,66822700,1,false
idle,3100,65807670.705,65811456.767,66843728,1,false
idle,3101,65828664.320,65831971.177,66864700,1,false
idle,3102,65849126.231,65852476.357,66885148,1,false
idle,3103,65869636.785,65872730.423,66905640,1,false
idle,3104,65889875.019,65893189.451,66925856,1,false
idle,3105,65910333.902,65913688.548,66946296,1,false
idle,3106,65930831.761,65934183.882,66966792,1,false
idle,3107,65951375.578,65954744.021,66987296,1,false
idle,3108,65972354.750,65975761.941,67008252,1,false
idle,3109,65993426.329,65996105.681,67029308,1,false
idle,3110,66013504.873,66016617.979,67049356,1,false
idle,3111,66034138.372,66036803.150,67069980,1,false
idle,3112,66054998.458,66057229.610,67090816,1,false
idle,3113,66075425.383,66077747.680,67111224,1,false
idle,3114,66095967.284,66098237.685,67131748,1,false
idle,3115,66116436.325,66118721.968,67152192,1,false
idle,3116,66136915.407,66139166.840,67172648,1,false
idle,3117,66157362.113,66159685.453,67193084,1,false
idle,3118,66177868.994,66180135.398,67213568,1,false
idle,3119,66198344.721,66200628.620,67234024,1,false
idle,3120,66218816.155,66221144.720,67254504,1,false
idle,3121,66239341.086,66241503.571,67274980,1,false
idle,3122,66259696.170,66262034.652,67295316,1,false
idle,3123,66280227.716,66282383.511,67315828,1,false
idle,3124,66300566.231,66302875.713,67336148,1,false
idle,3125,66321169.736,66323474.526,67356724,1,false
idle,3126,66341679.697,66343982.811,67377216,1,false
idle,3127,66362205.477,66364398.542,67397720,1,false
idle,3128,66382594.624,66384959.777,67418092,1,false
idle,3129,66403162.553,66405451.014,67438636,1,false
idle,3130,66424035.832,66425850.437,67459492,1,false
idle,3131,66445089.392,66446331.618,67480512,1,false
idle,3132,66465597.930,66466794.146,67501012,1,false
idle,3133,66486035.342,66487275.021,67521428,1,false
idle,3134,66506460.229,66507737.720,67541836,1,false
idle,3135,66527145.056,66532332.625,67562500,1,false
idle,3136,66547572.705,66552834.594,67582904,1,false
idle,3137,66568088.387,66573258.977,67603404,1,false
idle,3138,66588451.666,66590040.924,67623752,1,false
idle,3139,66609500.789,66614354.722,67644772,1,false
idle,3140,66629593.647,66634690.565,67664848,1,false
idle,3141,66649906.229,66651647.830,67685144,1,false
idle,3142,66670932.741,66675828.494,67706148,1,false
idle,3143,66691130.379,66696089.265,67726324,1,false
idle,3144,66711274.716,66712572.177,67746448,1,false
idle,3145,66731763.761,66733089.175,67766928,1,false
idle,3146,66752353.226,66757382.661,67787484,1,false
idle,3147,66772544.844,66773809.975,67807656,1,false
idle,3148,66792952.421,66794265.381,67828044,1,false
idle,3149,66813467.528,66814856.348,67848544,1,false
idle,3150,66834023.390,66835349.641,67869080,1,false
idle,3151,66854541.370,66855824.489,67889580,1,false
idle,3152,66875026.872,66876361.263,67910036,1,false
idle,3153,66895556.773,66896993.207,67930548,1,false
idle,3154,66916188.748,66921446.373,67951160,1,false
idle,3155,66936630.737,66937802.171,67971580,1,false
idle,3156,66957000.072,66958683.672,67991936,1,false
idle,3157,66977083.433,66979115.486,68012000,1,false
idle,3158,66997612.811,66999293.250,68032500,1,false
idle,3159,67018499.998,67019723.620,68053380,1,false
idle,3160,67038920.354,67040198.251,68073772,1,false
idle,3161,67059359.140,67060690.638,68094192,1,false
idle,3162,67079879.797,67081145.852,68114696,1,false
idle,3163,67100359.532,67101610.922,68135152,1,false
idle,3164,67120930.406,67122162.243,68155700,1,false
idle,3165,67141360.305,67142580.554,68176116,1,false
idle,3166,67162036.661,67167086.624,68196764,1,false
idle,3167,67182297.192,67183555.825,68217012,1,false
idle,3168,67202736.758,67204410.575,68237432,1,false
idle,3169,67222828.043,67225118.780,68257516,1,false
idle,3170,67243576.520,67245019.405,68278232,1,false
idle,3171,67264224.163,67265387.135,68298860,1,false
idle,3172,67284571.003,67285991.963,68319184,1,false
idle,3173,67305183.309,67306456.536,68339776,1,false
idle,3174,67325654.217,67326982.512,68360224,1,false
idle,3175,67346204.558,67347515.529,68380760,1,false
idle,3176,67366683.355,67367782.450,68401224,1,false
idle,3177,67386944.568,67388247.017,68421452,1,false
idle,3178,67407729.214,67412934.196,68442224,1,false
idle,3179,67428131.518,67429357.244,68462608,1,false
idle,3180,67448877.439,67454008.611,68483328,1,false
idle,3181,67469476.821,67474382.768,68503900,1,false
idle,3182,67489510.687,67490816.703,68523924,1,false
idle,3183,67510022.853,67511300.826,68544412,1,false
idle,3184,67530543.423,67535841.305,68564920,1,false
idle,3185,67551032.159,67556226.353,68585388,1,false
idle,3186,67571416.665,67572738.153,68605748,1,false
idle,3187,67591929.869,67593114.019,68626244,1,false
idle,3188,67612314.287,67613691.607,68646592,1,false
idle,3189,67632890.513,67634177.982,68667160,1,false
idle,3190,67653358.693,67654664.519,68687612,1,false
idle,3191,67673854.576,67675132.685,68708084,1,false
idle,3192,67694328.358,67695686.996,68728528,1,false
idle,3193,67715124.321,67720094.351,68749324,1,false
idle,3194,67735315.809,67736509.384,68769480,1,false
idle,3195,67755647.814,67756921.888,68789800,1,false
idle,3196,67776073.966,67777313.760,68810208,1,false
idle,3197,67796476.516,67797775.142,68830588,1,false
idle,3198,67816935.478,67818410.221,68851028,1,false
idle,3199,67837606.538,67838966.478,68871680,1,false
idle,3200,67858156.970,67859469.534,68892200,1,false
idle,3201,67878660.225,67879926.460,68912688,1,false
idle,3202,67899137.541,67900399.921,68933148,1,false
idle,3203,67919839.548,67924961.911,68953832,1,false
idle,3204,67940162.801,67945389.752,68974136,1,false
idle,3205,67960853.753,67965859.524,68994808,1,false
idle,3206,67981054.749,67982233.399,69014988,1,false
idle,3207,68001432.006,68002710.480,69035344,1,false
idle,3208,68021891.773,68023210.311,69055784,1,false
idle,3209,68042563.418,68047750.089,69076428,1,false
idle,3210,68062958.215,68064188.731,69096812,1,false
idle,3211,68083352.708,68084625.142,69117184,1,false
idle,3212,68103825.334,68105037.020,69137652,1,false
idle,3213,68124229.100,68125518.609,69158020,1,false
idle,3214,68144699.963,68145983.510,69178468,1,false
idle,3215,68165173.896,68166454.180,69198924,1,false
idle,3216,68185651.524,68186966.967,69219376,1,false
idle,3217,68206169.709,68207601.962,69239876,1,false
idle,3218,68226771.527,68227997.599,69260460,1,false
idle,3219,68247156.247,68248348.348,69280828,1,false
idle,3220,68267580.403,68268930.512,69301232,1,false
idle,3221,68288113.707,68289471.187,69321752,1,false
idle,3222,68308965.030,68314021.623,69342576,1,false
idle,3223,68329231.240,68334505.779,69362820,1,false
idle,3224,68349699.402,68354943.663,69383268,1,false
idle,3225,68370136.509,68371371.849,69403688,1,false
idle,3226,68390563.908,68391827.426,69424096,1,false
idle,3227,68411023.969,68412407.471,69444536,1,false
idle,3228,68431591.389,68432719.992,69465080,1,false
idle,3229,68451904.469,68453377.113,69485372,1,false
idle,3230,68472901.308,68477919.046,69506344,1,false
idle,3231,68493115.319,68498336.901,69526548,1,false
idle,3232,68513525.786,68518784.132,69546932,1,false
idle,3233,68533961.778,68535194.518,69567360,1,false
idle,3234,68554363.873,68555713.698,69587732,1,false
idle,3235,68574914.054,68576230.583,69608260,1,false
idle,3236,68595444.886,68600717.636,69628772,1,false
idle,3237,68615909.281,68617767.380,69649220,1,false
idle,3238,68636179.340,68637657.004,69669468,1,false
idle,3239,68656955.364,68662090.968,69690224,1,false
idle,3240,68677293.406,68678573.055,69710548,1,false
idle,3241,68697774.478,68703061.210,69731080,1,false
idle,3242,68718260.855,68719578.234,69751472,1,false
idle,3243,68738758.067,68739972.600,69771956,1,false
idle,3244,68759514.367,68764658.802,69792684,1,false
idle,3245,68779863.434,68785097.475,69813012,1,false
idle,3246,68800350.344,68805473.694,69833476,1,false
idle,3247,68820661.761,68821889.029,69853768,1,false
idle,3248,68841064.214,68842269.417,69874152,1,false
idle,3249,68861467.011,68862824.321,69894532,1,false
idle,3250,68881994.665,68883342.591,69915044,1,false
idle,3251,68902530.478,68903802.812,69935556,1,false
idle,3252,68923001.572,68924533.031,69956004,1,false
idle,3253,68943731.694,68948840.020,69976716,1,false
idle,3254,68964027.758,68965235.267,69996992,1,false
idle,3255,68984440.000,68985700.291,70017384,1,false
idle,3256,69004887.186,69006204.022,70037808,1,false
idle,3257,69025506.861,69026678.502,70058416,1,false
idle,3258,69045863.318,69047156.622,70078748,1,false
idle,3259,69066364.868,69067637.330,70099236,1,false
idle,3260,69087147.909,69092196.478,70120000,1,false
idle,3261,69107660.435,69113214.728,70140484,1,false
idle,3262,69128425.389,69133176.343,70161228,1,false
idle,3263,69148597.473,69153629.964,70181388,1,false
idle,3264,69168818.313,69170067.383,70201608,1,false
idle,3265,69189287.953,69190533.643,70222032,1,false
idle,3266,69210057.542,69215097.485,70242780,1,false
idle,3267,69230268.564,69231300.536,70262976,1,false
idle,3268,69250495.119,69251927.887,70283176,1,false
idle,3269,69271458.570,69276538.038,70304128,1,false
idle,3270,69291741.390,69296962.057,70324388,1,false
idle,3271,69312149.972,69313375.882,70344772,1,false
idle,3272,69332546.604,69333806.965,70365152,1,false
idle,3273,69352977.339,69354571.894,70385564,1,false
idle,3274,69373803.232,69378921.638,70406412,1,false
idle,3275,69394149.180,69399311.937,70426696,1,false
idle,3276,69414474.219,69415645.200,70447004,1,false
idle,3277,69434814.758,69436183.888,70467352,1,false
idle,3278,69455344.527,69456683.134,70487828,1,false
idle,3279,69475855.398,69477196.757,70508316,1,false
idle,3280,69496355.272,69497664.112,70528800,1,false
idle,3281,69516840.118,69518140.812,70549272,1,false
idle,3282,69537347.946,69538582.593,70569752,1,false
idle,3283,69557769.204,69559072.167,70590156,1,false
idle,3284,69578223.980,69579453.495,70610588,1,false
idle,3285,69598612.814,69599964.559,70630960,1,false
idle,3286,69619109.522,69620419.568,70651432,1,false
idle,3287,69639621.533,69640912.951,70671932,1,false
idle,3288,69660083.161,69661383.355,70692372,1,false
idle,3289,69680541.778,69681922.956,70712804,1,false
idle,3290,69701073.548,69702330.252,70733324,1,false
idle,3291,69721481.982,69722823.260,70753712,1,false
idle,3292,69741998.884,69743301.531,70774200,1,false
idle,3293,69762467.049,69763762.662,70794656,1,false
idle,3294,69782945.725,69784255.505,70815112,1,false
idle,3295,69803447.267,69804837.689,70835596,1,false
idle,3296,69824041.600,69825324.799,70856168,1,false
idle,3297,69844511.337,69845769.328,70876616,1,false
idle,3298,69864966.605,69866274.706,70897048,1,false
idle,3299,69885436.075,69886750.125,70917504,1,false
idle,3300,69905933.986,69907221.643,70937984,1,false
idle,3301,69926424.504,69927692.106,70958452,1,false
idle,3302,69946877.895,69948179.779,70978880,1,false
idle,3303,69967370.523,69968643.836,70999356,1,false
idle,3304,69987809.599,69989034.850,71019804,1,false
idle,3305,70008175.904,70009536.927,71040124,1,false
idle,3306,70028701.045,70030025.443,71060624,1,false
idle,3307,70049183.071,70050504.022,71081092,1,false
idle,3308,70070049.518,70075247.657,71101932,1,false
idle,3309,70090435.213,70095778.709,71122300,1,false
idle,3310,70110953.589,70116072.158,71142792,1,false
idle,3311,70131384.983,70132471.780,71163204,1,false
idle,3312,70151663.246,70153121.624,71183476,1,false
idle,3313,70172327.945,70173648.382,71204104,1,false
idle,3314,70192838.217,70198149.504,71224604,1,false
idle,3315,70213470.104,70218610.086,71245208,1,false
idle,3316,70233799.666,70239133.488,71265568,1,false
idle,3317,70254350.946,70259579.611,71286056,1,false
idle,3318,70274768.042,70280052.782,71306456,1,false
idle,3319,70295238.121,70300333.191,71326896,1,false
idle,3320,70315500.705,70316726.685,71347140,1,false
idle,3321,70335935.705,70337328.671,71367560,1,false
idle,3322,70356531.447,70357931.749,71388136,1,false
idle,3323,70377182.450,70382429.887,71408768,1,false
idle,3324,70397619.683,70402871.980,71429184,1,false
idle,3325,70418077.377,70419346.035,71449624,1,false
idle,3326,70438585.440,70443927.587,71470108,1,false
idle,3327,70459136.419,70464408.143,71490640,1,false
idle,3328,70479620.702,70484870.287,71511108,1,false
idle,3329,70500100.814,70505420.711,71531564,1,false
idle,3330,70520616.978,70525893.555,71552052,1,false
idle,3331,70541110.360,70546381.924,71572528,1,false
idle,3332,70561575.908,70566830.649,71592984,1,false
idle,3333,70582055.520,70587334.077,71613436,1,false
idle,3334,70602545.155,70607802.384,71633904,1,false
idle,3335,70623023.380,70628288.973,71654364,1,false
idle,3336,70643479.812,70648761.557,71674804,1,false
idle,3337,70663965.185,70669299.427,71695264,1,false
idle,3338,70684531.523,70689719.377,71715808,1,false
idle,3339,70704931.668,70710180.561,71736200,1,false
idle,3340,70725373.674,70730684.905,71756612,1,false
idle,3341,70746191.546,70751196.471,71777392,1,false
idle,3342,70766419.060,70771636.293,71797620,1,false
idle,3343,70786882.283,70792089.610,71818060,1,false
idle,3344,70807333.998,70812575.782,71838484,1,false
idle,3345,70827793.314,70833046.234,71858980,1,false
idle,3346,70848251.814,70853504.257,71879372,1,false
idle,3347,70868711.987,70873999.535,71899816,1,false
idle,3348,70889191.541,70894489.056,71920272,1,false
idle,3349,70909696.712,70914941.795,71940760,1,false
idle,3350,70930143.418,70935412.159,71961184,1,false
idle,3351,70950602.911,70956197.226,71981620,1,false
idle,3352,70971467.011,70976353.326,72002468,1,false
idle,3353,70991472.969,70992750.873,72022452,1,false
idle,3354,71011989.307,71017318.804,72042952,1,false
idle,3355,71032505.016,71037765.826,72063440,1,false
idle,3356,71052957.835,71058265.441,72083884,1,false
idle,3357,71073726.210,71079206.629,72104628,1,false
idle,3358,71094698.425,71099390.166,72125572,1,false
idle,3359,71114832.395,71119733.616,72145696,1,false
idle,3360,71135298.528,71140146.726,72166132,1,false
idle,3361,71155298.368,71156537.977,72186116,1,false
idle,3362,71175726.116,71177057.351,72206528,1,false
idle,3363,71196502.832,71201660.041,72227288,1,false
idle,3364,71216920.227,71222100.293,72247676,1,false
idle,3365,71237268.488,71242491.802,72268004,1,false
idle,3366,71257666.438,71258934.282,72288384,1,false
idle,3367,71278144.090,71279430.732,72308848,1,false
idle,3368,71298620.579,71299863.403,72329304,1,false
idle,3369,71319058.036,71320380.388,72349724,1,false
idle,3370,71339575.538,71340781.412,72370216,1,false
idle,3371,71359952.580,71361232.351,72390568,1,false
idle,3372,71380333.930,71381715.233,72410932,1,false
idle,3373,71400893.715,71402267.611,72431476,1,false
idle,3374,71421465.668,71422708.761,72452024,1,false
idle,3375,71441896.899,71443163.444,72472432,1,false
idle,3376,71462349.490,71463684.276,72492872,1,false
idle,3377,71482874.843,71484167.802,72513372,1,false
idle,3378,71503359.170,71504699.603,72533844,1,false
idle,3379,71523996.410,71529198.186,72554460,1,false
idle,3380,71544415.562,71545651.983,72574852,1,false
idle,3381,71565190.288,71570278.011,72595608,1,false
idle,3382,71585457.605,71590492.934,72615860,1,false
idle,3383,71605640.011,71606983.155,72636020,1,false
idle,3384,71626187.868,71627558.538,72656544,1,false
idle,3385,71646752.893,71648354.904,72677096,1,false
idle,3386,71667619.078,71673096.165,72697936,1,false
idle,3387,71688582.735,71693577.901,72718884,1,false
idle,3388,71709169.628,71713964.373,72739444,1,false
idle,3389,71729341.290,71734109.935,72759580,1,false
idle,3390,71750302.406,71754504.765,72780544,1,false
idle,3391,71771095.661,71775027.998,72801312,1,false
idle,3392,71791155.723,71795431.606,72821352,1,false
idle,3393,71811619.362,71815980.157,72841796,1,false
idle,3394,71832195.588,71836462.209,72862348,1,false
idle,3395,71852647.122,71857371.812,72882788,1,false
idle,3396,71872765.572,71877768.237,72902952,1,false
idle,3397,71893328.824,71897948.018,72923408,1,false
idle,3398,71914142.542,71918482.410,72944216,1,false
idle,3399,71934676.354,71938855.480,72964732,1,false
idle,3400,71955039.728,71959478.995,72985080,1,false
idle,3401,71975955.611,71980235.237,73005972,1,false
idle,3402,71996696.441,72000697.154,73026692,1,false
idle,3403,72016965.737,72021172.168,73046936,1,false
idle,3404,72037504.387,72041833.304,73067460,1,false
idle,3405,72058131.429,72061912.437,73088064,1,false
idle,3406,72078355.078,72082614.700,73108268,1,false
idle,3407,72098937.092,72103194.793,73128836,1,false
idle,3408,72119867.034,72123814.482,73149744,1,false
idle,3409,72140331.351,72143980.937,73170180,1,false
idle,3410,72160436.559,72164585.322,73190268,1,false
idle,3411,72180822.795,72184687.943,73210648,1,false
idle,3412,72200824.321,72205068.071,73230628,1,false
idle,3413,72221271.434,72225436.248,73251044,1,false
idle,3414,72241632.854,72245977.850,73271384,1,false
idle,3415,72262172.798,72266515.887,73291908,1,false
idle,3416,72282703.454,72286978.307,73312420,1,false
idle,3417,72303189.387,72307483.654,73332876,1,false
idle,3418,72323676.108,72327932.214,73353352,1,false
idle,3419,72344122.255,72348430.182,73373776,1,false
idle,3420,72364614.945,72368869.086,73394252,1,false
idle,3421,72385069.520,72389360.585,73414684,1,false
idle,3422,72405548.270,72409857.780,73435152,1,false
idle,3423,72426057.034,72430321.139,73455636,1,false
idle,3424,72446507.289,72450794.269,73476060,1,false
idle,3425,72466984.126,72471264.576,73496520,1,false
idle,3426,72487460.560,72491749.117,73516972,1,false
idle,3427,72507937.407,72512217.099,73537432,1,false
idle,3428,72528553.812,72532944.109,73558032,1,false
idle,3429,72549426.792,72553808.542,73578884,1,false
idle,3430,72570466.033,72574097.687,73599896,1,false
idle,3431,72590514.291,72594661.616,73619928,1,false
idle,3432,72611247.744,72614740.399,73640640,1,false
idle,3433,72631936.432,72635196.028,73661308,1,false
idle,3434,72652357.697,72655633.727,73681708,1,false
idle,3435,72673167.472,72676199.057,73702500,1,false
idle,3436,72693371.463,72696635.216,73722684,1,false
idle,3437,72713837.850,72717167.401,73743136,1,false
idle,3438,72734449.813,72737473.882,73763716,1,false
idle,3439,72754640.266,72757907.549,73783892,1,false
idle,3440,72775074.791,72778332.721,73804308,1,false
idle,3441,72795524.292,72798810.971,73824740,1,false
idle,3442,72815971.401,72819292.176,73845164,1,false
idle,3443,72836477.606,72840030.435,73865656,1,false
idle,3444,72857455.816,72860944.939,73886612,1,false
idle,3445,72878392.065,72881275.975,73907516,1,false
idle,3446,72898777.261,72901617.299,73927952,1,false
idle,3447,72918887.681,72922007.868,73947976,1,false
idle,3448,72939470.032,72942642.492,73968536,1,false
idle,3449,72960245.953,72963254.707,73989292,1,false
idle,3450,72980712.830,72983973.141,74009740,1,false
idle,3451,73001269.512,73003722.626,74030280,1,false
idle,3452,73021904.414,73024167.728,74050896,1,false
idle,3453,73042378.672,73044621.132,74071348,1,false
idle,3454,73062810.404,73065109.739,74091780,1,false
idle,3455,73083318.409,73085623.901,74112240,1,false
idle,3456,73103795.487,73106068.853,74132744,1,false
idle,3457,73124259.155,73126595.257,74153148,1,false
idle,3458,73144783.086,73147149.109,74173700,1,false
idle,3459,73165354.926,73167668.457,74194208,1,false
idle,3460,73186119.605,73188243.000,74214944,1,false
idle,3461,73206717.588,73209286.314,74235528,1,false
idle,3462,73227741.562,73229699.892,74256540,1,false
idle,3463,73248198.827,73249718.666,74276972,1,false
idle,3464,73269336.675,73274625.335,74298080,1,false
idle,3465,73290230.327,73295284.979,74318952,1,false
idle,3466,73310890.095,73315744.414,74339596,1,false
idle,3467,73331244.175,73335978.866,74359932,1,false
idle,3468,73351417.789,73356452.248,74380084,1,false
idle,3469,73371876.514,73377219.149,74400524,1,false
idle,3470,73392814.998,73397295.484,74421460,1,false
idle,3471,73413900.894,73417905.361,74442504,1,false
idle,3472,73434166.462,73438038.365,74462752,1,false
idle,3473,73454482.607,73459237.406,74483052,1,false
idle,3474,73474707.487,73479349.526,74503252,1,false
idle,3475,73494862.669,73499379.032,74523388,1,false
idle,3476,73515878.741,73519931.125,74544380,1,false
idle,3477,73536136.809,73540366.541,74564632,1,false
idle,3478,73556566.850,73560863.938,74585028,1,false
idle,3479,73577059.298,73581334.666,74605504,1,false
idle,3480,73597524.836,73601826.009,74625952,1,false
idle,3481,73618020.368,73622655.733,74646428,1,false
idle,3482,73638106.268,73643230.219,74666496,1,false
idle,3483,73658741.461,73663270.769,74687112,1,false
idle,3484,73679487.708,73683728.440,74707832,1,false
idle,3485,73699934.833,73704145.231,74728260,1,false
idle,3486,73720346.207,73724643.332,74748652,1,false
idle,3487,73740838.508,73745108.938,74769124,1,false
idle,3488,73761297.035,73765593.845,74789556,1,false
idle,3489,73781787.556,73786055.562,74810072,1,false
idle,3490,73802243.232,73806579.741,74830472,1,false
idle,3491,73822771.677,73827111.905,74851036,1,false
idle,3492,73843302.546,73847548.409,74871488,1,false
idle,3493,73863734.096,73868043.759,74891912,1,false
idle,3494,73884298.271,73889248.073,74912444,1,false
idle,3495,73904791.482,73909393.362,74932956,1,false
idle,3496,73924912.578,73929939.813,74953016,1,false
idle,3497,73945499.487,73949986.370,74973580,1,false
idle,3498,73966193.335,73970439.760,74994260,1,false
idle,3499,73986625.496,73990923.731,75014668,1,false
idle,3500,74007122.429,74011374.562,75035144,1,false
idle,3501,74027566.108,74031846.407,75055572,1,false
idle,3502,74048039.620,74052369.496,75076024,1,false
idle,3503,74068826.365,74073212.876,75096792,1,false
idle,3504,74089670.062,74093714.374,75117608,1,false
idle,3505,74110279.830,74114165.263,75138200,1,false
idle,3506,74130665.511,74134657.776,75158564,1,false
idle,3507,74151023.777,74155221.288,75178908,1,false
idle,3508,74171919.770,74175768.673,75199788,1,false
idle,3509,74191974.443,74196057.218,75219812,1,false
idle,3510,74212604.410,74216161.090,75240424,1,false
idle,3511,74233353.486,74236613.671,75261152,1,false
idle,3512,74253800.502,74257040.706,75281612,1,false
idle,3513,74274255.201,74277628.136,75302016,1,false
idle,3514,74294812.731,74298114.375,75322568,1,false
idle,3515,74315317.438,74318571.346,75343032,1,false
idle,3516,74335754.476,74339126.599,75363456,1,false
idle,3517,74356330.800,74359544.999,75384012,1,false
idle,3518,74376874.347,74380371.597,75404540,1,false
idle,3519,74397850.317,74401206.494,75425488,1,false
idle,3520,74418648.342,74421396.026,75446264,1,false
idle,3521,74439647.800,74441638.683,75467256,1,false
idle,3522,74459894.920,74462269.903,75487476,1,false
idle,3523,74480813.393,74482717.850,75508392,1,false
idle,3524,74501015.739,74503353.122,75528548,1,false
idle,3525,74521931.878,74523467.171,75549452,1,false
idle,3526,74542664.745,74547858.066,75570164,1,false
idle,3527,74563061.431,74564351.599,75590540,1,false
idle,3528,74583543.845,74584782.281,75611004,1,false
idle,3529,74603979.627,74605206.464,75631416,1,false
idle,3530,74624365.872,74625765.020,75651784,1,false
idle,3531,74644959.187,74646240.612,75672356,1,false
idle,3532,74665430.351,74666729.617,75692808,1,false
idle,3533,74685922.165,74687175.908,75713284,1,false
idle,3534,74706364.403,74707640.280,75733704,1,false
idle,3535,74726823.672,74728128.328,75754144,1,false
idle,3536,74747364.332,74748637.394,75774664,1,false
idle,3537,74767826.542,74769149.197,75795108,1,false
idle,3538,74788351.014,74793688.173,75815612,1,false
idle,3539,74808872.791,74814188.251,75836108,1,false
idle,3540,74829363.444,74834633.551,75856584,1,false
idle,3541,74849817.358,74855116.766,75877028,1,false
idle,3542,74870325.588,74875576.193,75897500,1,false
idle,3543,74890762.776,74896114.685,75917988,1,false
idle,3544,74911321.798,74916571.987,75938448,1,false
idle,3545,74931762.435,74937015.999,75958952,1,false
idle,3546,74952321.208,74957895.765,75979408,1,false
idle,3547,74973448.100,74978352.833,76000528,1,false
idle,3548,74993796.826,74998749.312,76020888,1,false
idle,3549,75014158.379,75019146.219,76041188,1,false
idle,3550,75034529.886,75039558.265,76061544,1,false
idle,3551,75055036.780,75060281.863,76082036,1,false
idle,3552,75075780.479,75080767.458,76102804,1,false
idle,3553,75096248.774,75101223.178,76123208,1,false
idle,3554,75116719.299,75121909.741,76143656,1,false
idle,3555,75137533.160,75142210.979,76164444,1,false
idle,3556,75157707.798,75163081.705,76184600,1,false
idle,3557,75178645.118,75182969.733,76205516,1,false
idle,3558,75199489.426,75203773.323,76226340,1,false
idle,3559,75220450.072,75223881.492,76247288,1,false
idle,3560,75241398.170,75244552.278,76268208,1,false
idle,3561,75262086.824,75265048.802,76288880,1,false
idle,3562,75282473.472,75285274.192,76309240,1,false
idle,3563,75303466.879,75305543.894,76330220,1,false
idle,3564,75323727.342,75326159.260,76350456,1,false
idle,3565,75344454.560,75346612.881,76371164,1,false
idle,3566,75364794.331,75367053.709,76391520,1,false
idle,3567,75385242.969,75387518.596,76411920,1,false
idle,3568,75405963.951,75408377.762,76432616,1,false
idle,3569,75426847.468,75428548.441,76453476,1,false
idle,3570,75446944.189,75449296.806,76473560,1,false
idle,3571,75467629.693,75469468.803,76494220,1,false
idle,3572,75488661.152,75489946.633,76515236,1,false
idle,3573,75509148.917,75510354.374,76535704,1,false
idle,3574,75529555.873,75530860.371,76556088,1,false
idle,3575,75550060.350,75551328.587,76576568,1,false
idle,3576,75570512.286,75571823.224,76597004,1,false
idle,3577,75591018.587,75592285.736,76617496,1,false
idle,3578,75611485.988,75612786.722,76637932,1,false
idle,3579,75631975.674,75633240.337,76658412,1,false
idle,3580,75652437.478,75653754.013,76678852,1,false
idle,3581,75672936.742,75674228.370,76699328,1,false
idle,3582,75693418.084,75694717.487,76719788,1,false
idle,3583,75713900.921,75715169.845,76740248,1,false
idle,3584,75734359.874,75735754.416,76760688,1,false
idle,3585,75754943.225,75756102.796,76781264,1,false
idle,3586,75775295.815,75776568.031,76801588,1,false
idle,3587,75795747.825,75797025.977,76822024,1,false
idle,3588,75816217.544,75817569.720,76842468,1,false
idle,3589,75836755.251,75838045.848,76863052,1,false
idle,3590,75857234.851,75859204.081,76883444,1,false
idle,3591,75877675.091,75879057.816,76903848,1,false
idle,3592,75898267.447,75899532.066,76924440,1,false
idle,3593,75918723.554,75919978.511,76944872,1,false
idle,3594,75939171.302,75940485.653,76965300,1,false
idle,3595,75959922.913,75965065.788,76986028,1,false
idle,3596,75980300.981,75985464.272,77006392,1,false
idle,3597,76000638.220,76001884.565,77026704,1,false
idle,3598,76021081.826,76022381.319,77047132,1,false
idle,3599,76041571.258,76042855.565,77067608,1,false
idle,3600,76062045.934,76063337.571,77088060,1,false
idle,3601,76082523.465,76083792.199,77108520,1,false
idle,3602,76102981.588,76104291.511,77128956,1,false
idle,3603,76123463.444,76124792.531,77149408,1,false
idle,3604,76143981.234,76145258.974,77169908,1,false
idle,3605,76164440.988,76165687.404,77190360,1,false
idle,3606,76184862.597,76186217.724,77210748,1,false
idle,3607,76205410.372,76206695.827,77231284,1,false
idle,3608,76225891.316,76227153.042,77251736,1,false
idle,3609,76246333.456,76247519.691,77272156,1,false
idle,3610,76266707.629,76268072.638,77292520,1,false
idle,3611,76287266.703,76288540.090,77313052,1,false
idle,3612,76307725.853,76309041.932,77333516,1,false
idle,3613,76328247.783,76329486.740,77354000,1,false
idle,3614,76348666.051,76349884.923,77374400,1,false
idle,3615,76369040.371,76370454.663,77394752,1,false
idle,3616,76389637.675,76391046.189,77415332,1,false
idle,3617,76410236.483,76411455.510,77435912,1,false
idle,3618,76430645.678,76432068.051,77456296,1,false
idle,3619,76451515.425,76456515.724,77477140,1,false
idle,3620,76471703.054,76472931.668,77497312,1,false
idle,3621,76492124.600,76493540.366,77517716,1,false
idle,3622,76512708.261,76517934.797,77538276,1,false
idle,3623,76533124.625,76534346.674,77558672,1,false
idle,3624,76553496.751,76554741.103,77579028,1,false
idle,3625,76573889.660,76575285.084,77599396,1,false
idle,3626,76594468.444,76595872.272,77619956,1,false
idle,3627,76615432.397,76621189.619,77640896,1,false
idle,3628,76635468.256,76636782.390,77660912,1,false
idle,3629,76655985.057,76657216.303,77681412,1,false
idle,3630,76676413.596,76677697.878,77701828,1,false
idle,3631,76696872.447,76698108.563,77722260,1,false
idle,3632,76717319.920,76718609.420,77742676,1,false
idle,3633,76737805.079,76739081.461,77763172,1,false
idle,3634,76758275.008,76759464.443,77783600,1,false
idle,3635,76778625.373,76780055.160,77803932,1,false
idle,3636,76799238.376,76800536.476,77824524,1,false
idle,3637,76819730.380,76821019.971,77845012,1,false
idle,3638,76840205.717,76841470.814,77865452,1,false
idle,3639,76860664.746,76861976.109,77885888,1,false
idle,3640,76881173.591,76882396.027,77906376,1,false
idle,3641,76901587.347,76902972.336,77926772,1,false
idle,3642,76922183.403,76923377.121,77947348,1,false
idle,3643,76942568.456,76943884.565,77967712,1,false
idle,3644,76963088.985,76964375.722,77988216,1,false
idle,3645,76983565.760,76984841.553,78008672,1,false
idle,3646,77004043.865,77005320.307,78029132,1,false
idle,3647,77024521.135,77025796.065,78049592,1,false
idle,3648,77044993.418,77046269.704,78070040,1,false
idle,3649,77065455.527,77066857.538,78090480,1,false
idle,3650,77086099.948,77087423.986,78111108,1,false
idle,3651,77106603.411,77107903.705,78131588,1,false
idle,3652,77127115.971,77132255.835,78152084,1,false
idle,3653,77147423.361,77148700.995,78172368,1,false
idle,3654,77167886.138,77169283.733,78192812,1,false
idle,3655,77188466.660,77189747.437,78213368,1,false
idle,3656,77208936.729,77210250.558,78233820,1,false
idle,3657,77229470.701,77230643.604,78254336,1,false
idle,3658,77249843.155,77251059.421,78274688,1,false
idle,3659,77270249.876,77271549.313,78295080,1,false
idle,3660,77290759.274,77291999.793,78315632,1,false
idle,3661,77311209.892,77312521.010,78335992,1,false
idle,3662,77331712.831,77332969.078,78356472,1,false
idle,3663,77352175.929,77353473.352,78376916,1,false
idle,3664,77372665.201,77373976.576,78397392,1,false
idle,3665,77393179.054,77394532.262,78417884,1,false
idle,3666,77413715.415,77414993.565,78438396,1,false
idle,3667,77434199.447,77435437.896,78458860,1,false
idle,3668,77454636.599,77455890.839,78479284,1,false
idle,3669,77475083.110,77476390.223,78499704,1,false
idle,3670,77495575.426,77496925.019,78520180,1,false
idle,3671,77516115.503,77517349.971,78540700,1,false
idle,3672,77536536.718,77537826.467,78561104,1,false
idle,3673,77557054.936,77558285.917,78581600,1,false
idle,3674,77577470.726,77578813.904,78601996,1,false
idle,3675,77598006.567,77599269.666,78622508,1,false
idle,3676,77618455.407,77619697.876,78642936,1,false
idle,3677,77638873.236,77640266.706,78663340,1,false
idle,3678,77659451.511,77660694.850,78683896,1,false
idle,3679,77679881.577,77681220.440,78704308,1,false
idle,3680,77700368.036,77701635.425,78724780,1,false
idle,3681,77720818.293,77722188.990,78745200,1,false
idle,3682,77741360.449,77742642.503,78765728,1,false
idle,3683,77761833.368,77763140.486,78786176,1,false
idle,3684,77782345.446,77783595.968,78806668,1,false
idle,3685,77802777.199,77804063.035,78827124,1,false
idle,3686,77823264.422,77824540.491,78847552,1,false
idle,3687,77843729.760,77845049.211,78868000,1,false
idle,3688,77864239.792,77865513.350,78888480,1,false
idle,3689,77884688.653,77886130.008,78908920,1,false
idle,3690,77905359.617,77910606.192,78929560,1,false
idle,3691,77925799.227,77931114.335,78950004,1,false
idle,3692,77946319.142,77951568.220,78970468,1,false
idle,3693,77966746.852,77972109.857,78990892,1,false
idle,3694,77987300.993,77992500.386,79011428,1,false
idle,3695,78007679.958,78008938.441,79031784,1,false
idle,3696,78028118.078,78029425.568,79052204,1,false
idle,3697,78048605.958,78049943.551,79072672,1,false
idle,3698,78069134.553,78074484.017,79093176,1,false
idle,3699,78089665.783,78094984.291,79113688,1,false
idle,3700,78110174.984,78115336.419,79134176,1,false
idle,3701,78130520.126,78131829.998,79154500,1,false
idle,3702,78151021.190,78152271.697,79174980,1,false
idle,3703,78171451.753,78172799.743,79195400,1,false
idle,3704,78191990.102,78193249.371,79215912,1,false
idle,3705,78212436.893,78213798.631,79236344,1,false
idle,3706,78232971.942,78238208.648,79256856,1,false
idle,3707,78253365.089,78254719.854,79277224,1,false
idle,3708,78273903.648,78275177.838,79297740,1,false
idle,3709,78294359.859,78295568.220,79318180,1,false
idle,3710,78314747.148,78316024.566,79338620,1,false
idle,3711,78335212.720,78336565.921,79359000,1,false
idle,3712,78355730.799,78357036.825,79379500,1,false
idle,3713,78376186.411,78377485.591,79399940,1,false
idle,3714,78396642.266,78397979.041,79420368,1,false
idle,3715,78417127.148,78418351.661,79440828,1,false
idle,3716,78437500.043,78438864.968,79461180,1,false
idle,3717,78458010.789,78459336.001,79481668,1,false
idle,3718,78478484.283,78479785.455,79502124,1,false
idle,3719,78498942.870,78500197.232,79522564,1,false
idle,3720,78519354.321,78520778.223,79542956,1,false
idle,3721,78539925.700,78541254.587,79563508,1,false
idle,3722,78560398.178,78561726.606,79583960,1,false
idle,3723,78580878.644,78582206.398,79604420,1,false
idle,3724,78601501.793,78602666.764,79625024,1,false
idle,3725,78621829.313,78623169.766,79645328,1,false
idle,3726,78642349.524,78643721.781,79665828,1,false
idle,3727,78662909.239,78664184.862,79686368,1,false
idle,3728,78683361.000,78684737.432,79706808,1,false
idle,3729,78704022.546,78709813.905,79727444,1,false
idle,3730,78724072.217,78725700.761,79747472,1,false
idle,3731,78744912.951,78746130.093,79768292,1,false
idle,3732,78765339.149,78766569.199,79788704,1,false
idle,3733,78785754.264,78787151.874,79809152,1,false
idle,3734,78806682.938,78811711.727,79830004,1,false
idle,3735,78826899.157,78832214.430,79850196,1,false
idle,3736,78847364.860,78853004.649,79870644,1,false
idle,3737,78867403.003,78869658.207,79890660,1,false
idle,3738,78887916.644,78889511.818,79911152,1,false
idle,3739,78908729.462,78909871.726,79931960,1,false
idle,3740,78929077.867,78930569.708,79952276,1,false
idle,3741,78949758.466,78955116.573,79973004,1,false
idle,3742,78970314.224,78975530.135,79993464,1,false
idle,3743,78990727.708,78995985.017,80013876,1,false
idle,3744,79011176.117,79016489.425,80034296,1,false
idle,3745,79031673.865,79036922.256,80054776,1,false
idle,3746,79052114.501,79053379.394,80075196,1,false
idle,3747,79072841.102,79077842.799,80095900,1,false
idle,3748,79093026.505,79094189.955,80116064,1,false
idle,3749,79113343.562,79114647.246,80136364,1,false
idle,3750,79133831.726,79135053.045,80156828,1,false
idle,3751,79154281.355,79155616.512,80177256,1,false
idle,3752,79174809.981,79176152.584,80197776,1,false
idle,3753,79195357.023,79196638.641,80218292,1,false
idle,3754,79215826.971,79217109.927,80238752,1,false
idle,3755,79236282.662,79237550.828,80259184,1,false
idle,3756,79256747.113,79258028.389,80279700,1,false
idle,3757,79277193.226,79278429.474,80300056,1,false
idle,3758,79297596.129,79298897.139,80320440,1,false
idle,3759,79318065.788,79319373.804,80340888,1,false
idle,3760,79338526.576,79339876.266,80361324,1,false
idle,3761,79359037.324,79360352.579,80381820,1,false
idle,3762,79379522.646,79380892.459,80402280,1,false
idle,3763,79400058.967,79401260.823,80422800,1,false
idle,3764,79420422.550,79421749.799,80443144,1,false
idle,3765,79440921.693,79442262.362,80463624,1,false
idle,3766,79461442.195,79462708.800,80484120,1,false
idle,3767,79481880.584,79483228.024,80504544,1,false
idle,3768,79502404.997,79503698.415,80525040,1,false
idle,3769,79522852.031,79524180.664,80545468,1,false
idle,3770,79543359.551,79544732.576,80565960,1,false
idle,3771,79563896.616,79565382.713,80586472,1,false
idle,3772,79584560.545,79585924.403,80607120,1,false
idle,3773,79605119.558,79610205.477,80627656,1,false
idle,3774,79625347.714,79626665.656,80647864,1,false
idle,3775,79645834.425,79647113.782,80668332,1,false
idle,3776,79666264.586,79667603.431,80688740,1,false
idle,3777,79686754.662,79688073.595,80709272,1,false
idle,3778,79707219.447,79708536.674,80729660,1,false
idle,3779,79727679.950,79729010.668,80750108,1,false
idle,3780,79748154.128,79749505.514,80770548,1,false
idle,3781,79768656.021,79769969.608,80791036,1,false
idle,3782,79789115.435,79790475.801,80811476,1,false
idle,3783,79809648.595,79810950.017,80831980,1,false
idle,3784,79830107.738,79831462.518,80852424,1,false
idle,3785,79850604.635,79851957.194,80872900,1,false
idle,3786,79871126.289,79872406.603,80893400,1,false
idle,3787,79891592.560,79892882.535,80913852,1,false
idle,3788,79912044.527,79913363.207,80934280,1,false
idle,3789,79932517.950,79933827.912,80954736,1,false
idle,3790,79953007.441,79954340.796,80975204,1,false
idle,3791,79973503.305,79974777.402,80995680,1,false
idle,3792,79993937.376,79995238.881,81016096,1,false
idle,3793,80014403.198,80015848.570,81036536,1,false
idle,3794,80035160.173,80040334.138,81057280,1,false
idle,3795,80055518.032,80056682.110,81077612,1,false
idle,3796,80075963.857,80077809.725,81098044,1,false
idle,3797,80097026.537,80101772.040,81119088,1,false
idle,3798,80117939.904,80122263.100,81139976,1,false
idle,3799,80138410.091,80142720.639,81160424,1,false
idle,3800,80158867.932,80163169.861,81180864,1,false
idle,3801,80179335.832,80183721.611,81201312,1,false
idle,3802,80199868.854,80204136.341,81221824,1,false
idle,3803,80220296.153,80224635.783,81242236,1,false
idle,3804,80240809.824,80245053.606,81262724,1,false
idle,3805,80261222.583,80265517.444,81283116,1,false
idle,3806,80281691.795,80286005.597,81303572,1,false
idle,3807,80302147.915,80306484.476,81323996,1,false
idle,3808,80322646.939,80326963.362,81344480,1,false
idle,3809,80343138.633,80347451.982,81364956,1,false
idle,3810,80363631.049,80367907.173,81385420,1,false
idle,3811,80384077.503,80388488.702,81405852,1,false
idle,3812,80404682.267,80409006.966,81426440,1,false
idle,3813,80425201.040,80429426.523,81446936,1,false
idle,3814,80445610.788,80450016.276,81467320,1,false
idle,3815,80466207.901,80470451.449,81487900,1,false
idle,3816,80486636.355,80490852.035,81508308,1,false
idle,3817,80507044.165,80511343.271,81528704,1,false
idle,3818,80527849.144,80532295.507,81549484,1,false
idle,3819,80548774.871,80553187.401,81570424,1,false
idle,3820,80569647.480,80572806.103,81591240,1,false
idle,3821,80590024.794,80593372.330,81611592,1,false
idle,3822,80610561.256,80613865.875,81632108,1,false
idle,3823,80631076.876,80634333.030,81652604,1,false
idle,3824,80651555.642,80654810.860,81673068,1,false
idle,3825,80672023.118,80675269.630,81693512,1,false
idle,3826,80692456.362,80695711.974,81713932,1,false
idle,3827,80712895.600,80716199.058,81734344,1,false
idle,3828,80733430.976,80736590.838,81754864,1,false
idle,3829,80753749.390,80757113.877,81775224,1,false
idle,3830,80774263.490,80777589.123,81795656,1,false
idle,3831,80794736.073,80798035.504,81816108,1,false
idle,3832,80815181.693,80818621.555,81836532,1,false
idle,3833,80835772.259,80839068.670,81857140,1,false
idle,3834,80856218.029,80859553.976,81877528,1,false
idle,3835,80876698.797,80880000.845,81897988,1,false
idle,3836,80897149.979,80900443.164,81918420,1,false
idle,3837,80917943.006,80921548.201,81939196,1,false
idle,3838,80938880.591,80941615.801,81960108,1,false
idle,3839,80959825.466,80962283.385,81981032,1,false
idle,3840,80980667.524,80982459.437,82001860,1,false
idle,3841,81001643.395,81002925.910,82022808,1,false
idle,3842,81022118.765,81023440.428,82043264,1,false
idle,3843,81042622.250,81044008.642,82063752,1,false
idle,3844,81063195.771,81068398.541,82084304,1,false
idle,3845,81083577.596,81084825.122,82104664,1,false
idle,3846,81104018.423,81105339.202,82125088,1,false
idle,3847,81124523.440,81125787.751,82145576,1,false
idle,3848,81145010.475,81146469.118,82166036,1,false
idle,3849,81165650.913,81170937.000,82186664,1,false
idle,3850,81186139.416,81191378.444,82207132,1,false
idle,3851,81206558.768,81211781.317,82227524,1,false
idle,3852,81226978.793,81228230.428,82247924,1,false
idle,3853,81247421.733,81248743.248,82268348,1,false
idle,3854,81267930.697,81269150.663,82288848,1,false
idle,3855,81288352.110,81289643.845,82309244,1,false
idle,3856,81308831.388,81310108.718,82329696,1,false
idle,3857,81329299.965,81330587.865,82350148,1,false
idle,3858,81349772.816,81351101.947,82370632,1,false
idle,3859,81370290.670,81371552.046,82391104,1,false
idle,3860,81390753.432,81392045.293,82411608,1,false
idle,3861,81411272.932,81412577.929,82432040,1,false
idle,3862,81431753.963,81437031.010,82452564,1,false
idle,3863,81452255.968,81453479.688,82472984,1,false
idle,3864,81472662.945,81473974.140,82493364,1,false
idle,3865,81493177.962,81494336.763,82513872,1,false
idle,3866,81513501.583,81514795.485,82534172,1,false
idle,3867,81533958.009,81535313.618,82554604,1,false
idle,3868,81554460.444,81555760.380,82575092,1,false
idle,3869,81574902.888,81576243.893,82595508,1,false
idle,3870,81595426.756,81596815.026,82616020,1,false
idle,3871,81616004.239,81617337.417,82636572,1,false
idle,3872,81636508.267,81637665.736,82657052,1,false
idle,3873,81656822.746,81658312.779,82677348,1,false
idle,3874,81677495.594,81678725.937,82698000,1,false
idle,3875,81697946.078,81699187.653,82718432,1,false
idle,3876,81718376.626,81719673.976,82738844,1,false
idle,3877,81738868.024,81740169.739,82759316,1,false
idle,3878,81759354.985,81760646.965,82779780,1,false
idle,3879,81779843.527,81781114.958,82800252,1,false
idle,3880,81800376.766,81801558.668,82820760,1,false
idle,3881,81820746.369,81822047.704,82841184,1,false
idle,3882,81841246.925,81842542.835,82861588,1,false
idle,3883,81861729.206,81862992.406,82882060,1,false
idle,3884,81882176.754,81883506.865,82902492,1,false
idle,3885,81902657.118,81904003.698,82922944,1,false
idle,3886,81923178.472,81924456.047,82943452,1,false
idle,3887,81943625.706,81944932.119,82963876,1,false
idle,3888,81964117.895,81965348.994,82984344,1,false
idle,3889,81984501.618,81985828.518,83004712,1,false
idle,3890,82005013.442,82006340.109,83025196,1,false
idle,3891,82025519.940,82026800.552,83045688,1,false
idle,3892,82045996.637,82047436.746,83066148,1,false
idle,3893,82066972.734,82072225.707,83087100,1,false
idle,3894,82087756.393,82093242.316,83107912,1,false
idle,3895,82108611.495,82113238.469,83128688,1,false
idle,3896,82129647.073,82133828.758,83149704,1,false
idle,3897,82150133.592,82153944.406,83170176,1,false
idle,3898,82171223.323,82174356.417,83191244,1,false
idle,3899,82191576.135,82194797.866,83211576,1,false
idle,3900,82212004.937,82215327.687,83231984,1,false
idle,3901,82232487.192,82235768.801,83252452,1,false
idle,3902,82252975.664,82256337.130,83272920,1,false
idle,3903,82273556.473,82276757.591,83293476,1,false
idle,3904,82293945.426,82297332.190,83313848,1,false
idle,3905,82314813.950,82317796.651,83334700,1,false
idle,3906,82335067.355,82338168.286,83354928,1,false
idle,3907,82355379.040,82358648.751,83375224,1,false
idle,3908,82375852.511,82379023.856,83395676,1,false
idle,3909,82396201.577,82399525.519,83416000,1,false
idle,3910,82416722.159,82420025.909,83436512,1,false
idle,3911,82437254.978,82440517.306,83457016,1,false
idle,3912,82457709.737,82461003.824,83477460,1,false
idle,3913,82478209.648,82481518.303,83497936,1,false
idle,3914,82498707.199,82502548.433,83518412,1,false
idle,3915,82518989.579,82522853.397,83538668,1,false
idle,3916,82539368.163,82543492.864,83559032,1,false
idle,3917,82559880.343,82563527.777,83579520,1,false
idle,3918,82580733.207,82584000.583,83600356,1,false
idle,3919,82601187.848,82604491.488,83620788,1,false
idle,3920,82621684.752,82624952.060,83641260,1,false
idle,3921,82642536.782,82645933.023,83662096,1,false
idle,3922,82663478.667,82666086.600,83683020,1,false
idle,3923,82683597.395,82687287.761,83703116,1,false
idle,3924,82703745.422,82707229.450,83723312,1,false
idle,3925,82724738.029,82727251.968,83744288,1,false
idle,3926,82745434.818,82747674.002,83764896,1,false
idle,3927,82765879.657,82768173.713,83785316,1,false
idle,3928,82786359.153,82788781.253,83805776,1,false
idle,3929,82806974.040,82809292.198,83826380,1,false
idle,3930,82827559.055,82829755.266,83846936,1,false
idle,3931,82847953.067,82850220.281,83867308,1,false
idle,3932,82868546.959,82870668.701,83887884,1,false
idle,3933,82889065.886,82891037.993,83908384,1,false
idle,3934,82909205.988,82911531.650,83928508,1,false
idle,3935,82929682.323,82932018.608,83948964,1,false
idle,3936,82950245.389,82952499.190,83969500,1,false
idle,3937,82970751.004,82972988.645,83990052,1,false
idle,3938,82991180.568,82993462.708,84010400,1,false
idle,3939,83011655.163,83013879.554,84030856,1,false
idle,3940,83032044.207,83034321.356,84051220,1,false
idle,3941,83052487.548,83054774.646,84071644,1,false
idle,3942,83072929.631,83075266.882,84092068,1,false
idle,3943,83093414.066,83095748.122,84112532,1,false
idle,3944,83113918.291,83116217.698,84133008,1,false
idle,3945,83134403.615,83136688.344,84153480,1,false
idle,3946,83154841.079,83157174.462,84173896,1,false
idle,3947,83175342.127,83177666.595,84194380,1,false
idle,3948,83195828.525,83198130.826,84214848,1,false
idle,3949,83216292.328,83218599.906,84235292,1,false
idle,3950,83236755.412,83239095.869,84255792,1,false
idle,3951,83257264.110,83259568.931,84276224,1,false
idle,3952,83277749.103,83280279.700,84296744,1,false
idle,3953,83298458.834,83300535.368,84317372,1,false
idle,3954,83318723.290,83321295.349,84337624,1,false
idle,3955,83339498.328,83341564.046,84358380,1,false
idle,3956,83359746.994,83362167.658,84378668,1,false
idle,3957,83380361.806,83382576.166,84399196,1,false
idle,3958,83400773.536,83403060.986,84419624,1,false
idle,3959,83421264.671,83423492.404,84440068,1,false
idle,3960,83441698.125,83444077.931,84460476,1,false
idle,3961,83462276.481,83464676.585,84481040,1,false
idle,3962,83482868.585,83484993.386,84501608,1,false
idle,3963,83503201.621,83505414.243,84521916,1,false
idle,3964,83523621.371,83526064.023,84542320,1,false
idle,3965,83544269.900,83546471.268,84562960,1,false
idle,3966,83564654.477,83566862.674,84583308,1,false
idle,3967,83585015.722,83587329.279,84603648,1,false
idle,3968,83605525.107,83607816.083,84624144,1,false
idle,3969,83626053.543,83628337.452,84644648,1,false
idle,3970,83646530.253,83648991.526,84665104,1,false
idle,3971,83667182.921,83669482.216,84685740,1,false
idle,3972,83687674.689,83689922.691,84706220,1,false
idle,3973,83708130.061,83710223.155,84726648,1,false
idle,3974,83728420.769,83730700.074,84746928,1,false
idle,3975,83748894.971,83751228.444,84767376,1,false
idle,3976,83769406.216,83771856.092,84787868,1,false
idle,3977,83790064.553,83792150.710,84808500,1,false
idle,3978,83810323.275,83812649.875,84828728,1,false
idle,3979,83830835.244,83833023.003,84849232,1,false
idle,3980,83851195.399,83853564.697,84869568,1,false
idle,3981,83871709.889,83874231.472,84890072,1,false
idle,3982,83892433.003,83894674.761,84910772,1,false
idle,3983,83912869.705,83915222.857,84931180,1,false
idle,3984,83933416.898,83935666.335,84951716,1,false
idle,3985,83953863.362,83956140.481,84972136,1,false
idle,3986,83974344.498,83976606.149,84992604,1,false
idle,3987,83994807.291,83997158.631,85013044,1,false
idle,3988,84015369.188,84017562.860,85033584,1,false
idle,3989,84035767.408,84038054.952,85054000,1,false
idle,3990,84056271.290,84058505.114,85074452,1,false
idle,3991,84076699.917,84079021.338,85094856,1,false
idle,3992,84097230.080,84099493.950,85115368,1,false
idle,3993,84117696.652,84119951.601,85135816,1,false
idle,3994,84138165.381,84140451.041,85156260,1,false
idle,3995,84158642.383,84160675.575,85176712,1,false
idle,3996,84178842.746,84181139.250,85196900,1,false
idle,3997,84199322.137,84201611.583,85217352,1,false
idle,3998,84219793.455,84222174.113,85237816,1,false
idle,3999,84240443.358,84242725.570,85258436,1,false
idle,4000,84260903.080,84263290.918,85278880,1,false
idle,4001,84281446.827,84283846.367,85299396,1,false
idle,4002,84302303.455,84304450.999,85320240,1,false
idle,4003,84322647.809,84324734.489,85340556,1,false
idle,4004,84342926.554,84345221.694,85360820,1,false
idle,4005,84363752.482,84365969.269,85381680,1,false
idle,4006,84384483.139,84386551.455,85402336,1,false
idle,4007,84404769.546,84407264.457,85422636,1,false
idle,4008,84425528.798,84427110.348,85443344,1,false
idle,4009,84446289.449,84447612.861,85464084,1,false
idle,4010,84466883.474,84472487.212,85484652,1,false
idle,4011,84486936.797,84489253.250,85504684,1,false
idle,4012,84507835.027,84513016.037,85525564,1,false
idle,4013,84528224.712,84529499.120,85545932,1,false
idle,4014,84548958.677,84554203.469,85566648,1,false
idle,4015,84569720.338,84574486.223,85587400,1,false
idle,4016,84590657.343,84595082.741,85608308,1,false
idle,4017,84611529.431,84615900.321,85629156,1,false
idle,4018,84632386.784,84636385.408,85650000,1,false
idle,4019,84652861.518,84656572.039,85670448,1,false
idle,4020,84673844.288,84677048.688,85691420,1,false
idle,4021,84694539.935,84697930.517,85712084,1,false
idle,4022,84715519.354,84718297.393,85733048,1,false
idle,4023,84735792.513,84739272.499,85753304,1,false
idle,4024,84756586.780,84759293.406,85774076,1,false
idle,4025,84777521.548,84779390.089,85794984,1,false
idle,4026,84797534.109,84799849.016,85814980,1,false
idle,4027,84818161.672,84820175.820,85835588,1,false
idle,4028,84838338.207,84840654.791,85855752,1,false
idle,4029,84858803.052,84861133.053,85876192,1,false
idle,4030,84879290.230,84881604.645,85896656,1,false
idle,4031,84899755.229,84902093.487,85917148,1,false
idle,4032,84920247.645,84922533.085,85937580,1,false
idle,4033,84940745.514,84942951.704,85958112,1,false
idle,4034,84961105.459,84963471.150,85978400,1,false
idle,4035,84981656.392,84983904.483,85998928,1,false
idle,4036,85002081.277,85004401.267,86019324,1,false
idle,4037,85022566.888,85024866.982,86039796,1,false
idle,4038,85043027.419,85045370.368,86060232,1,false
idle,4039,85063528.987,85065873.184,86080712,1,false
idle,4040,85084023.468,85086416.836,86101192,1,false
idle,4041,85104604.129,85106830.331,86121756,1,false
idle,4042,85125021.782,85127346.320,86142156,1,false
idle,4043,85145501.274,85147796.624,86162612,1,false
idle,4044,85165961.158,85168281.683,86183056,1,false
idle,4045,85186439.501,85188743.038,86203504,1,false
idle,4046,85206918.952,85209199.283,86223972,1,false
idle,4047,85227337.887,85229760.291,86244368,1,false
idle,4048,85247929.903,85250169.579,86264936,1,false
idle,4049,85268339.242,85270642.596,86285332,1,false
idle,4050,85288826.205,85291140.396,86305800,1,false
idle,4051,85309325.445,85311592.246,86326268,1,false
idle,4052,85329775.436,85332075.767,86346732,1,false
idle,4053,85350253.499,85352605.141,86367160,1,false
idle,4054,85370757.038,85373049.704,86387696,1,false
idle,4055,85391214.810,85393523.311,86408080,1,false
idle,4056,85411697.165,85413985.631,86428544,1,false
idle,4057,85432145.941,85434470.341,86448972,1,false
idle,4058,85452627.760,85454937.553,86469436,1,false
idle,4059,85473124.254,85475429.125,86489916,1,false
idle,4060,85493577.884,85495892.677,86510344,1,false
idle,4061,85514052.210,85516476.643,86530800,1,false
idle,4062,85534632.230,85536915.964,86551364,1,false
idle,4063,85555071.970,85557340.411,86571768,1,false
idle,4064,85575508.091,85577870.138,86592192,1,false
idle,4065,85596037.870,85598302.841,86612700,1,false
idle,4066,85616461.388,85618779.904,86633108,1,false
idle,4067,85636946.508,85639245.444,86653576,1,false
idle,4068,85657407.603,85659865.225,86674020,1,false
idle,4069,85678063.063,85680331.317,86694648,1,false
idle,4070,85698520.457,85700792.633,86715088,1,false
idle,4071,85718965.921,85721160.436,86735508,1,false
idle,4072,85739344.664,85741650.916,86755872,1,false
idle,4073,85759803.098,85762413.324,86776308,1,false
idle,4074,85780617.060,85782835.983,86797100,1,false
idle,4075,85801038.910,85803342.745,86817508,1,false
idle,4076,85821545.694,85823870.613,86837996,1,false
idle,4077,85842087.621,85844372.310,86858512,1,false
idle,4078,85862572.006,85864761.057,86878976,1,false
idle,4079,85882975.582,85885217.695,86899364,1,false
idle,4080,85903415.910,85905717.777,86919784,1,false
idle,4081,85923904.631,85926165.089,86940252,1,false
idle,4082,85944360.828,85946629.688,86960680,1,false
idle,4083,85964825.679,85967119.213,86981128,1,false
idle,4084,85985315.100,85987495.055,87001592,1,false
idle,4085,86005689.914,86007964.534,87021952,1,false
idle,4086,86026154.788,86028480.301,87042400,1,false
idle,4087,86046676.875,86048955.850,87062900,1,false
idle,4088,86067148.690,86069406.507,87083352,1,false
idle,4089,86087608.556,86089949.686,87103788,1,false
idle,4090,86108168.380,86110381.709,87124336,1,false
idle,4091,86128568.006,86130829.261,87144712,1,false
idle,4092,86149030.254,86151248.134,87165156,1,false
idle,4093,86169424.507,86171744.096,87185532,1,false
idle,4094,86189921.232,86192197.111,87206008,1,false
idle,4095,86210336.545,86212652.785,87226404,1,false
idle,4096,86230801.800,86233165.118,87246852,1,false
idle,4097,86251349.435,86253646.630,87267376,1,false
idle,4098,86271807.831,86274122.696,87287816,1,false
idle,4099,86292318.812,86294607.955,87308304,1,false
idle,4100,86312763.109,86315065.490,87328764,1,false
idle,4101,86333223.153,86335546.826,87349164,1,false
idle,4102,86353691.234,86356025.396,87369620,1,false
idle,4103,86374208.003,86376509.047,87390108,1,false
idle,4104,86394657.485,86396979.469,87410540,1,false
idle,4105,86415139.778,86417466.444,87431008,1,false
idle,4106,86435658.361,86437937.857,87451496,1,false
idle,4107,86456089.729,86458429.856,87471912,1,false
idle,4108,86476583.028,86478902.128,87492384,1,false
idle,4109,86497054.265,86499380.069,87512836,1,false
idle,4110,86517551.088,86519851.467,87533316,1,false
idle,4111,86537994.169,86540337.442,87553736,1,false
idle,4112,86558485.287,86560862.484,87574208,1,false
idle,4113,86579009.136,86581278.778,87594716,1,false
idle,4114,86599425.088,86601770.074,87615104,1,false
idle,4115,86619917.649,86622449.103,87635580,1,false
idle,4116,86640648.849,86642893.223,87656288,1,false
idle,4117,86661061.640,86663286.202,87676688,1,false
idle,4118,86681432.026,86683768.213,87697032,1,false
idle,4119,86701948.684,86704256.050,87717532,1,false
idle,4120,86722422.426,86724685.349,87737980,1,false
idle,4121,86743206.807,86745237.727,87758748,1,false
idle,4122,86763409.862,86765687.411,87778936,1,false
idle,4123,86783862.476,86786162.514,87799360,1,false
idle,4124,86804323.672,86806636.082,87819796,1,false
idle,4125,86824804.478,86827292.000,87840264,1,false
idle,4126,86845517.351,86847746.042,87860960,1,false
idle,4127,86865930.267,86868071.857,87881348,1,false
idle,4128,86886232.230,86888555.968,87901632,1,false
idle,4129,86906704.298,86909051.756,87922088,1,false
idle,4130,86927224.411,86929594.474,87942588,1,false
idle,4131,86947775.457,86950081.831,87963136,1,false
idle,4132,86968245.392,86970683.340,87983572,1,false
idle,4133,86988906.613,86991113.273,88004208,1,false
idle,4134,87009336.086,87011535.626,88024616,1,false
idle,4135,87029710.448,87031965.896,88044980,1,false
idle,4136,87050121.304,87052461.624,88065364,1,false
idle,4137,87070664.061,87073169.339,88085892,1,false
idle,4138,87091366.460,87093507.359,88106572,1,false
idle,4139,87111712.216,87114051.568,88126900,1,false
idle,4140,87132327.710,87134344.710,88147480,1,false
idle,4141,87152504.115,87154811.051,88167648,1,false
idle,4142,87173007.966,87175510.660,88188124,1,false
idle,4143,87193677.692,87195687.856,88208776,1,false
idle,4144,87213842.762,87216287.689,88228924,1,false
idle,4145,87234569.333,87236874.117,88249628,1,false
idle,4146,87255052.190,87257226.726,88270088,1,false
idle,4147,87275422.657,87277896.431,88290444,1,false
idle,4148,87296087.977,87298427.300,88311088,1,false
idle,4149,87316722.955,87318797.026,88331700,1,false
idle,4150,87337005.741,87339057.155,88351968,1,false
idle,4151,87357258.435,87359524.674,88372200,1,false
idle,4152,87377698.723,87380077.418,88392628,1,false
idle,4153,87398269.852,87400719.142,88413172,1,false
idle,4154,87418925.268,87421070.958,88433804,1,false
idle,4155,87439275.301,87441704.343,88454132,1,false
idle,4156,87459918.591,87462137.137,88474764,1,false
idle,4157,87480355.663,87482633.915,88495172,1,false
idle,4158,87500846.190,87503138.256,88515648,1,false
idle,4159,87521364.960,87523580.010,88536148,1,false
idle,4160,87541783.518,87544106.768,88556564,1,false
idle,4161,87562326.328,87564611.707,88577052,1,false
idle,4162,87583136.159,87585035.316,88597852,1,false
idle,4163,87603177.627,87605490.782,88617876,1,false
idle,4164,87623685.539,87626003.624,88638364,1,false
idle,4165,87644204.477,87646342.358,88658864,1,false
idle,4166,87664540.636,87667005.458,88679188,1,false
idle,4167,87685251.776,87687420.350,88699868,1,false
idle,4168,87705625.861,87707905.086,88720224,1,false
idle,4169,87726140.598,87728416.755,88740720,1,false
idle,4170,87746629.801,87748871.218,88761188,1,false
idle,4171,87767072.612,87769358.115,88781608,1,false
idle,4172,87787574.149,87789702.992,88802096,1,false
idle,4173,87807908.727,87810273.616,88822404,1,false
idle,4174,87828470.770,87830785.581,88842940,1,false
idle,4175,87848995.338,87851075.947,88863456,1,false
idle,4176,87869241.843,87871573.595,88883676,1,false
idle,4177,87889722.809,87892084.481,88904212,1,false
idle,4178,87910243.360,87912447.104,88924636,1,false
idle,4179,87930599.796,87932901.326,88944976,1,false
idle,4180,87951059.846,87953420.183,88965416,1,false
idle,4181,87971583.250,87973893.023,88985924,1,false
idle,4182,87992039.892,87994432.984,89006356,1,false
idle,4183,88012603.194,88014936.069,89026900,1,false
idle,4184,88033105.601,88035453.470,89047380,1,false
idle,4185,88053612.387,88055927.987,89067868,1,false
idle,4186,88074093.902,88076290.220,89088332,1,false
idle,4187,88094438.270,88096763.127,89108664,1,false
idle,4188,88114955.419,88117356.706,89129148,1,false
idle,4189,88135511.290,88137809.776,89149684,1,false
idle,4190,88155940.546,88158287.481,89170096,1,false
idle,4191,88176440.415,88178740.876,89190572,1,false
idle,4192,88196897.012,88199282.009,89211012,1,false
idle,4193,88217401.792,88219675.206,89231504,1,false
idle,4194,88237836.386,88240198.783,89251916,1,false
idle,4195,88258532.602,88260805.346,89272592,1,false
idle,4196,88278964.417,88281147.596,89293000,1,false
idle,4197,88299294.909,88301612.444,89313312,1,false
idle,4198,88319790.700,88322087.470,89333784,1,false
idle,4199,88340320.169,88342642.565,89354280,1,false
idle,4200,88360807.669,88363063.792,89374768,1,false
idle,4201,88381225.339,88383518.160,89395160,1,false
idle,4202,88401679.778,88404021.183,89415596,1,false
idle,4203,88422196.942,88424495.231,89436096,1,false
idle,4204,88442652.490,88444963.305,89456536,1,false
idle,4205,88463125.581,88465614.966,89476980,1,false
idle,4206,88483824.710,88486028.827,89497664,1,false
idle,4207,88504278.793,88506529.239,89518104,1,false
idle,4208,88524733.596,88527060.509,89538596,1,false
idle,4209,88545289.308,88547488.674,89559068,1,false
idle,4210,88565724.269,88568040.169,89579548,1,false
idle,4211,88586252.339,88588515.395,89599988,1,false
idle,4212,88606735.448,88609054.242,89620516,1,false
idle,4213,88627258.153,88629514.459,89640948,1,false
idle,4214,88647806.209,88649910.220,89661484,1,false
idle,4215,88668126.644,88670449.675,89681784,1,false
idle,4216,88688663.559,88690846.700,89702296,1,false
idle,4217,88709092.794,88711402.136,89722712,1,false
idle,4218,88729614.945,88731851.559,89743212,1,false
idle,4219,88750079.991,88752422.853,89763652,1,false
idle,4220,88770644.787,88772898.084,89784196,1,false
idle,4221,88791112.022,88793275.532,89804648,1,false
idle,4222,88811469.633,88813831.022,89824980,1,false
idle,4223,88832125.350,88834291.231,89845624,1,false
idle,4224,88852522.243,88854666.658,89865992,1,false
idle,4225,88872867.671,88875169.256,89886320,1,false
idle,4226,88893376.954,88895665.630,89906812,1,false
idle,4227,88913868.931,88916161.919,89927280,1,false
idle,4228,88934368.723,88936638.581,89947760,1,false
idle,4229,88954850.689,88957125.019,89968220,1,false
idle,4230,88975488.756,88977595.822,89988840,1,false
idle,4231,88995778.674,88998030.550,90009124,1,false
idle,4232,89016228.433,89018636.299,90029544,1,false
idle,4233,89036818.987,89039098.571,90050116,1,false
idle,4234,89057287.738,89059526.984,90070560,1,false
idle,4235,89077716.392,89080385.367,90090964,1,false
idle,4236,89098603.285,89100481.578,90111832,1,false
idle,4237,89119667.135,89120988.657,90132884,1,false
idle,4238,89140189.358,89145531.897,90153380,1,false
idle,4239,89160730.236,89166018.871,90173960,1,false
idle,4240,89181216.389,89186476.683,90194372,1,false
idle,4241,89201665.429,89206931.860,90214796,1,false
idle,4242,89222256.464,89227895.186,90235368,1,false
idle,4243,89243110.064,89247785.398,90256200,1,false
idle,4244,89263947.272,89268278.292,90277016,1,false
idle,4245,89284441.709,89288768.753,90297496,1,false
idle,4246,89304923.778,89309179.074,90317956,1,false
idle,4247,89325417.908,89329798.573,90338372,1,false
idle,4248,89345978.084,89350402.449,90358964,1,false
idle,4249,89366589.565,89370776.824,90379560,1,false
idle,4250,89387258.248,89391801.516,90400212,1,false
idle,4251,89408405.957,89412144.179,90421340,1,false
idle,4252,89428606.878,89432445.233,90441508,1,false
idle,4253,89448871.497,89452833.746,90461764,1,false
idle,4254,89469337.517,89473826.020,90482196,1,false
idle,4255,89490412.356,89494040.529,90503260,1,false
idle,4256,89511532.735,89514539.549,90524360,1,false
idle,4257,89531948.787,89534605.302,90544760,1,false
idle,4258,89552799.971,89554891.314,90565584,1,false
idle,4259,89572891.733,89575444.055,90585664,1,false
idle,4260,89593640.611,89595965.186,90606384,1,false
idle,4261,89614155.975,89616352.739,90626884,1,false
idle,4262,89634530.802,89637142.617,90647240,1,false
idle,4263,89655501.365,89657612.761,90668184,1,false
idle,4264,89676173.611,89678344.715,90688844,1,false
idle,4265,89696597.636,89698619.042,90709244,1,false
idle,4266,89716866.636,89719337.020,90729500,1,false
idle,4267,89737605.991,89739923.041,90750208,1,false
idle,4268,89758399.978,89760119.624,90770984,1,false
idle,4269,89778616.778,89780900.192,90791184,1,false
idle,4270,89799490.498,89801243.642,90812036,1,false
idle,4271,89820486.983,89825937.903,90833016,1,false
idle,4272,89841517.548,89846348.541,90854020,1,false
idle,4273,89861716.223,89867186.921,90874200,1,false
idle,4274,89882679.032,89886949.891,90895144,1,false
idle,4275,89903200.047,89907253.293,90915644,1,false
idle,4276,89923431.637,89927672.320,90935856,1,false
idle,4277,89943868.200,89948139.305,90956268,1,false
idle,4278,89964317.982,89968682.092,90976696,1,false
idle,4279,89984885.196,89989138.992,90997248,1,false
idle,4280,90005321.004,90009585.024,91017660,1,false
idle,4281,90025733.933,90030139.332,91038112,1,false
idle,4282,90046324.527,90050524.571,91058620,1,false
idle,4283,90066799.290,90071187.036,91079080,1,false
idle,4284,90087360.063,90091566.879,91099624,1,false
idle,4285,90107742.577,90111982.627,91120028,1,false
idle,4286,90128134.980,90132429.750,91140360,1,false
idle,4287,90148574.930,90152939.233,91160780,1,false
idle,4288,90169080.720,90173450.076,91181268,1,false
idle,4289,90189603.168,90193982.623,91201772,1,false
idle,4290,90210145.065,90214363.198,91222288,1,false
idle,4291,90230569.622,90235047.316,91242688,1,false
idle,4292,90251222.587,90255377.244,91263324,1,false
idle,4293,90271559.752,90275928.541,91283640,1,false
idle,4294,90292128.879,90296413.802,91304188,1,false
idle,4295,90312595.874,90316880.520,91324640,1,false
idle,4296,90333038.878,90337290.696,91345056,1,false
idle,4297,90353396.273,90357703.335,91365400,1,false
idle,4298,90373850.300,90378266.309,91385836,1,false
idle,4299,90394543.749,90398702.471,91406508,1,false
idle,4300,90414848.942,90419194.983,91426792,1,false
idle,4301,90435334.455,90439675.169,91447260,1,false
idle,4302,90455816.541,90460055.196,91467716,1,false
idle,4303,90476203.255,90480599.548,91488084,1,false
idle,4304,90496745.474,90501082.866,91508652,1,false
idle,4305,90517223.475,90521488.125,91529068,1,false
idle,4306,90537628.870,90541976.699,91549448,1,false
idle,4307,90558124.603,90562459.578,91569928,1,false
idle,4308,90578605.339,90582918.962,91590388,1,false
idle,4309,90599135.728,90603407.044,91610896,1,false
idle,4310,90619570.870,90623890.114,91631316,1,false
idle,4311,90640041.047,90644389.377,91651764,1,false
idle,4312,90660537.393,90664841.752,91672236,1,false
idle,4313,90681000.317,90685325.907,91692684,1,false
idle,4314,90701478.984,90705863.103,91713140,1,false
idle,4315,90722029.231,90726281.849,91733672,1,false
idle,4316,90742419.249,90746762.457,91754040,1,false
idle,4317,90762922.448,90767254.303,91774524,1,false
idle,4318,90783417.174,90787751.591,91794996,1,false
idle,4319,90803917.513,90808186.676,91815480,1,false
idle,4320,90824357.147,90828671.962,91835900,1,false
idle,4321,90844842.851,90849137.547,91856364,1,false
idle,4322,90865303.379,90869623.707,91876804,1,false
idle,4323,90885785.571,90890125.989,91897272,1,false
idle,4324,90906295.257,90910742.297,91917752,1,false
idle,4325,90926905.166,90931149.660,91938348,1,false
idle,4326,90947315.061,90951561.541,91958736,1,false
idle,4327,90967720.030,90972029.540,91979192,1,false
idle,4328,90988177.625,90992532.971,91999560,1,false
idle,4329,91008680.377,91013023.712,92020040,1,false
idle,4330,91029169.477,91033501.138,92040508,1,false
idle,4331,91049641.527,91053939.479,92060964,1,false
idle,4332,91070081.342,91074530.115,92081380,1,false
idle,4333,91090670.727,91094982.928,92101948,1,false
idle,4334,91111128.734,91115513.029,92122388,1,false
idle,4335,91131664.423,91135975.236,92142908,1,false
idle,4336,91152130.048,91156473.945,92163356,1,false
idle,4337,91172624.692,91176860.453,92183828,1,false
idle,4338,91193002.457,91197323.516,92204188,1,false
idle,4339,91213467.670,91217860.918,92224628,1,false
idle,4340,91234002.106,91238277.159,92245140,1,false
idle,4341,91254416.114,91258759.760,92265536,1,false
idle,4342,91274914.099,91279206.321,92286016,1,false
idle,4343,91295337.631,91299720.465,92306416,1,false
idle,4344,91315869.241,91320201.724,92326940,1,false
idle,4345,91336337.624,91340676.835,92347376,1,false
idle,4346,91356840.840,91361162.988,92367860,1,false
idle,4347,91377354.202,91381646.448,92388356,1,false
idle,4348,91397811.083,91402106.047,92408784,1,false
idle,4349,91418266.260,91422574.448,92429228,1,false
idle,4350,91438737.172,91443063.761,92449724,1,false
idle,4351,91459216.979,91463632.180,92470136,1,false
idle,4352,91479775.110,91484143.214,92490680,1,false
idle,4353,91500286.701,91504592.329,92511168,1,false
idle,4354,91520733.511,91525061.139,92531644,1,false
idle,4355,91541203.699,91545517.563,92552040,1,false
idle,4356,91561660.508,91566019.529,92572480,1,false
idle,4357,91582161.339,91586475.581,92592964,1,false
idle,4358,91602617.896,91606954.825,92613392,1,false
idle,4359,91623096.992,91627443.939,92633856,1,false
idle,4360,91643588.534,91647920.858,92654328,1,false
idle,4361,91664064.464,91668408.721,92674780,1,false
idle,4362,91684551.999,91688923.974,92695256,1,false
idle,4363,91705067.048,91709350.908,92715740,1,false
idle,4364,91725493.315,91729807.251,92736148,1,false
idle,4365,91745949.417,91750316.563,92756588,1,false
idle,4366,91766458.210,91770787.826,92777080,1,false
idle,4367,91786936.375,91791269.270,92797532,1,false
idle,4368,91807411.704,91811737.316,92817988,1,false
idle,4369,91827916.260,91832310.616,92838472,1,false
idle,4370,91848603.342,91852767.759,92859140,1,false
idle,4371,91868942.734,91873159.813,92879456,1,false
idle,4372,91889358.877,91893770.559,92899860,1,false
idle,4373,91909949.255,91914269.471,92920428,1,false
idle,4374,91930450.639,91934786.282,92940904,1,false
idle,4375,91951299.839,91955303.103,92961736,1,false
idle,4376,91971526.722,91975823.644,92981952,1,false
idle,4377,91992019.364,91996249.888,93002420,1,false
idle,4378,92012459.357,92016736.271,93022832,1,false
idle,4379,92032923.069,92037213.243,93043276,1,false
idle,4380,92053360.215,92057740.312,93063700,1,false
idle,4381,92073933.636,92078012.331,93084252,1,false
idle,4382,92094190.354,92098711.735,93104484,1,false
idle,4383,92114900.543,92119001.646,93125180,1,false
idle,4384,92135171.076,92139438.348,93145424,1,false
idle,4385,92155596.742,92159987.985,93165836,1,false
idle,4386,92176178.404,92180538.429,93186400,1,false
idle,4387,92196712.389,92201027.324,93206984,1,false
idle,4388,92217227.948,92221451.085,93227400,1,false
idle,4389,92237636.018,92241901.256,93247792,1,false
idle,4390,92258100.645,92262286.347,93268232,1,false
idle,4391,92278481.110,92282865.591,93288596,1,false
idle,4392,92299090.738,92303455.415,93309180,1,false
idle,4393,92319635.311,92323847.272,93329716,1,false
idle,4394,92340048.965,92344251.002,93350104,1,false
idle,4395,92360427.420,92364614.842,93370464,1,false
idle,4396,92380766.509,92385190.994,93390796,1,false
idle,4397,92401366.929,92405656.007,93411360,1,false
idle,4398,92421806.648,92426688.913,93431788,1,false
idle,4399,92442119.972,92446838.730,93452072,1,false
idle,4400,92462290.500,92467742.410,93472224,1,false
idle,4401,92483155.657,92488045.439,93493064,1,false
idle,4402,92503466.561,92508536.929,93513360,1,false
idle,4403,92524169.319,92529217.792,93534040,1,false
idle,4404,92545095.281,92549271.376,93554948,1,false
idle,4405,92565773.059,92569980.435,93575616,1,false
idle,4406,92586577.591,92590533.321,93596392,1,false
idle,4407,92607131.654,92611213.234,93616920,1,false
idle,4408,92627810.703,92631520.043,93637588,1,false
idle,4409,92648830.345,92651526.794,93658580,1,false
idle,4410,92669710.390,92671925.497,93679508,1,false
idle,4411,92690096.234,92692389.845,93699812,1,false
idle,4412,92710542.897,92712824.186,93720236,1,false
idle,4413,92730986.612,92733376.851,93740660,1,false
idle,4414,92751608.690,92753747.569,93761260,1,false
idle,4415,92771915.132,92774236.340,93781548,1,false
idle,4416,92792424.162,92794676.906,93802036,1,false
idle,4417,92812838.839,92815151.215,93822432,1,false
idle,4418,92833303.915,92835617.234,93842880,1,false
idle,4419,92853764.551,92856141.239,93863328,1,false
idle,4420,92874288.065,92876573.492,93883816,1,false
idle,4421,92894742.930,92897101.265,93904296,1,false
idle,4422,92915295.671,92917570.395,93924788,1,false
idle,4423,92935752.073,92938058.097,93945252,1,false
idle,4424,92956226.666,92958530.936,93965680,1,false
idle,4425,92976708.985,92979125.087,93986216,1,false
idle,4426,92997365.186,93000047.805,94006776,1,false
idle,4427,93017454.076,93020571.109,94026844,1,false
idle,4428,93037813.335,93040738.387,94047176,1,false
idle,4429,93057880.379,93060968.939,94067232,1,false
idle,4430,93078144.910,93081394.895,94087480,1,false
idle,4431,93098574.488,93101891.229,94107888,1,false
idle,4432,93119057.797,93122371.163,94128348,1,false
idle,4433,93139553.337,93142840.850,94148820,1,false
idle,4434,93160008.673,93163346.940,94169264,1,false
idle,4435,93180525.184,93183840.532,94189756,1,false
idle,4436,93201013.655,93204282.126,94210224,1,false
idle,4437,93221446.938,93224742.265,94230640,1,false
idle,4438,93241907.073,93245240.555,94251076,1,false
idle,4439,93262407.114,93265729.542,94271560,1,false
idle,4440,93282907.937,93286298.278,94292036,1,false
idle,4441,93303489.031,93306755.219,94312596,1,false
idle,4442,93323976.427,93327251.394,94333064,1,false
idle,4443,93344452.021,93347744.328,94353524,1,false
idle,4444,93364914.536,93368096.347,94373960,1,false
idle,4445,93385250.817,93388584.824,94394280,1,false
idle,4446,93405771.653,93409051.555,94414792,1,false
idle,4447,93426204.568,93429522.656,94435196,1,false
idle,4448,93446671.811,93450005.729,94455640,1,false
idle,4449,93467154.152,93470489.382,94476100,1,false
idle,4450,93487647.900,93490970.554,94496584,1,false
idle,4451,93508131.239,93511441.305,94517044,1,false
idle,4452,93528593.621,93531917.410,94537480,1,false
idle,4453,93549075.226,93552407.679,94557948,1,false
idle,4454,93569557.367,93572880.915,94578408,1,false
idle,4455,93590033.703,93593422.639,94598864,1,false
idle,4456,93610581.010,93613928.993,94619392,1,false
idle,4457,93631089.068,93634396.217,94639876,1,false
idle,4458,93651545.458,93654908.077,94660320,1,false
idle,4459,93672055.989,93675364.213,94680808,1,false
idle,4460,93692514.977,93695908.865,94701248,1,false
idle,4461,93713056.744,93716329.196,94721768,1,false
idle,4462,93733489.731,93737022.999,94742180,1,false
idle,4463,93754237.311,93757282.654,94762904,1,false
idle,4464,93774458.950,93777663.187,94783112,1,false
idle,4465,93794824.113,93798173.271,94803456,1,false
idle,4466,93815345.516,93818742.857,94823960,1,false
idle,4467,93835899.457,93839360.438,94844492,1,false
idle,4468,93856541.822,93859836.421,94865116,1,false
idle,4469,93877032.068,93880325.828,94885580,1,false
idle,4470,93897507.077,93900841.222,94906036,1,false
idle,4471,93918023.518,93921325.868,94926532,1,false
idle,4472,93938520.715,93941802.033,94947008,1,false
idle,4473,93958993.171,93962292.392,94967464,1,false
idle,4474,93979456.471,93982689.751,94987908,1,false
idle,4475,93999839.344,94003105.535,95008272,1,false
idle,4476,94020254.629,94023608.916,95028668,1,false
idle,4477,94040754.874,94044070.333,95049164,1,false
idle,4478,94061218.075,94064536.788,95069592,1,false
idle,4479,94081686.056,94085027.829,95090048,1,false
idle,4480,94102173.322,94105503.968,95110500,1,false
idle,4481,94122647.537,94125972.758,95130956,1,false
idle,4482,94143118.981,94146485.457,95151412,1,false
idle,4483,94163633.401,94167037.713,95171908,1,false
idle,4484,94184183.371,94187354.470,95192428,1,false
idle,4485,94204498.771,94207931.922,95212732,1,false
idle,4486,94225081.985,94228344.260,95233296,1,false
idle,4487,94245580.963,94249000.422,95253768,1,false
idle,4488,94266228.778,94269447.403,95274392,1,false
idle,4489,94286636.139,94289922.835,95294780,1,false
idle,4490,94307147.817,94310387.162,95315280,1,false
idle,4491,94327639.561,94331212.751,95335744,1,false
idle,4492,94348556.139,94351340.433,95356640,1,false
idle,4493,94369505.697,94371670.688,95377572,1,false
idle,4494,94389829.013,94392670.969,95397880,1,false
idle,4495,94410871.146,94413193.893,95418896,1,false
idle,4496,94431683.153,94433806.307,95439700,1,false
idle,4497,94452105.255,94453739.116,95460096,1,false
idle,4498,94472937.582,94474221.192,95480908,1,false
idle,4499,94493416.845,94494637.760,95501364,1,false
idle,4500,94514163.734,94519836.676,95522092,1,false
idle,4501,94534256.463,94536079.510,95542164,1,false
idle,4502,94554609.050,94556542.268,95562492,1,false
idle,4503,94575136.783,94577268.513,95583004,1,false
idle,4504,94595918.549,94601744.470,95603760,1,false
idle,4505,94615921.169,94617875.702,95623740,1,false
idle,4506,94636192.201,94638613.753,95643996,1,false
idle,4507,94656836.195,94658613.174,95664616,1,false
idle,4508,94677838.728,94683111.530,95685600,1,false
idle,4509,94698350.918,94703718.406,95706100,1,false
idle,4510,94719249.977,94724132.384,95726976,1,false
idle,4511,94739265.177,94744569.576,95746972,1,false
idle,4512,94759792.650,94765137.511,95767472,1,false
idle,4513,94780433.573,94785569.777,95788100,1,false
idle,4514,94800789.474,94806038.811,95808432,1,false
idle,4515,94821271.954,94826515.380,95828900,1,false
idle,4516,94841719.804,94847024.676,95849376,1,false
idle,4517,94862242.655,94867481.521,95869828,1,false
idle,4518,94882687.041,94887905.647,95890256,1,false
idle,4519,94903129.526,94908389.376,95910676,1,false
idle,4520,94923578.937,94928862.359,95931100,1,false
idle,4521,94944078.242,94949454.235,95951584,1,false
idle,4522,94964964.595,94969904.733,95972452,1,false
idle,4523,94985175.471,94990374.629,95992636,1,false
idle,4524,95005596.917,95010848.516,96013044,1,false
idle,4525,95026420.057,95031298.708,96033836,1,false
idle,4526,95046441.294,95051706.242,96053844,1,false
idle,4527,95066978.874,95072285.122,96074360,1,false
idle,4528,95087485.359,95092695.346,96094848,1,false
idle,4529,95107909.814,95113200.692,96115252,1,false
idle,4530,95128415.844,95133671.934,96135740,1,false
idle,4531,95148882.866,95154156.573,96156188,1,false
idle,4532,95169360.188,95174603.372,96176644,1,false
idle,4533,95189822.411,95195088.257,96197088,1,false
idle,4534,95210287.118,95215597.999,96217528,1,false
idle,4535,95230822.123,95236079.960,96238044,1,false
idle,4536,95251405.612,95256458.126,96258608,1,false
idle,4537,95271664.301,95276921.588,96278848,1,false
idle,4538,95292162.499,95297395.947,96299320,1,false
idle,4539,95312603.494,95313848.192,96319748,1,false
idle,4540,95333207.861,95338518.209,96340324,1,false
idle,4541,95353783.505,95358793.784,96360888,1,false
idle,4542,95374029.150,95375160.866,96381108,1,false
idle,4543,95394381.720,95395656.477,96401444,1,false
idle,4544,95414956.695,95416489.414,96421992,1,false
idle,4545,95435982.099,95441172.312,96443000,1,false
idle,4546,95456487.805,95461585.917,96463484,1,false
idle,4547,95476810.029,95481755.836,96483796,1,false
idle,4548,95496901.372,95498239.594,96503868,1,false
idle,4549,95517464.435,95522706.476,96524400,1,false
idle,4550,95537941.540,95543139.802,96544860,1,false
idle,4551,95558477.249,95563697.235,96565308,1,false
idle,4552,95578884.078,95584100.789,96585760,1,false
idle,4553,95599283.812,95600554.901,96606140,1,false
idle,4554,95619730.386,95620983.493,96626620,1,false
idle,4555,95640172.610,95641474.405,96646996,1,false
idle,4556,95660646.280,95661963.457,96667448,1,false
idle,4557,95681155.384,95682464.998,96687940,1,false
idle,4558,95701713.346,95707119.816,96708540,1,false
idle,4559,95722362.491,95727459.485,96729104,1,false
idle,4560,95742648.627,95743810.092,96749372,1,false
idle,4561,95763002.717,95764316.575,96769700,1,false
idle,4562,95783501.808,95784761.173,96790184,1,false
idle,4563,95803936.471,95805315.956,96810596,1,false
idle,4564,95824499.288,95825788.239,96831140,1,false
idle,4565,95844979.646,95846270.139,96851596,1,false
idle,4566,95865457.159,95866753.614,96872052,1,false
idle,4567,95885944.756,95887134.354,96892524,1,false
idle,4568,95906342.321,95907689.963,96912900,1,false
idle,4569,95926887.216,95928379.070,96933436,1,false
idle,4570,95947902.888,95952878.658,96954420,1,false
idle,4571,95968355.024,95973468.765,96974860,1,false
idle,4572,95988734.646,95993829.683,96995248,1,false
idle,4573,96009021.595,96014252.854,97015476,1,false
idle,4574,96029441.245,96034770.467,97035880,1,false
idle,4575,96050137.832,96055206.574,97056552,1,false
idle,4576,96070467.670,96075993.038,97076864,1,false
idle,4577,96091503.135,96096368.400,97097880,1,false
idle,4578,96111526.022,96116467.015,97117884,1,false
idle,4579,96131597.427,96132895.879,97137936,1,false
idle,4580,96152087.363,96153374.358,97158408,1,false
idle,4581,96172578.614,96173896.132,97178880,1,false
idle,4582,96193375.693,96198411.679,97199656,1,false
idle,4583,96213605.060,96214874.680,97219872,1,false
idle,4584,96234050.656,96235184.626,97240292,1,false
idle,4585,96254363.338,96255652.599,97260580,1,false
idle,4586,96274833.161,96276277.134,97281040,1,false
idle,4587,96295465.389,96296690.909,97301648,1,false
idle,4588,96315878.857,96317179.849,97322040,1,false
idle,4589,96336459.246,96337685.303,97342600,1,false
idle,4590,96356893.909,96358169.582,97363012,1,false
idle,4591,96377337.196,96378753.186,97383444,1,false
idle,4592,96398297.476,96403903.657,97404372,1,false
idle,4593,96419149.849,96423925.686,97425204,1,false
idle,4594,96440131.655,96445175.207,97446164,1,false
idle,4595,96460672.893,96465186.062,97466688,1,false
idle,4596,96481663.288,96485560.068,97487656,1,false
idle,4597,96502037.135,96506095.459,97508012,1,false
idle,4598,96522600.421,96526570.640,97528552,1,false
idle,4599,96543117.004,96547242.912,97549048,1,false
idle,4600,96563618.329,96567735.919,97569536,1,false
idle,4601,96583951.151,96587712.034,97589844,1,false
idle,4602,96604129.372,96608517.029,97610004,1,false
idle,4603,96624729.501,96628696.528,97630620,1,false
idle,4604,96645231.068,96649399.869,97651072,1,false
idle,4605,96665667.569,96669718.444,97671484,1,false
idle,4606,96685898.091,96690101.926,97691692,1,false
idle,4607,96706289.586,96710532.016,97712060,1,false
idle,4608,96726698.062,96730917.801,97732528,1,false
idle,4609,96747217.039,96751277.138,97752956,1,false
idle,4610,96767393.944,96771745.128,97773108,1,false
idle,4611,96787905.878,96792216.863,97793604,1,false
idle,4612,96808334.882,96812791.924,97814016,1,false
idle,4613,96828976.108,96833420.508,97834632,1,false
idle,4614,96849686.628,96854049.866,97855324,1,false
idle,4615,96870459.635,96874509.343,97876076,1,false
idle,4616,96890993.578,96895205.362,97896588,1,false
idle,4617,96911742.613,96915496.975,97917340,1,false
idle,4618,96932006.952,96936233.488,97937564,1,false
idle,4619,96952750.207,96956675.530,97958304,1,false
idle,4620,96973095.859,96977110.260,97978604,1,false
idle,4621,96993526.561,96997404.685,97999020,1,false
idle,4622,97013901.680,97018120.959,98019372,1,false
idle,4623,97034710.848,97038626.969,98040224,1,false
idle,4624,97055212.445,97059151.360,98060648,1,false
idle,4625,97075625.032,97079756.526,98081040,1,false
idle,4626,97096233.825,97099967.309,98101620,1,false
idle,4627,97116400.767,97120490.087,98121772,1,false
idle,4628,97136920.842,97140951.372,98142272,1,false
idle,4629,97157446.534,97161650.630,98162776,1,false
idle,4630,97178153.555,97181970.358,98183464,1,false
idle,4631,97198507.264,97202556.597,98203796,1,false
idle,4632,97218788.428,97223160.681,98224060,1,false
idle,4633,97239362.851,97242906.161,98244620,1,false
idle,4634,97260074.688,97263344.372,98265312,1,false
idle,4635,97280499.642,97283836.579,98285712,1,false
idle,4636,97301003.661,97304341.741,98306196,1,false
idle,4637,97321509.905,97324769.618,98326688,1,false
idle,4638,97341914.825,97345179.864,98347064,1,false
idle,4639,97362330.063,97365715.618,98367460,1,false
idle,4640,97382916.892,97387155.211,98388024,1,false
idle,4641,97403663.906,97407217.102,98408756,1,false
idle,4642,97423711.940,97427765.690,98428844,1,false
idle,4643,97444283.042,97447678.341,98449328,1,false
idle,4644,97464897.407,97468223.988,98469932,1,false
idle,4645,97485423.385,97488656.770,98490428,1,false
idle,4646,97505866.332,97509150.432,98510864,1,false
idle,4647,97526671.834,97530133.825,98531644,1,false
idle,4648,97547661.104,97550547.932,98552608,1,false
idle,4649,97567978.576,97571158.868,98572908,1,false
idle,4650,97588649.497,97591721.234,98593560,1,false
idle,4651,97609569.767,97611999.057,98614456,1,false
idle,4652,97630368.432,97632398.907,98635236,1,false
idle,4653,97650645.535,97652559.522,98655500,1,false
idle,4654,97671001.091,97673576.780,98675832,1,false
idle,4655,97691816.704,97693897.875,98696620,1,false
idle,4656,97712110.941,97713848.272,98716900,1,false
idle,4657,97733024.452,97734267.600,98737792,1,false
idle,4658,97753389.781,97754832.570,98758140,1,false
idle,4659,97773978.297,97775294.151,98778708,1,false
idle,4660,97794435.307,97795765.546,98799140,1,false
idle,4661,97814906.010,97816248.756,98819592,1,false
idle,4662,97835388.765,97836699.538,98840064,1,false
idle,4663,97855843.681,97857213.897,98860496,1,false
idle,4664,97876335.211,97877677.477,98880968,1,false
idle,4665,97896819.225,97898130.189,98901428,1,false
idle,4666,97917273.848,97918572.942,98921860,1,false
idle,4667,97937721.693,97939038.999,98942336,1,false
idle,4668,97958181.204,97959521.718,98962728,1,false
idle,4669,97978667.202,97979994.478,98983196,1,false
idle,4670,97999143.007,98000555.842,99003648,1,false
idle,4671,98019772.768,98021570.462,99024256,1,false
idle,4672,98040020.555,98041991.788,99044484,1,false
idle,4673,98060278.943,98062482.549,99064728,1,false
idle,4674,98081032.318,98083149.287,99085456,1,false
idle,4675,98101625.289,98103697.092,99106028,1,false
idle,4676,98122193.479,98123983.439,99126576,1,false
idle,4677,98142409.673,98144478.212,99146780,1,false
idle,4678,98163192.736,98164970.197,99167540,1,false
idle,4679,98183256.212,98185659.053,99187580,1,false
idle,4680,98204235.773,98205566.149,99208544,1,false
idle,4681,98224768.513,98230049.136,99229056,1,false
idle,4682,98245239.137,98250434.612,99249508,1,false
idle,4683,98265611.511,98266776.363,99269860,1,false
idle,4684,98285929.914,98287381.992,99290160,1,false
idle,4685,98306524.990,98307846.990,99310736,1,false
idle,4686,98327016.337,98328349.566,99331200,1,false
idle,4687,98347557.781,98348738.592,99351720,1,false
idle,4688,98367889.746,98369130.984,99372040,1,false
idle,4689,98388289.701,98389688.152,99392412,1,false
idle,4690,98408884.529,98410245.503,99413004,1,false
idle,4691,98429431.977,98430770.009,99433516,1,false
idle,4692,98449953.045,98451135.485,99454024,1,false
idle,4693,98470286.183,98471607.117,99474340,1,false
idle,4694,98490764.543,98492003.805,99494792,1,false
idle,4695,98511177.745,98512532.326,99515184,1,false
idle,4696,98531718.932,98533066.289,99535752,1,false
idle,4697,98552254.790,98553620.117,99556228,1,false
idle,4698,98572811.430,98574092.750,99576756,1,false
idle,4699,98593281.861,98594532.177,99597204,1,false
idle,4700,98613723.692,98615073.933,99617664,1,false
idle,4701,98634581.722,98639587.056,99638464,1,false
idle,4702,98654767.333,98655976.877,99658636,1,false
idle,4703,98675208.593,98676453.578,99679052,1,false
idle,4704,98695636.620,98697008.253,99699460,1,false
idle,4705,98716206.910,98717368.845,99720012,1,false
idle,4706,98736582.005,98737834.149,99740364,1,false
idle,4707,98757030.611,98758336.663,99760792,1,false
idle,4708,98777526.381,98778831.737,99781272,1,false
idle,4709,98798044.464,98799230.461,99801768,1,false
idle,4710,98818423.038,98819754.950,99822128,1,false
idle,4711,98839048.544,98840279.282,99842736,1,false
idle,4712,98859463.681,98860744.991,99863132,1,false
idle,4713,98879949.384,98881200.082,99883592,1,false
idle,4714,98900360.392,98901678.345,99903988,1,false
idle,4715,98920870.451,98922185.180,99924472,1,false
idle,4716,98941360.429,98942670.420,99944944,1,false
idle,4717,98961868.243,98963092.930,99965432,1,false
idle,4718,98982382.232,98983631.664,99985932,1,false
idle,4719,99002828.687,99004100.561,100006356,1,false
idle,4720,99023270.148,99024477.743,100026776,1,false
idle,4721,99043646.723,99044995.599,100047136,1,false
idle,4722,99064156.708,99065434.123,100067616,1,false
idle,4723,99084619.895,99085995.982,100088060,1,false
idle,4724,99105191.214,99106514.199,100108620,1,false
idle,4725,99125707.561,99127019.343,100129168,1,false
idle,4726,99146221.893,99147493.155,100149600,1,false
idle,4727,99166656.911,99167901.640,100170024,1,false
idle,4728,99187063.220,99188379.269,100190408,1,false
idle,4729,99207882.132,99212984.827,100211208,1,false
idle,4730,99228204.529,99229437.924,100231512,1,false
idle,4731,99248616.018,99249835.766,100251900,1,false
idle,4732,99269026.000,99270361.695,100272288,1,false
idle,4733,99289547.550,99290867.465,100292792,1,false
idle,4734,99310059.375,99311361.991,100313288,1,false
idle,4735,99330555.262,99331801.099,100333756,1,false
idle,4736,99351013.080,99352317.101,100354192,1,false
idle,4737,99371505.792,99372676.551,100374672,1,false
idle,4738,99391866.283,99393164.378,100395004,1,false
idle,4739,99412366.596,99413554.840,100415484,1,false
idle,4740,99432742.936,99434047.164,100435868,1,false
idle,4741,99453233.601,99454517.205,100456320,1,false
idle,4742,99473668.128,99475173.680,100476740,1,false
idle,4743,99494366.101,99495575.197,100497416,1,false
idle,4744,99514768.680,99515977.065,100517788,1,false
idle,4745,99535176.530,99536535.228,100538180,1,false
idle,4746,99555727.246,99556925.264,100558744,1,false
idle,4747,99576096.663,99577400.857,100579060,1,false
idle,4748,99596939.551,99602067.970,100599876,1,false
idle,4749,99617282.796,99618402.333,100620208,1,false
idle,4750,99637592.639,99638835.839,100640488,1,false
idle,4751,99658029.053,99659302.999,100660908,1,false
idle,4752,99678503.748,99679948.120,100681368,1,false
idle,4753,99699179.112,99700425.256,100702016,1,false
idle,4754,99719684.017,99720953.816,100722508,1,false
idle,4755,99740185.349,99741427.762,100742984,1,false
idle,4756,99760612.735,99761796.962,100763396,1,false
idle,4757,99780962.316,99782222.781,100783724,1,false
idle,4758,99801390.885,99802690.498,100804136,1,false
idle,4759,99821834.433,99823134.030,100824552,1,false
idle,4760,99842327.406,99843786.840,100845020,1,false
idle,4761,99862979.029,99864218.553,100865664,1,false
idle,4762,99883426.617,99884723.874,100886088,1,false
idle,4763,99903908.262,99905234.701,100906544,1,false
idle,4764,99924429.531,99925658.040,100927048,1,false
idle,4765,99944847.062,99946128.909,100947448,1,false
idle,4766,99965311.725,99966683.151,100967892,1,false
idle,4767,99985880.677,99987171.701,100988448,1,false
idle,4768,100006360.117,100007645.818,101008900,1,false
idle,4769,100026833.636,100028103.967,101029356,1,false
idle,4770,100047300.200,100048593.737,101049800,1,false
idle,4771,100067781.810,100069072.621,101070260,1,false
idle,4772,100088275.780,100089537.763,101090736,1,false
idle,4773,100108714.018,100109943.480,101111200,1,false
idle,4774,100129142.000,100130486.980,101131564,1,false
idle,4775,100149650.086,100150925.549,101152052,1,false
idle,4776,100170126.074,100171473.673,101172508,1,false
idle,4777,100190924.349,100196013.364,101193280,1,false
idle,4778,100211470.978,100216585.791,101213808,1,false
idle,4779,100231780.567,100236933.689,101234104,1,false
idle,4780,100252128.689,100253343.338,101254432,1,false
idle,4781,100272517.956,100273840.884,101274796,1,false
idle,4782,100293029.014,100294325.217,101295288,1,false
idle,4783,100313512.967,100314728.997,101315756,1,false
idle,4784,100333912.039,100335281.540,101336132,1,false
idle,4785,100354467.999,100355715.298,101356668,1,false
idle,4786,100374919.487,100376172.560,101377096,1,false
idle,4787,100395362.447,100396674.870,101397532,1,false
idle,4788,100415865.723,100417133.777,101418008,1,false
idle,4789,100436351.848,100437628.270,101438472,1,false
idle,4790,100456791.053,100457989.079,101458892,1,false
idle,4791,100477139.609,100478490.844,101479216,1,false
idle,4792,100497678.682,100499040.479,101499736,1,false
idle,4793,100518247.075,100519536.840,101520288,1,false
idle,4794,100538742.588,100539973.802,101540776,1,false
idle,4795,100559169.528,100560410.479,101561172,1,false
idle,4796,100579585.477,100580924.163,101581564,1,false
idle,4797,100600090.930,100601463.748,101602044,1,false
idle,4798,100620680.467,100621926.086,101622620,1,false
idle,4799,100641138.104,100642470.257,101643052,1,false
idle,4800,100661664.601,100662912.668,101663576,1,false
idle,4801,100682128.753,100683385.868,101684012,1,false
idle,4802,100702724.452,100707913.916,101704620,1,false
idle,4803,100723115.911,100724279.444,101724960,1,false
idle,4804,100743467.380,100744795.172,101745284,1,false
idle,4805,100764118.470,100765338.400,101765916,1,false
idle,4806,100784543.644,100785703.090,101786320,1,false
idle,4807,100804892.460,100806165.309,101806652,1,false
idle,4808,100825332.274,100826642.377,101827060,1,false
idle,4809,100845799.372,100847117.669,101847516,1,false
idle,4810,100866278.733,100867593.977,101867980,1,false
idle,4811,100886758.798,100888111.360,101888436,1,false
idle,4812,100907300.872,100908655.419,101908960,1,false
idle,4813,100927929.477,100929154.017,101929568,1,false
idle,4814,100948361.707,100949623.531,101949980,1,false
idle,4815,100969081.536,100974136.873,101970676,1,false
idle,4816,100989352.567,100990555.803,101990932,1,false
idle,4817,101010107.313,101015195.167,102011660,1,false
idle,4818,101030607.953,101035634.972,102032144,1,false
idle,4819,101050830.809,101052005.836,102052352,1,false
idle,4820,101071202.297,101072492.115,102072696,1,false
idle,4821,101091676.923,101092955.163,102093156,1,false
idle,4822,101112395.849,101117517.036,102113852,1,false
idle,4823,101132705.133,101134206.750,102134200,1,false
idle,4824,101153704.756,101158407.224,102155172,1,false
idle,4825,101174567.714,101178860.407,102175960,1,false
idle,4826,101195032.286,101199366.012,102196404,1,false
idle,4827,101215562.354,101219881.937,102216920,1,false
idle,4828,101236068.905,101240357.886,102237404,1,false
idle,4829,101256541.619,101260893.875,102257860,1,false
idle,4830,101277110.010,101281402.634,102278400,1,false
idle,4831,101297597.749,101301847.143,102298872,1,false
idle,4832,101318258.689,101323142.398,102319512,1,false
idle,4833,101338453.006,101342893.697,102339680,1,false
idle,4834,101359560.777,101363875.197,102360772,1,false
idle,4835,101380472.141,101384173.203,102381664,1,false
idle,4836,101401363.034,101404185.594,102402536,1,false
idle,4837,101422342.794,101424759.023,102423500,1,false
idle,4838,101442938.070,101445208.681,102444072,1,false
idle,4839,101463370.387,101465687.820,102464488,1,false
idle,4840,101483844.379,101486151.777,102484940,1,false
idle,4841,101504346.097,101506673.169,102505420,1,false
idle,4842,101525247.296,101527847.108,102526296,1,false
idle,4843,101545279.074,101548135.793,102546304,1,false
idle,4844,101565397.108,101568329.051,102566408,1,false
idle,4845,101585535.381,101588745.529,102586524,1,false
idle,4846,101605955.779,101609251.693,102606928,1,false
idle,4847,101626443.687,101629708.211,102627396,1,false
idle,4848,101646898.938,101650508.599,102647836,1,false
idle,4849,101667958.864,101671180.961,102668872,1,false
idle,4850,101688687.663,101691675.079,102689648,1,false
idle,4851,101709177.447,101711831.322,102710048,1,false
idle,4852,101729343.669,101732186.095,102730168,1,false
idle,4853,101749674.448,101752999.807,102750508,1,false
idle,4854,101770582.457,101773100.851,102771364,1,false
idle,4855,101791322.305,101793458.155,102792104,1,false
idle,4856,101811652.868,101813958.191,102812424,1,false
idle,4857,101832167.599,101834480.286,102832920,1,false
idle,4858,101852675.925,101854915.813,102853408,1,false
idle,4859,101873117.146,101875289.580,102873828,1,false
idle,4860,101893466.296,101896234.109,102894156,1,false
idle,4861,101913691.969,101916826.192,102914420,1,false
idle,4862,101934340.990,101937166.370,102934976,1,false
idle,4863,101954392.860,101957623.776,102955032,1,false
idle,4864,101975085.035,101977765.541,102975692,1,false
idle,4865,101995971.902,101998276.131,102996564,1,false
idle,4866,102016466.769,102018592.461,103017036,1,false
idle,4867,102036765.781,102039076.380,103037316,1,false
idle,4868,102057229.682,102059661.641,103057760,1,false
idle,4869,102077819.938,102079955.902,103078332,1,false
idle,4870,102098150.885,102100480.865,103098644,1,false
idle,4871,102118664.846,102121204.970,103119136,1,false
idle,4872,102139697.579,102141544.456,103140212,1,false
idle,4873,102160730.647,102161873.862,103161180,1,false
idle,4874,102181089.891,102182389.920,103181500,1,false
idle,4875,102201554.662,102202887.502,103201940,1,false
idle,4876,102222045.297,102223388.541,103222416,1,false
idle,4877,102242538.558,102243910.572,103242888,1,false
idle,4878,102263054.753,102264349.615,103263384,1,false
idle,4879,102283494.364,102284821.805,103283812,1,false
idle,4880,102304315.688,102309371.986,103304588,1,false
idle,4881,102324544.364,102325800.590,103324816,1,false
idle,4882,102344969.782,102346289.656,103345220,1,false
idle,4883,102365534.528,102367179.926,103365764,1,false
idle,4884,102385684.248,102387787.273,103385968,1,false
idle,4885,102406046.789,102408087.895,103406228,1,false
idle,4886,102426575.853,102429041.091,103426740,1,false
idle,4887,102447511.583,102448932.334,103447660,1,false
idle,4888,102468129.214,102473270.527,103468256,1,false
idle,4889,102488461.995,102489696.124,103488572,1,false
idle,4890,102509268.081,102515010.922,103509352,1,false
idle,4891,102529496.536,102535111.655,103529568,1,false
idle,4892,102549628.962,102551754.624,103549680,1,false
idle,4893,102570400.801,102571940.072,103570424,1,false
idle,4894,102591452.844,102596505.411,103591456,1,false
idle,4895,102611992.924,102616988.599,103611976,1,false
idle,4896,102632219.280,102636988.562,103632184,1,false
idle,4897,102653152.467,102657460.141,103653096,1,false
idle,4898,102673610.155,102678036.656,103673536,1,false
idle,4899,102694325.050,102698751.025,103694224,1,false
idle,4900,102715243.495,102719703.547,103715128,1,false
idle,4901,102736333.260,102739607.652,103736196,1,false
idle,4902,102756812.690,102759989.910,103756660,1,false
idle,4903,102777157.134,102780352.366,103776980,1,false
idle,4904,102797508.746,102800824.505,103797316,1,false
idle,4905,102817975.323,102821445.001,103817760,1,false
idle,4906,102838983.501,102842439.695,103838744,1,false
idle,4907,102859931.287,102863159.144,103859676,1,false
idle,4908,102880647.592,102883235.633,103880368,1,false
idle,4909,102901718.457,102903878.105,103901456,1,false
idle,4910,102922524.058,102924371.183,103922200,1,false
idle,4911,102942851.692,102945208.836,103942512,1,false
idle,4912,102963761.333,102969413.692,103963400,1,false
idle,4913,102983832.646,102985899.981,103983452,1,false
idle,4914,103004153.560,103005812.053,104003756,1,false
idle,4915,103024988.120,103026262.366,104024568,1,false
idle,4916,103045494.904,103046796.768,104045064,1,false
idle,4917,103065942.737,103067237.529,104065484,1,false
idle,4918,103086335.776,103087743.306,104085856,1,false
idle,4919,103106891.419,103108184.355,104106396,1,false
idle,4920,103127335.573,103128683.329,104126820,1,false
idle,4921,103147832.462,103149145.541,104147296,1,false
idle,4922,103168297.604,103169605.078,104167736,1,false
idle,4923,103188746.701,103190081.658,104188168,1,false
idle,4924,103209230.340,103210599.180,104208632,1,false
idle,4925,103229742.464,103231042.074,104229132,1,false
idle,4926,103250370.322,103255725.716,104249732,1,false
idle,4927,103270924.879,103276555.571,104270268,1,false
idle,4928,103291901.046,103296784.128,104291216,1,false
idle,4929,103311941.509,103317678.893,104311236,1,false
idle,4930,103332931.330,103337612.052,104332212,1,false
idle,4931,103353867.047,103358076.086,104353108,1,false
idle,4932,103374312.177,103378507.278,104373548,1,false
idle,4933,103394723.425,103399133.565,104393972,1,false
idle,4934,103415361.301,103419562.270,104414560,1,false
idle,4935,103435786.373,103439918.604,104434960,1,false
idle,4936,103456124.458,103460360.859,104455284,1,false
idle,4937,103476556.356,103480974.086,104475692,1,false
idle,4938,103497173.451,103501514.434,104496292,1,false
idle,4939,103517771.829,103521976.687,104516868,1,false
idle,4940,103538182.555,103542464.748,104537256,1,false
idle,4941,103558682.204,103562894.552,104557812,1,false
idle,4942,103579090.361,103583383.067,104578132,1,false
idle,4943,103599591.223,103603883.193,104598612,1,false
idle,4944,103620119.001,103624382.600,104619120,1,false
idle,4945,103640580.911,103644784.755,104639552,1,false
idle,4946,103660979.864,103665363.079,104659936,1,false
idle,4947,103681867.914,103685803.591,104680796,1,false
idle,4948,103701933.144,103706255.740,104700852,1,false
idle,4949,103722513.797,103726749.864,104721420,1,false
idle,4950,103742989.968,103747235.243,104741868,1,false
idle,4951,103763454.636,103767746.063,104762312,1,false
idle,4952,103784013.492,103788078.165,104782844,1,false
idle,4953,103804314.156,103809160.623,104803124,1,false
idle,4954,103824488.436,103829801.336,104823288,1,false
idle,4955,103845347.462,103849597.693,104844108,1,false
idle,4956,103865826.630,103870126.720,104864592,1,false
idle,4957,103886695.176,103890589.782,104885488,1,false
idle,4958,103906720.435,103911141.011,104905468,1,false
idle,4959,103927407.116,103931512.260,104926096,1,false
idle,4960,103947718.009,103952031.402,104946428,1,false
idle,4961,103968250.135,103972454.700,104966904,1,false
idle,4962,103989006.125,103993222.760,104987644,1,false
idle,4963,104009489.686,104013386.613,105008100,1,false
idle,4964,104029543.468,104033765.947,105028140,1,false
idle,4965,104050018.789,104054269.110,105048596,1,false
idle,4966,104070473.662,104074735.791,105069032,1,false
idle,4967,104090957.363,104095346.731,105089500,1,false
idle,4968,104111586.114,104115651.496,105110104,1,false
idle,4969,104131865.896,104136159.927,105130364,1,false
idle,4970,104152386.099,104156648.411,105150860,1,false
idle,4971,104172860.268,104177219.969,105171320,1,false
idle,4972,104193421.804,104197710.359,105191852,1,false
idle,4973,104213922.585,104218188.360,105212336,1,false
idle,4974,104234451.116,104238672.725,105232848,1,false
idle,4975,104254912.676,104259231.523,105253284,1,false
idle,4976,104275433.381,104279710.126,105273792,1,false
idle,4977,104295923.007,104300159.152,105294256,1,false
idle,4978,104316384.576,104320648.954,105314704,1,false
idle,4979,104337019.389,104341107.278,105335312,1,false
idle,4980,104357489.584,104361421.804,105355764,1,false
idle,4981,104377607.665,104382014.974,105375860,1,false
idle,4982,104398227.759,104402569.931,105396464,1,false
idle,4983,104419044.303,104423055.427,105417256,1,false
idle,4984,104439249.137,104443468.332,105437440,1,false
idle,4985,104459680.153,104463979.760,105457932,1,false
idle,4986,104480174.326,104484499.751,105478328,1,false
idle,4987,104500689.276,104504860.861,105498888,1,false
idle,4988,104521492.220,104525509.254,105519612,1,false
idle,4989,104541962.139,104546251.608,105540056,1,false
idle,4990,104562761.868,104567008.278,105560836,1,false
idle,4991,104583477.279,104587244.851,105581532,1,false
idle,4992,104603724.679,104607851.820,105601776,1,false
idle,4993,104624482.190,104628176.144,105622492,1,false
idle,4994,104644638.492,104648505.905,105642636,1,false
idle,4995,104664991.601,104669187.705,105662972,1,false
idle,4996,104685647.215,104689856.725,105683604,1,false
idle,4997,104706354.993,104709939.692,105704292,1,false
idle,4998,104727156.736,104730248.293,105725072,1,false
idle,4999,104747436.044,104750724.429,105745332,1,false
idle,5000,104767907.802,104771132.314,105765776,1,false
idle,5001,104788619.201,104792024.352,105786472,1,false
idle,5002,104809297.343,104812503.080,105807128,1,false
idle,5003,104829970.765,104833171.959,105827784,1,false
idle,5004,104850566.857,104853757.154,105848360,1,false
idle,5005,104871412.559,104873944.386,105869184,1,false
idle,5006,104892529.404,104894482.370,105890276,1,false
idle,5007,104912833.642,104914668.081,105910564,1,false
idle,5008,104932934.007,104935653.109,105930640,1,false
idle,5009,104953100.089,104955836.604,105950788,1,false
idle,5010,104973254.319,104976074.692,105970924,1,false
idle,5011,104993488.886,104996927.963,105991148,1,false
idle,5012,105014538.745,105017383.751,106012164,1,false
idle,5013,105034932.393,105037923.408,106032540,1,false
idle,5014,105055556.869,105058297.018,106053148,1,false
idle,5015,105075819.322,105079225.139,106073388,1,false
idle,5016,105096799.008,105099278.767,106094344,1,false
idle,5017,105117899.904,105119946.073,106115428,1,false
idle,5018,105138632.316,105144257.646,106136144,1,false
idle,5019,105158727.598,105160587.358,106156236,1,false
idle,5020,105179164.437,105180716.179,106176628,1,false
idle,5021,105199881.758,105201164.711,106197332,1,false
idle,5022,105220337.498,105221629.988,106217764,1,false
idle,5023,105240852.014,105242117.065,106238256,1,false
idle,5024,105261316.390,105262609.000,106258696,1,false
idle,5025,105281773.578,105283052.387,106279144,1,false
idle,5026,105302216.177,105303542.676,106299564,1,false
idle,5027,105322698.288,105324003.887,106320080,1,false
idle,5028,105343169.499,105344477.213,106340476,1,false
idle,5029,105363641.483,105364815.279,106360932,1,false
idle,5030,105383977.496,105385286.620,106381252,1,false
idle,5031,105404466.159,105405967.013,106401720,1,false
idle,5032,105425170.940,105426461.068,106422400,1,false
idle,5033,105445644.451,105446874.161,106442856,1,false
idle,5034,105466074.584,105467352.784,106463260,1,false
idle,5035,105486538.579,105487836.734,106483704,1,false
idle,5036,105507035.556,105508338.773,106504184,1,false
idle,5037,105527522.105,105528766.945,106524656,1,false
idle,5038,105547972.016,105549340.521,106545084,1,false
idle,5039,105568565.567,105569799.351,106565656,1,false
idle,5040,105588969.556,105590242.827,106586036,1,false
idle,5041,105609393.169,105610723.859,106606444,1,false
idle,5042,105629878.817,105631186.699,106626904,1,false
idle,5043,105650339.169,105651686.968,106647348,1,false
idle,5044,105670893.519,105672201.949,106667876,1,false
idle,5045,105691355.236,105692644.246,106688328,1,false
idle,5046,105711792.445,105713094.979,106708740,1,false
idle,5047,105732330.567,105733585.494,106729248,1,false
idle,5048,105752738.436,105753995.285,106749648,1,false
idle,5049,105773142.622,105774423.797,106770028,1,false
idle,5050,105793592.864,105794883.883,106790456,1,false
idle,5051,105814044.879,105815527.905,106810892,1,false
idle,5052,105834677.239,105836024.267,106831580,1,false
idle,5053,105855167.064,105856482.972,106851976,1,false
idle,5054,105875626.842,105876940.004,106872412,1,false
idle,5055,105896082.596,105897412.580,106892852,1,false
idle,5056,105916566.534,105917921.191,106913312,1,false
idle,5057,105937091.705,105938237.320,106933820,1,false
idle,5058,105957397.779,105958800.194,106954104,1,false
idle,5059,105977953.580,105979299.839,106974640,1,false
idle,5060,105998448.632,105999832.720,106995116,1,false
idle,5061,106019107.696,106020712.407,107015752,1,false
idle,5062,106040188.977,106044855.940,107036816,1,false
idle,5063,106060247.171,106065329.984,107056852,1,false
idle,5064,106080500.198,106081850.386,107077084,1,false
idle,5065,106101429.091,106107125.373,107097992,1,false
idle,5066,106122376.621,106126799.064,107118920,1,false
idle,5067,106143265.608,106147693.223,107139792,1,false
idle,5068,106164183.909,106168164.092,107160688,1,false
idle,5069,106184672.796,106188685.384,107181232,1,false
idle,5070,106205274.163,106209230.419,107201740,1,false
idle,5071,106225520.486,106229861.710,107221964,1,false
idle,5072,106246180.270,106250063.832,107242600,1,false
idle,5073,106266479.749,106270587.933,107262880,1,false
idle,5074,106287069.431,106291133.991,107283452,1,false
idle,5075,106307624.245,106311765.256,107303988,1,false
idle,5076,106328334.842,106331910.703,107324664,1,false
idle,5077,106349155.075,106352176.979,107345476,1,false
idle,5078,106369481.407,106372661.164,107365780,1,false
idle,5079,106390166.407,106393646.324,107386444,1,false
idle,5080,106411230.654,106413940.541,107407496,1,false
idle,5081,106431356.216,106434471.555,107427592,1,false
idle,5082,106452198.572,106455196.333,107448420,1,false
idle,5083,106472556.976,106475645.054,107468756,1,false
idle,5084,106493396.767,106495885.952,107489576,1,false
idle,5085,106514140.246,106516043.030,107510304,1,false
idle,5086,106534170.849,106536466.183,107530308,1,false
idle,5087,106554671.872,106556805.244,107550868,1,false
idle,5088,106574971.106,106577331.183,107571072,1,false
idle,5089,106595477.952,106597843.244,107591568,1,false
idle,5090,106616004.069,106618282.699,107612060,1,false
idle,5091,106636425.304,106638780.107,107632464,1,false
idle,5092,106656932.119,106659238.460,107652952,1,false
idle,5093,106677391.314,106679709.077,107673388,1,false
idle,5094,106697857.491,106700210.224,107693844,1,false
idle,5095,106718336.995,106720711.462,107714300,1,false
idle,5096,106738860.922,106741147.365,107734808,1,false
idle,5097,106759296.834,106761663.515,107755220,1,false
idle,5098,106779809.893,106782165.824,107775716,1,false
idle,5099,106800364.547,106802689.392,107796244,1,false
idle,5100,106820885.093,106823147.375,107816748,1,false
idle,5101,106841346.979,106843620.795,107837184,1,false
idle,5102,106861812.745,106864156.395,107857632,1,false
idle,5103,106882351.977,106884659.322,107878156,1,false
idle,5104,106902844.719,106905093.663,107898632,1,false
idle,5105,106923539.972,106925576.613,107919304,1,false
idle,5106,106943780.521,106946058.958,107939520,1,false
idle,5107,106964256.244,106966528.721,107959980,1,false
idle,5108,106984726.845,106987014.252,107980436,1,false
idle,5109,107005211.681,107007448.916,108000892,1,false
idle,5110,107025634.404,107028061.358,108021292,1,false
idle,5111,107046355.462,107048492.818,108041984,1,false
idle,5112,107066960.124,107068943.035,108062576,1,false
idle,5113,107087142.521,107089396.211,108082736,1,false
idle,5114,107107943.893,107109879.147,108103524,1,false
idle,5115,107128077.626,107130355.848,108123636,1,false
idle,5116,107148528.216,107150773.724,108144068,1,false
idle,5117,107168987.525,107171266.676,108164504,1,false
idle,5118,107189460.764,107191839.756,108184964,1,false
idle,5119,107210030.971,107212265.194,108205516,1,false
idle,5120,107230451.894,107233083.605,108225908,1,false
idle,5121,107251451.358,107253190.811,108246892,1,false
idle,5122,107272359.107,107273640.559,108267780,1,false
idle,5123,107292824.819,107294163.511,108288220,1,false
idle,5124,107313366.703,107314623.333,108308744,1,false
idle,5125,107333808.497,107335131.842,108329164,1,false
idle,5126,107354338.485,107355531.071,108349676,1,false
idle,5127,107374679.510,107375960.183,108370064,1,false
idle,5128,107395156.009,107396623.238,108390460,1,false
idle,5129,107415814.995,107417102.615,108411088,1,false
idle,5130,107436294.771,107437569.081,108431556,1,false
idle,5131,107456769.597,107458007.391,108452008,1,false
idle,5132,107477559.679,107482562.390,108472740,1,false
idle,5133,107497753.588,107503008.668,108492948,1,false
idle,5134,107518238.215,107523526.010,108513412,1,false
idle,5135,107538716.918,107544024.388,108533900,1,false
idle,5136,107559229.142,107564537.390,108554372,1,false
idle,5137,107579722.540,107585015.979,108574856,1,false
idle,5138,107600218.919,107605469.737,108595312,1,false
idle,5139,107620935.080,107625923.720,108616008,1,false
idle,5140,107641121.532,107646405.382,108636184,1,false
idle,5141,107661620.010,107666887.452,108656664,1,false
idle,5142,107682082.454,107687407.472,108677104,1,false
idle,5143,107702587.913,107707852.164,108697584,1,false
idle,5144,107723041.478,107728298.795,108718012,1,false
idle,5145,107743479.579,107744601.305,108738440,1,false
idle,5146,107763797.476,107765189.361,108758728,1,false
idle,5147,107784366.031,107785712.895,108779284,1,false
idle,5148,107804909.817,107806136.802,108799808,1,false
idle,5149,107825336.319,107826636.086,108820208,1,false
idle,5150,107845833.584,107847152.559,108840696,1,false
idle,5151,107866362.992,107871680.940,108861204,1,false
idle,5152,107886866.563,107892147.599,108881684,1,false
idle,5153,107907600.072,107913123.332,108902392,1,false
idle,5154,107928688.563,107933683.984,108923516,1,false
idle,5155,107948955.006,107953636.938,108943712,1,false
idle,5156,107969827.349,107974130.509,108964568,1,false
idle,5157,107990337.219,107994452.363,108985052,1,false
idle,5158,108010877.843,108015054.701,109005568,1,false
idle,5159,108031527.831,108035796.282,109026200,1,false
idle,5160,108052184.678,108056080.027,109046840,1,false
idle,5161,108072498.627,108076766.388,109067132,1,false
idle,5162,108093377.439,108097556.916,109087984,1,false
idle,5163,108114171.991,108117733.772,109108764,1,false
idle,5164,108135359.069,108138167.236,109129936,1,false
idle,5165,108156710.179,108158744.171,109151284,1,false
idle,5166,108177085.210,108179219.796,109171616,1,false
idle,5167,108197961.488,108199691.637,109192472,1,false
idle,5168,108218153.052,108220112.500,109212644,1,false
idle,5169,108238600.166,108241033.742,109233072,1,false
idle,5170,108259607.926,108264910.540,109254064,1,false
idle,5171,108280391.516,108285705.327,109274820,1,false
idle,5172,108301299.012,108306087.169,109295708,1,false
idle,5173,108321349.345,108326342.762,109315740,1,false
idle,5174,108341541.931,108346660.629,109335912,1,false
idle,5175,108361853.766,108363087.864,109356204,1,false
idle,5176,108382284.458,108383528.782,109376620,1,false
idle,5177,108402736.317,108403998.843,109397044,1,false
idle,5178,108423204.270,108424608.869,109417496,1,false
idle,5179,108443798.783,108445053.700,109438068,1,false
idle,5180,108464245.786,108465529.842,109458496,1,false
idle,5181,108484732.688,108486012.444,109478964,1,false
idle,5182,108505540.243,108510595.464,109499752,1,false
idle,5183,108525785.061,108527328.387,109519980,1,false
idle,5184,108546778.515,108551601.981,109540944,1,false
idle,5185,108567035.725,108572071.588,109561188,1,false
idle,5186,108587270.440,108592493.606,109581396,1,false
idle,5187,108607695.990,108612931.737,109601852,1,false
idle,5188,108628122.951,108629352.178,109622216,1,false
idle,5189,108648556.015,108649847.107,109642620,1,false
idle,5190,108669038.384,108670330.291,109663088,1,false
idle,5191,108689514.962,108690827.265,109683544,1,false
idle,5192,108710017.870,108711312.917,109704024,1,false
idle,5193,108730498.511,108731779.369,109724488,1,false
idle,5194,108751038.832,108752183.289,109745004,1,false
idle,5195,108771358.665,108772638.329,109765308,1,false
idle,5196,108791825.757,108793134.815,109785752,1,false
idle,5197,108812336.784,108813725.359,109806244,1,false
idle,5198,108832913.947,108834186.378,109826808,1,false
idle,5199,108853364.991,108854657.293,109847228,1,false
idle,5200,108873853.114,108875125.849,109867704,1,false
idle,5201,108894333.670,108895606.589,109888148,1,false
idle,5202,108914797.883,108916057.614,109908604,1,false
idle,5203,108935241.281,108936483.519,109929032,1,false
idle,5204,108955653.845,108956874.921,109949424,1,false
idle,5205,108976045.960,108977457.443,109969792,1,false
idle,5206,108996650.416,108998019.865,109990384,1,false
idle,5207,109017210.052,109018463.943,110010920,1,false
idle,5208,109037649.012,109038978.079,110031340,1,false
idle,5209,109058169.470,109059447.553,110051840,1,false
idle,5210,109078939.663,109084037.799,110072584,1,false
idle,5211,109099231.817,109105021.220,110092860,1,false
idle,5212,109119448.046,109121163.597,110113056,1,false
idle,5213,109139591.345,109141704.059,110133176,1,false
idle,5214,109160262.722,109161865.867,110153828,1,false
idle,5215,109181081.873,109182321.947,110174628,1,false
idle,5216,109201575.201,109202779.316,110195104,1,false
idle,5217,109221979.981,109223249.878,110215492,1,false
idle,5218,109242448.690,109243737.920,110235940,1,false
idle,5219,109262924.584,109264223.574,110256388,1,false
idle,5220,109283678.671,109288789.451,110277188,1,false
idle,5221,109303984.104,109305195.553,110297416,1,false
idle,5222,109324683.815,109329754.358,110318144,1,false
idle,5223,109345035.631,109350151.455,110338424,1,false
idle,5224,109365348.816,109366528.475,110358712,1,false
idle,5225,109385718.109,109386986.664,110379084,1,false
idle,5226,109406495.484,109411567.103,110399816,1,false
idle,5227,109426813.619,109428356.806,110420120,1,false
idle,5228,109447855.925,109453011.656,110441140,1,false
idle,5229,109468325.534,109473673.619,110461576,1,false
idle,5230,109489127.140,109494053.274,110482368,1,false
idle,5231,109509609.498,109514200.910,110502832,1,false
idle,5232,109530511.350,109534521.941,110523720,1,false
idle,5233,109550694.925,109554883.755,110543920,1,false
idle,5234,109571039.077,109575358.091,110564204,1,false
idle,5235,109591565.224,109596289.493,110584708,1,false
idle,5236,109611594.433,109617022.082,110604716,1,false
idle,5237,109632496.517,109636882.070,110625600,1,false
idle,5238,109653081.509,109657357.424,110646164,1,false
idle,5239,109673541.114,109677879.901,110666608,1,false
idle,5240,109694112.579,109698332.765,110687152,1,false
idle,5241,109714515.433,109718827.225,110707540,1,false
idle,5242,109735031.046,109739260.016,110728032,1,false
idle,5243,109755479.745,109759752.121,110748468,1,false
idle,5244,109775948.433,109780200.377,110768912,1,false
idle,5245,109796358.696,109800685.023,110789300,1,false
idle,5246,109817265.219,109821696.863,110810188,1,false
idle,5247,109838187.868,109842127.441,110831088,1,false
idle,5248,109858627.267,109862992.370,110851512,1,false
idle,5249,109879563.131,109883018.007,110872424,1,false
idle,5250,109900616.528,109903589.233,110893456,1,false
idle,5251,109921154.531,109924135.799,110913972,1,false
idle,5252,109941738.394,109944617.891,110934544,1,false
idle,5253,109962163.657,109964958.513,110954944,1,false
idle,5254,109982385.315,109985757.543,110975140,1,false
idle,5255,110003451.177,110006024.904,110996192,1,false
idle,5256,110024535.248,110026712.050,111017256,1,false
idle,5257,110045147.466,110047146.419,111037844,1,false
idle,5258,110065631.815,110067383.023,111058312,1,false
idle,5259,110085799.830,110087887.596,111078460,1,false
idle,5260,110106178.698,110108358.911,111098816,1,false
idle,5261,110126608.163,110128594.346,111119232,1,false
idle,5262,110146768.731,110148869.410,111139372,1,false
idle,5263,110167021.865,110169288.444,111159604,1,false
idle,5264,110187472.598,110189882.731,111180032,1,false
idle,5265,110208431.053,110211104.906,111200972,1,false
idle,5266,110228527.994,110231290.299,111221044,1,false
idle,5267,110248713.546,110251417.743,111241244,1,false
idle,5268,110269611.444,110271728.861,111262092,1,false
idle,5269,110289939.125,110292320.317,111282396,1,false
idle,5270,110310514.494,110312754.649,111302952,1,false
idle,5271,110330945.672,110333180.228,111323372,1,false
idle,5272,110351367.235,110353675.957,111343768,1,false
idle,5273,110371875.593,110374198.542,111364256,1,false
idle,5274,110392360.217,110394695.497,111384724,1,false
idle,5275,110412879.006,110415143.188,111405216,1,false
idle,5276,110433352.888,110435622.322,111425676,1,false
idle,5277,110453816.377,110456120.480,111446112,1,false
idle,5278,110474354.158,110476496.694,111466596,1,false
idle,5279,110494652.938,110496975.327,111486916,1,false
idle,5280,110515124.407,110517458.254,111507364,1,false
idle,5281,110535651.952,110538084.732,111527876,1,false
idle,5282,110556328.235,110558604.479,111548512,1,false
idle,5283,110576767.769,110578873.892,111568948,1,false
idle,5284,110597018.485,110599393.625,111589176,1,false
idle,5285,110617586.202,110620188.792,111609724,1,false
idle,5286,110638668.006,110640463.896,111630848,1,false
idle,5287,110658886.017,110660964.758,111650980,1,false
idle,5288,110679181.682,110681279.509,111671264,1,false
idle,5289,110699480.741,110701859.785,111691540,1,false
idle,5290,110720024.196,110722173.579,111712064,1,false
idle,5291,110740336.327,110742660.423,111732356,1,false
idle,5292,110760859.223,110763143.328,111752856,1,false
idle,5293,110781299.813,110783673.998,111773276,1,false
idle,5294,110802114.877,110804805.270,111794072,1,false
idle,5295,110822211.077,110825190.861,111814152,1,false
idle,5296,110842683.988,110845172.710,111834656,1,false
idle,5297,110863625.241,110865625.101,111855524,1,false
idle,5298,110883818.194,110886101.494,111875696,1,false
idle,5299,110904296.180,110906707.173,111896160,1,false
idle,5300,110924904.104,110927152.235,111916740,1,false
idle,5301,110945352.779,110947664.505,111937176,1,false
idle,5302,110965860.432,110968125.781,111957660,1,false
idle,5303,110986327.213,110988598.769,111978092,1,false
idle,5304,111007040.682,111009174.275,111998796,1,false
idle,5305,111027359.671,111029611.994,112019100,1,false
idle,5306,111047799.325,111050079.774,112039516,1,false
idle,5307,111068283.737,111070399.584,112059976,1,false
idle,5308,111088576.752,111091023.079,112080252,1,false
idle,5309,111109217.169,111111508.961,112100880,1,false
idle,5310,111129698.938,111132039.133,112121364,1,false
idle,5311,111150239.210,111152456.111,112141856,1,false
idle,5312,111170637.889,111173034.050,112162244,1,false
idle,5313,111191223.623,111193375.224,112182808,1,false
idle,5314,111211558.535,111214268.417,112203112,1,false
idle,5315,111232533.889,111234435.123,112224072,1,false
idle,5316,111252613.472,111254824.511,112244128,1,false
idle,5317,111273003.721,111275257.373,112264504,1,false
idle,5318,111293437.351,111295734.196,112284912,1,false
idle,5319,111313933.907,111316137.253,112305392,1,false
idle,5320,111334314.017,111336650.530,112325744,1,false
idle,5321,111354797.160,111357151.506,112346216,1,false
idle,5322,111375361.814,111377722.340,112366760,1,false
idle,5323,111395911.767,111398299.896,112387288,1,false
idle,5324,111416492.268,111418779.800,112407852,1,false
idle,5325,111437111.604,111439206.919,112428452,1,false
idle,5326,111457418.800,111459679.866,112448736,1,false
idle,5327,111477863.649,111480123.400,112469160,1,false
idle,5328,111498310.833,111500598.284,112489584,1,false
idle,5329,111519137.687,111521136.996,112510392,1,false
idle,5330,111539351.531,111541924.874,112530584,1,false
idle,5331,111560258.042,111562087.671,112551472,1,false
idle,5332,111581291.065,111582558.073,112572484,1,false
idle,5333,111601740.123,111602986.468,112592916,1,false
idle,5334,111622187.644,111623492.338,112613344,1,false
idle,5335,111642936.498,111648079.552,112634064,1,false
idle,5336,111663276.922,111668536.209,112654392,1,false
idle,5337,111683748.797,111688945.389,112674844,1,false
idle,5338,111704155.178,111705335.752,112695228,1,false
idle,5339,111724801.594,111730108.926,112715852,1,false
idle,5340,111745628.455,111750447.930,112736664,1,false
idle,5341,111766625.517,111770919.438,112757640,1,false
idle,5342,111787084.077,111791220.176,112778080,1,false
idle,5343,111807339.387,111811763.769,112798316,1,false
idle,5344,111827907.935,111832233.445,112818860,1,false
idle,5345,111848417.904,111852835.620,112839356,1,false
idle,5346,111869043.516,111873372.619,112859956,1,false
idle,5347,111889609.233,111893775.037,112880504,1,false
idle,5348,111909997.955,111914341.233,112900868,1,false
idle,5349,111930541.897,111934653.018,112921388,1,false
idle,5350,111950825.614,111955082.234,112941656,1,false
idle,5351,111971228.521,111975586.759,112962040,1,false
idle,5352,111991759.015,111996071.488,112982548,1,false
idle,5353,112012243.001,112016628.724,113003012,1,false
idle,5354,112032813.167,112037164.455,113023568,1,false
idle,5355,112053362.081,112057659.536,113044092,1,false
idle,5356,112073856.358,112078108.491,113064568,1,false
idle,5357,112094326.865,112098621.981,113085008,1,false
idle,5358,112114822.548,112119080.063,113105496,1,false
idle,5359,112135386.655,112139963.709,113126036,1,false
idle,5360,112156406.345,112160034.668,113147036,1,false
idle,5361,112177229.660,112180558.299,113167840,1,false
idle,5362,112197755.491,112201011.613,113188344,1,false
idle,5363,112218198.615,112221481.007,113208768,1,false
idle,5364,112239020.090,112242362.025,113229572,1,false
idle,5365,112259831.365,112263090.935,113250360,1,false
idle,5366,112280563.473,112283080.519,113271072,1,false
idle,5367,112301536.495,112303649.464,113292024,1,false
idle,5368,112322126.529,112324244.757,113312592,1,false
idle,5369,112342520.519,112344324.756,113332964,1,false
idle,5370,112363521.596,112364845.018,113353952,1,false
idle,5371,112384400.723,112389753.631,113374804,1,false
idle,5372,112405375.670,112410291.712,113395760,1,false
idle,5373,112425639.589,112431102.757,113416016,1,false
idle,5374,112446586.147,112451232.650,113436932,1,false
idle,5375,112466648.780,112471830.492,113456976,1,false
idle,5376,112487391.895,112491806.227,113477692,1,false
idle,5377,112508019.745,112512300.734,113498300,1,false
idle,5378,112528612.242,112532688.346,113518872,1,false
idle,5379,112548840.242,112553091.033,113539092,1,false
idle,5380,112569241.452,112573557.600,113559472,1,false
idle,5381,112589990.914,112594232.065,113580196,1,false
idle,5382,112610427.770,112614721.559,113600612,1,false
idle,5383,112630910.919,112635121.380,113621072,1,false
idle,5384,112651636.821,112655651.414,113641784,1,false
idle,5385,112672123.899,112676094.756,113662248,1,false
idle,5386,112692557.112,112696595.194,113682660,1,false
idle,5387,112712788.906,112717036.154,113702876,1,false
idle,5388,112733508.131,112737641.677,113723572,1,false
idle,5389,112753832.000,112757993.483,113743880,1,false
idle,5390,112774185.257,112778452.705,113764204,1,false
idle,5391,112794644.300,112799003.699,113784652,1,false
idle,5392,112815208.716,112819480.644,113805192,1,false
idle,5393,112836001.428,112840009.466,113825964,1,false
idle,5394,112856207.867,112860595.365,113846148,1,false
idle,5395,112877288.065,112881286.307,113867212,1,false
idle,5396,112897804.582,112901497.613,113887704,1,false
idle,5397,112917968.446,112922286.088,113907852,1,false
idle,5398,112938905.377,112942384.160,113928764,1,false
idle,5399,112959596.245,112962822.843,113949444,1,false
idle,5400,112980015.983,112983331.378,113969840,1,false
idle,5401,113000846.313,113003797.723,113990652,1,false
idle,5402,113021011.008,113024262.598,114010800,1,false
idle,5403,113041451.853,113044752.225,114031216,1,false
idle,5404,113061936.871,113065766.659,114051676,1,false
idle,5405,113083132.966,113086058.814,114072852,1,false
idle,5406,113103615.601,113106578.811,114093320,1,false
idle,5407,113123810.409,113126716.313,114113488,1,false
idle,5408,113143839.306,113146953.924,114133504,1,false
idle,5409,113164295.054,113167584.453,114153944,1,false
idle,5410,113185007.592,113188114.958,114174632,1,false
idle,5411,113205331.642,113208551.931,114194924,1,false
idle,5412,113225763.420,113229013.243,114215324,1,false
idle,5413,113246567.167,113249529.954,114236128,1,false
idle,5414,113266703.388,113269952.159,114256268,1,false
idle,5415,113287230.072,113290434.114,114276756,1,false
idle,5416,113307631.355,113310920.559,114297144,1,false
idle,5417,113328115.257,113331405.527,114317592,1,false
idle,5418,113348590.157,113351934.108,114338056,1,false
idle,5419,113369127.841,113372397.433,114358572,1,false
idle,5420,113389588.309,113393211.609,114379012,1,false
idle,5421,113410675.659,113413367.175,114400128,1,false
idle,5422,113431566.793,113433872.783,114420948,1,false
idle,5423,113452067.333,113454347.600,114441428,1,false
idle,5424,113472546.316,113474798.306,114461892,1,false
idle,5425,113493280.001,113495286.949,114482596,1,false
idle,5426,113513497.172,113515851.475,114502796,1,false
idle,5427,113534426.787,113536605.136,114523708,1,false
idle,5428,113554947.052,113556765.754,114544204,1,false
idle,5429,113575211.529,113577818.253,114564452,1,false
idle,5430,113596054.111,113597665.943,114585272,1,false
idle,5431,113616856.021,113618182.124,114606060,1,false
idle,5432,113637361.179,113638665.917,114626540,1,false
idle,5433,113657881.989,113663240.795,114647052,1,false
idle,5434,113678427.032,113683671.718,114667560,1,false
idle,5435,113698842.893,113704515.223,114687964,1,false
idle,5436,113719742.699,113724668.506,114708844,1,false
idle,5437,113739774.995,113740878.778,114728856,1,false
idle,5438,113760023.732,113761466.429,114749088,1,false
idle,5439,113780629.586,113782394.687,114769680,1,false
idle,5440,113800814.359,113803086.544,114789836,1,false
idle,5441,113821651.570,113823641.960,114810648,1,false
idle,5442,113842234.389,113847801.601,114831212,1,false
idle,5443,113863441.656,113868396.106,114852400,1,false
idle,5444,113883638.410,113889110.312,114872580,1,false
idle,5445,113904615.272,113909594.400,114893536,1,false
idle,5446,113925092.779,113929805.451,114913996,1,false
idle,5447,113945203.797,113950328.071,114934080,1,false
idle,5448,113965666.696,113971116.382,114954576,1,false
idle,5449,113986338.616,113990892.887,114975188,1,false
idle,5450,114007404.707,114011344.889,114996220,1,false
idle,5451,114027538.071,114031839.235,115016336,1,false
idle,5452,114048019.763,114052841.398,115036796,1,false
idle,5453,114068168.924,114073154.100,115056928,1,false
idle,5454,114088658.426,114093257.551,115077464,1,false
idle,5455,114109444.851,114113768.143,115098156,1,false
idle,5456,114129974.246,114134261.481,115118672,1,false
idle,5457,114150462.817,114154700.295,115139140,1,false
idle,5458,114170896.570,114175213.499,115159556,1,false
idle,5459,114191364.848,114195639.077,115180000,1,false
idle,5460,114211821.595,114216517.828,115200440,1,false
idle,5461,114232911.857,114236624.915,115221516,1,false
idle,5462,114253832.791,114257082.752,115242404,1,false
idle,5463,114274311.904,114277495.985,115262856,1,false
idle,5464,114294685.514,114298013.840,115283252,1,false
idle,5465,114315210.538,114319114.178,115303724,1,false
idle,5466,114335264.233,114338913.748,115323760,1,false
idle,5467,114356116.810,114359510.565,115344592,1,false
idle,5468,114376679.889,114379989.336,115365176,1,false
idle,5469,114397132.227,114400391.807,115385568,1,false
idle,5470,114417603.975,114421590.559,115406016,1,false
idle,5471,114437921.971,114441871.171,115426320,1,false
idle,5472,114458256.673,114462049.413,115446628,1,false
idle,5473,114478498.390,114482419.853,115466848,1,false
idle,5474,114498578.913,114503259.395,115486912,1,false
idle,5475,114518680.680,114523582.106,115507036,1,false
idle,5476,114538863.977,114544029.518,115527156,1,false
idle,5477,114559335.320,114564284.799,115547592,1,false
idle,5478,114579503.636,114584705.592,115567760,1,false
idle,5479,114599879.718,114601200.585,115588120,1,false
idle,5480,114620359.597,114621719.704,115608584,1,false
idle,5481,114640995.855,114646319.687,115629188,1,false
idle,5482,114661551.463,114666800.543,115649728,1,false
idle,5483,114681966.167,114687064.969,115670124,1,false
idle,5484,114702262.259,114703524.744,115690396,1,false
idle,5485,114722977.425,114728256.935,115711096,1,false
idle,5486,114743801.904,114748668.766,115731896,1,false
idle,5487,114764855.241,114769025.736,115752928,1,false
idle,5488,114785232.187,114789369.049,115773280,1,false
idle,5489,114805557.737,114809840.969,115793596,1,false
idle,5490,114826052.287,114830576.861,115814068,1,false
idle,5491,114846782.307,114850948.796,115834780,1,false
idle,5492,114867197.515,114871473.240,115855172,1,false
idle,5493,114887761.011,114891957.943,115875716,1,false
idle,5494,114908154.973,114912516.673,115896088,1,false
idle,5495,114928721.934,114933079.826,115916632,1,false
idle,5496,114949298.276,114953335.689,115937188,1,false
idle,5497,114969528.201,114973888.894,115957400,1,false
idle,5498,114990136.693,114994422.718,115977988,1,false
idle,5499,115010621.538,115015036.721,115998468,1,false
idle,5500,115031624.304,115035403.506,116019436,1,false
idle,5501,115052604.471,115055798.793,116040392,1,false
idle,5502,115073329.249,115076297.314,116061088,1,false
idle,5503,115093540.010,115096794.684,116081288,1,false
idle,5504,115114018.513,115117265.201,116101744,1,false
idle,5505,115134475.681,115137759.811,116122184,1,false
idle,5506,115154965.054,115158260.088,116142656,1,false
idle,5507,115175456.878,115178761.414,116163132,1,false
idle,5508,115195983.804,115199209.836,116183632,1,false
idle,5509,115216419.498,115219691.160,116204048,1,false
idle,5510,115236935.160,115240162.117,116224528,1,false
idle,5511,115257376.677,115260577.872,116244968,1,false
idle,5512,115277791.604,115281084.448,116265364,1,false
idle,5513,115298321.352,115301610.350,116285856,1,false
idle,5514,115318825.106,115322080.124,116306356,1,false
idle,5515,115339380.470,115342374.772,116326824,1,false
idle,5516,115359531.237,115362881.562,116347020,1,false
idle,5517,115380033.870,115383378.002,116367508,1,false
idle,5518,115400922.972,115404008.961,116388376,1,false
idle,5519,115421205.932,115424422.732,116408640,1,false
idle,5520,115441869.444,115445246.370,116429284,1,false
idle,5521,115462649.049,115465780.169,116450108,1,false
idle,5522,115483395.009,115486179.471,116470764,1,false
idle,5523,115503724.700,115507179.212,116491072,1,false
idle,5524,115524728.715,115527238.106,116512052,1,false
idle,5525,115545818.117,115547865.391,116533124,1,false
idle,5526,115566327.868,115567891.122,116553600,1,false
idle,5527,115587527.164,115592669.362,116574792,1,false
idle,5528,115608280.515,115613243.997,116595524,1,false
idle,5529,115628806.346,115633814.377,116616032,1,false
idle,5530,115649251.756,115654123.860,116636460,1,false
idle,5531,115669601.036,115674815.839,116656788,1,false
idle,5532,115690187.262,115694789.994,116677352,1,false
idle,5533,115710991.602,115715226.325,116698140,1,false
idle,5534,115731682.377,115735693.980,116718844,1,false
idle,5535,115751884.945,115756543.932,116738996,1,false
idle,5536,115772009.467,115777100.296,116759096,1,false
idle,5537,115792614.141,115797103.992,116779680,1,false
idle,5538,115813322.479,115817618.658,116800356,1,false
idle,5539,115833804.048,115838107.488,116820832,1,false
idle,5540,115854318.365,115858589.618,116841316,1,false
idle,5541,115874783.512,115879056.144,116861772,1,false
idle,5542,115895376.154,115899589.833,116882340,1,false
idle,5543,115915843.700,115920150.213,116902788,1,false
idle,5544,115936694.901,115940775.419,116923644,1,false
idle,5545,115957327.275,115961137.626,116944220,1,false
idle,5546,115977556.489,115981607.305,116964440,1,false
idle,5547,115997806.320,116002032.300,116984676,1,false
idle,5548,116018221.430,116022451.110,117005068,1,false
idle,5549,116038908.223,116043234.282,117025728,1,false
idle,5550,116059841.447,116063783.391,117046644,1,false
idle,5551,116080079.162,116084212.129,117066860,1,false
idle,5552,116100688.066,116105090.588,117087484,1,false
idle,5553,116121579.703,116125218.257,117108320,1,false
idle,5554,116141722.067,116145345.130,117128444,1,false
idle,5555,116162536.516,116165795.585,117149240,1,false
idle,5556,116183003.891,116186256.262,117169688,1,false
idle,5557,116203443.115,116206785.571,117190112,1,false
idle,5558,116223989.884,116227201.390,117210636,1,false
idle,5559,116244446.072,116247711.564,117231068,1,false
idle,5560,116264913.701,116268168.311,117251512,1,false
idle,5561,116285358.478,116288632.210,117271940,1,false
idle,5562,116305817.504,116309729.343,117292376,1,false
idle,5563,116326183.025,116330012.965,117312728,1,false
idle,5564,116346257.364,116350275.643,117332784,1,false
idle,5565,116366571.433,116370580.597,117353076,1,false
idle,5566,116386770.232,116391041.858,117373252,1,false
idle,5567,116407245.930,116411537.329,117393708,1,false
idle,5568,116427729.604,116432012.822,117414168,1,false
idle,5569,116448202.877,116452436.201,117434628,1,false
idle,5570,116468878.992,116473556.177,117455276,1,false
idle,5571,116488972.913,116493867.279,117475356,1,false
idle,5572,116509286.486,116514332.071,117495652,1,false
idle,5573,116529722.396,116535165.861,117516068,1,false
idle,5574,116550672.576,116554898.012,117537040,1,false
idle,5575,116571109.012,116575373.316,117557408,1,false
idle,5576,116591567.726,116595866.515,117577852,1,false
idle,5577,116612451.192,116617037.404,117598708,1,false
idle,5578,116633291.102,116637168.147,117619532,1,false
idle,5579,116653483.091,116657767.897,117639708,1,false
idle,5580,116674175.537,116678148.610,117660376,1,false
idle,5581,116694661.321,116698429.241,117680896,1,false
idle,5582,116714752.670,116719240.955,117700904,1,false
idle,5583,116735791.193,116739244.968,117721920,1,false
idle,5584,116756750.426,116759765.481,117742864,1,false
idle,5585,116777059.786,116780614.320,117763160,1,false
idle,5586,116798065.907,116800702.618,117784144,1,false
idle,5587,116819054.218,116821226.483,117805116,1,false
idle,5588,116839572.807,116841671.658,117825612,1,false
idle,5589,116860136.969,116862342.747,117846152,1,false
idle,5590,116880700.403,116882707.089,117866716,1,false
idle,5591,116901279.896,116903188.653,117887256,1,false
idle,5592,116921531.696,116923579.804,117907484,1,false
idle,5593,116941914.555,116944101.472,117927852,1,false
idle,5594,116962403.782,116964428.217,117948312,1,false
idle,5595,116982933.419,116985112.447,117968828,1,false
idle,5596,117003453.476,117005530.950,117989328,1,false
idle,5597,117023893.574,117025985.402,118009748,1,false
idle,5598,117044419.096,117046488.575,118030252,1,false
idle,5599,117064815.223,117066811.946,118050628,1,false
idle,5600,117085147.408,117087409.477,118070940,1,false
idle,5601,117105838.798,117107898.054,118091600,1,false
idle,5602,117126238.025,117129169.200,118111996,1,false
idle,5603,117146686.044,117149208.443,118132452,1,false
idle,5604,117167570.432,117169402.938,118153288,1,false
idle,5605,117187619.563,117189863.173,118173316,1,false
idle,5606,117208271.074,117210353.163,118193940,1,false
idle,5607,117228707.690,117230683.000,118214372,1,false
idle,5608,117249001.135,117251245.064,118234640,1,false
idle,5609,117269581.542,117271596.991,118255196,1,false
idle,5610,117289913.674,117292120.759,118275504,1,false
idle,5611,117310551.038,117312690.182,118296124,1,false
idle,5612,117331156.340,117333156.610,118316708,1,false
idle,5613,117351496.185,117353709.947,118337036,1,false
idle,5614,117372115.145,117374142.054,118357632,1,false
idle,5615,117392602.364,117394626.320,118378092,1,false
idle,5616,117412980.262,117415102.032,118398456,1,false
idle,5617,117433441.303,117435608.278,118418896,1,false
idle,5618,117454016.364,117456101.172,118439452,1,false
idle,5619,117474455.440,117476507.762,118459876,1,false
idle,5620,117494940.016,117497000.487,118480332,1,false
idle,5621,117515609.041,117517397.286,118500968,1,false
idle,5622,117535591.734,117537887.397,118520952,1,false
idle,5623,117556402.208,117558568.454,118541744,1,false
idle,5624,117577133.548,117579188.336,118562448,1,false
idle,5625,117597736.688,117599863.712,118583032,1,false
idle,5626,117618383.043,117620144.528,118603656,1,false
idle,5627,117638628.829,117641161.131,118623892,1,false
idle,5628,117659666.893,117665011.307,118644952,1,false
idle,5629,117680581.754,117685762.258,118665804,1,false
idle,5630,117701390.819,117706215.090,118686584,1,false
idle,5631,117721657.709,117727072.074,118706888,1,false
idle,5632,117742667.900,117747161.831,118727868,1,false
idle,5633,117763713.595,117767232.200,118748852,1,false
idle,5634,117784403.629,117787584.351,118769516,1,false
idle,5635,117804752.985,117808131.805,118789844,1,false
idle,5636,117825276.173,117828535.769,118810352,1,false
idle,5637,117845675.530,117849026.499,118830764,1,false
idle,5638,117866214.674,117869618.071,118851252,1,false
idle,5639,117887162.477,117890493.202,118872176,1,false
idle,5640,117907818.398,117911081.540,118892808,1,false
idle,5641,117928569.766,117931235.930,118913540,1,false
idle,5642,117949576.730,117951920.240,118934536,1,false
idle,5643,117970433.895,117972395.683,118955364,1,false
idle,5644,117990848.177,117993071.058,118975756,1,false
idle,5645,118011620.026,118013618.269,118996524,1,false
idle,5646,118032227.880,118033883.407,119017104,1,false
idle,5647,118052412.578,118054438.106,119037260,1,false
idle,5648,118073071.726,118074520.859,119057872,1,false
idle,5649,118093727.956,118099020.581,119078540,1,false
idle,5650,118114218.933,118119484.346,119099004,1,false
idle,5651,118134674.908,118139986.871,119119484,1,false
idle,5652,118155290.692,118160420.820,119140040,1,false
idle,5653,118175881.104,118180909.344,119160608,1,false
idle,5654,118196108.490,118201400.487,119180816,1,false
idle,5655,118216597.984,118221862.022,119201288,1,false
idle,5656,118237502.309,118242387.086,119222172,1,false
idle,5657,118257520.418,118262744.222,119242168,1,false
idle,5658,118277952.947,118279257.961,119262592,1,false
idle,5659,118298687.016,118303684.334,119283316,1,false
idle,5660,118318879.653,118320464.029,119303468,1,false
idle,5661,118339679.062,118344694.588,119324280,1,false
idle,5662,118359876.718,118361505.769,119344428,1,false
idle,5663,118380677.150,118385668.704,119365236,1,false
idle,5664,118400847.953,118402330.481,119385356,1,false
idle,5665,118421597.280,118426589.008,119406084,1,false
idle,5666,118441770.326,118443336.566,119426236,1,false
idle,5667,118462818.414,118467584.617,119447268,1,false
idle,5668,118483795.208,118488064.733,119468228,1,false
idle,5669,118504273.314,118508536.661,119488676,1,false
idle,5670,118524722.926,118529007.891,119509112,1,false
idle,5671,118545199.842,118549515.478,119529568,1,false
idle,5672,118565732.644,118569980.907,119550080,1,false
idle,5673,118586177.102,118590437.974,119570504,1,false
idle,5674,118606633.787,118610927.220,119590944,1,false
idle,5675,118627115.764,118631409.925,119611408,1,false
idle,5676,118647604.263,118651937.921,119631880,1,false
idle,5677,118668135.891,118672400.361,119652380,1,false
idle,5678,118688726.486,118692841.339,119672948,1,false
idle,5679,118709315.623,118713332.001,119693516,1,false
idle,5680,118729523.890,118733803.736,119713708,1,false
idle,5681,118750009.430,118754263.822,119734172,1,false
idle,5682,118770786.458,118774754.178,119754932,1,false
idle,5683,118790975.895,118795673.904,119775104,1,false
idle,5684,118811875.508,118815732.220,119795984,1,false
idle,5685,118832041.692,118836808.812,119816124,1,false
idle,5686,118852245.750,118856736.900,119836312,1,false
idle,5687,118873047.396,118877188.504,119857096,1,false
idle,5688,118893630.929,118897699.104,119877660,1,false
idle,5689,118913897.171,118918510.405,119897900,1,false
idle,5690,118934969.226,118938667.027,119918956,1,false
idle,5691,118955859.964,118959162.755,119939832,1,false
idle,5692,118976364.110,118979986.564,119960308,1,false
idle,5693,118997466.528,119000104.149,119981396,1,false
idle,5694,119018356.130,119020577.187,120002264,1,false
idle,5695,119038775.394,119041017.344,120022660,1,false
idle,5696,119059222.893,119061563.382,120043088,1,false
idle,5697,119079756.534,119082008.045,120063604,1,false
idle,5698,119100319.250,119102826.271,120084136,1,false
idle,5699,119121140.009,119123001.190,120104940,1,false
idle,5700,119142204.607,119143336.694,120125988,1,false
idle,5701,119162523.880,119163919.485,120146288,1,false
idle,5702,119183125.020,119184317.523,120166868,1,false
idle,5703,119203504.769,119204833.072,120187224,1,false
idle,5704,119224010.933,119225762.239,120207712,1,false
idle,5705,119244237.257,119246132.099,120227916,1,false
idle,5706,119264591.713,119266321.824,120248252,1,false
idle,5707,119284694.868,119286792.636,120268352,1,false
idle,5708,119304982.907,119307677.905,120288604,1,false
idle,5709,119325101.995,119328008.138,120308700,1,false
idle,5710,119345155.383,119348404.580,120328740,1,false
idle,5711,119365575.063,119368509.454,120349144,1,false
idle,5712,119385614.242,119389064.570,120369176,1,false
idle,5713,119406280.452,119409641.859,120389804,1,false
idle,5714,119426860.617,119430124.671,120410364,1,false
idle,5715,119447507.158,119450585.835,120430992,1,false
idle,5716,119467779.714,119471194.956,120451244,1,false
idle,5717,119488728.214,119491812.259,120472172,1,false
idle,5718,119509335.841,119512332.138,120492748,1,false
idle,5719,119529811.545,119532967.433,120513216,1,false
idle,5720,119550464.849,119553477.867,120533844,1,false
idle,5721,119571076.834,119573811.593,120554440,1,false
idle,5722,119591382.471,119594350.700,120574724,1,false
idle,5723,119611886.178,119614458.788,120595208,1,false
idle,5724,119632737.735,119635447.042,120616040,1,false
idle,5725,119653735.378,119655690.595,120637016,1,false
idle,5726,119674182.384,119676154.752,120657444,1,false
idle,5727,119694649.043,119696997.818,120677948,1,false
idle,5728,119715498.293,119717003.655,120698712,1,false
idle,5729,119736544.722,119741806.259,120719740,1,false
idle,5730,119757205.782,119762370.421,120740380,1,false
idle,5731,119777957.744,119783017.685,120761120,1,false
idle,5732,119798520.074,119803154.225,120781660,1,false
idle,5733,119819552.087,119823559.925,120802664,1,false
idle,5734,119840119.214,119844132.598,120823216,1,false
idle,5735,119860833.437,119864381.202,120843908,1,false
idle,5736,119881883.028,119885075.182,120864936,1,false
idle,5737,119902593.752,119905766.635,120885628,1,false
idle,5738,119923102.361,119926084.875,120906112,1,false
idle,5739,119943666.460,119947082.297,120926704,1,false
idle,5740,119964603.800,119967007.679,120947580,1,false
idle,5741,119985406.280,119987650.380,120968368,1,false
idle,5742,120006159.536,120007985.874,120989096,1,false
idle,5743,120027192.940,120032124.375,121010116,1,false
idle,5744,120047219.274,120048969.325,121030116,1,false
idle,5745,120067388.453,120069155.165,121050264,1,false
idle,5746,120087590.778,120089841.614,121070448,1,false
idle,5747,120108312.626,120110015.567,121091136,1,false
idle,5748,120129200.104,120130479.993,121112020,1,false
idle,5749,120149903.546,120155179.639,121132696,1,false
idle,5750,120170382.359,120175630.579,121153156,1,false
idle,5751,120190826.411,120196003.562,121173588,1,false
idle,5752,120211451.769,120217088.675,121194176,1,false
idle,5753,120232496.647,120237535.290,121215212,1,false
idle,5754,120253074.800,120257639.607,121235768,1,false
idle,5755,120274111.823,120278355.669,121256788,1,false
idle,5756,120294775.672,120298823.751,121277420,1,false
idle,5757,120315324.944,120319577.275,121297948,1,false
idle,5758,120336133.298,120339408.865,121318740,1,false
idle,5759,120356635.029,120360201.984,121339300,1,false
idle,5760,120377529.333,120381100.941,121360096,1,false
idle,5761,120398516.662,120401248.792,121381064,1,false
idle,5762,120418669.838,120421732.747,121401240,1,false
idle,5763,120439168.488,120442203.127,121421680,1,false
idle,5764,120459777.358,120462705.877,121442260,1,false
idle,5765,120480294.162,120483134.821,121462760,1,false
idle,5766,120500537.831,120503781.710,121482984,1,false
idle,5767,120521424.467,120524146.429,121503856,1,false
idle,5768,120541633.693,120545123.337,121524040,1,false
idle,5769,120562726.156,120565096.483,121545112,1,false
idle,5770,120583663.586,120585772.041,121566076,1,false
idle,5771,120604135.791,120606089.407,121586484,1,false
idle,5772,120624894.025,120626574.053,121607220,1,false
idle,5773,120645919.350,120650964.332,121628228,1,false
idle,5774,120666459.195,120671644.774,121648748,1,false
idle,5775,120687294.472,120692021.985,121669556,1,false
idle,5776,120707520.290,120712457.084,121689768,1,false
idle,5777,120727971.337,120733063.843,121710204,1,false
idle,5778,120748608.446,120753630.972,121730828,1,false
idle,5779,120768891.404,120773614.900,121751084,1,false
idle,5780,120789784.018,120793843.916,121771948,1,false
idle,5781,120809995.504,120814334.288,121792140,1,false
idle,5782,120830484.522,120834873.440,121812612,1,false
idle,5783,120851025.103,120855368.945,121833132,1,false
idle,5784,120871515.032,120875862.740,121853600,1,false
idle,5785,120892010.994,120896316.632,121874080,1,false
idle,5786,120912465.530,120916837.317,121894516,1,false
idle,5787,120932984.343,120937259.927,121915012,1,false
idle,5788,120953403.608,120957752.800,121935412,1,false
idle,5789,120973897.483,120978232.444,121955888,1,false
idle,5790,120994333.927,120998710.943,121976304,1,false
idle,5791,121014857.954,121019235.470,121996800,1,false
idle,5792,121035333.274,121039675.226,122017264,1,false
idle,5793,121055818.937,121060123.973,122037732,1,false
idle,5794,121076267.517,121080571.680,122058156,1,false
idle,5795,121096715.875,121101127.200,122078584,1,false
idle,5796,121117280.586,121121593.692,122099128,1,false
idle,5797,121137736.171,121142055.477,122119564,1,false
idle,5798,121158199.626,121162561.337,122140008,1,false
idle,5799,121178705.834,121183057.533,122160492,1,false
idle,5800,121199199.831,121203529.675,122180964,1,false
idle,5801,121219675.752,121224029.383,122201456,1,false
idle,5802,121240178.102,121244459.258,122221908,1,false
idle,5803,121260609.952,121264922.010,122242328,1,false
idle,5804,121281072.959,121285436.811,122262764,1,false
idle,5805,121301608.365,121305883.871,122283280,1,false
idle,5806,121322044.557,121326320.894,122303692,1,false
idle,5807,121342471.989,121346806.681,122324092,1,false
idle,5808,121362961.857,121367270.476,122344572,1,false
idle,5809,121383418.936,121387769.836,122365004,1,false
idle,5810,121403917.859,121408243.889,122385484,1,false
idle,5811,121424394.411,121428776.335,122405940,1,false
idle,5812,121444925.589,121449187.607,122426452,1,false
idle,5813,121465336.959,121469666.337,122446840,1,false
idle,5814,121485811.722,121490161.692,122467300,1,false
idle,5815,121506313.569,121510632.737,122487780,1,false
idle,5816,121526783.155,121531116.630,122508232,1,false
idle,5817,121547322.913,121551676.141,122528744,1,false
idle,5818,121567867.901,121572138.035,122549272,1,false
idle,5819,121588332.843,121592595.517,122569716,1,false
idle,5820,121608788.324,121613117.071,122590156,1,false
idle,5821,121629319.516,121633604.440,122610652,1,false
idle,5822,121649826.279,121654467.485,122631148,1,false
idle,5823,121669870.566,121674972.659,122651176,1,false
idle,5824,121690444.645,121695126.873,122671708,1,false
idle,5825,121710519.973,121715572.662,122691780,1,false
idle,5826,121731030.985,121736032.199,122712272,1,false
idle,5827,121751228.862,121752992.107,122732452,1,false
idle,5828,121771415.353,121773481.811,122752624,1,false
idle,5829,121791687.001,121793421.310,122772884,1,false
idle,5830,121812619.931,121813884.595,122793788,1,false
idle,5831,121833064.655,121834256.385,122814212,1,false
idle,5832,121853446.154,121854839.040,122834580,1,false
idle,5833,121874300.057,121879434.885,122855404,1,false
idle,5834,121894640.437,121899915.266,122875792,1,false
idle,5835,121915112.958,121920376.105,122896172,1,false
idle,5836,121935840.030,121940850.845,122916888,1,false
idle,5837,121956181.864,121961321.506,122937204,1,false
idle,5838,121976494.270,121977555.980,122957496,1,false
idle,5839,121996716.088,121998032.378,122977700,1,false
idle,5840,122017218.784,122018561.398,122998180,1,false
idle,5841,122037759.130,122039147.715,123018700,1,false
idle,5842,122058350.765,122059596.230,123039280,1,false
idle,5843,122078798.812,122080105.792,123059708,1,false
idle,5844,122099313.136,122100555.788,123080188,1,false
idle,5845,122119731.198,122121031.120,123100596,1,false
idle,5846,122140196.056,122141369.129,123121044,1,false
idle,5847,122160523.815,122161959.067,123141344,1,false
idle,5848,122181151.816,122182491.680,123161956,1,false
idle,5849,122201683.481,122203133.660,123182484,1,false
idle,5850,122222345.122,122227628.255,123203104,1,false
idle,5851,122242818.928,122248087.673,123223568,1,false
idle,5852,122263359.329,122268569.346,123244084,1,false
idle,5853,122283756.083,122289088.896,123264460,1,false
idle,5854,122370987.092,122375026.619,123351604,1,false
idle,5855,122391239.512,122395541.954,123371840,1,false
idle,5856,122411749.627,122415987.700,123392320,1,false
idle,5857,122432182.649,122436532.282,123412744,1,false
idle,5858,122452737.048,122457006.623,123433272,1,false
idle,5859,122473206.400,122477510.385,123453724,1,false
idle,5860,122493740.930,122498050.291,123474236,1,false
idle,5861,122514252.011,122518334.699,123494732,1,false
idle,5862,122534539.329,122538838.514,123514992,1,false
idle,5863,122555401.097,122559440.988,123535836,1,false
idle,5864,122575621.151,122579883.896,123556036,1,false
idle,5865,122596380.277,122600352.916,123576776,1,false
idle,5866,122616531.561,122620795.047,123596912,1,false
idle,5867,122637423.416,122641468.107,123617780,1,false
idle,5868,122657698.465,122661809.186,123638044,1,false
idle,5869,122677982.084,122682174.551,123658292,1,false
idle,5870,122698368.407,122702781.237,123678668,1,false
idle,5871,122719360.414,122723274.198,123699636,1,false
idle,5872,122739769.599,122744089.388,123720024,1,false
idle,5873,122760588.043,122764217.129,123740820,1,false
idle,5874,122780614.524,122784712.529,123760832,1,false
idle,5875,122800901.123,122805685.696,123781100,1,false
idle,5876,122821972.957,122826000.234,123802144,1,false
idle,5877,122842470.162,122846504.318,123822620,1,false
idle,5878,122863045.313,122867123.092,123843172,1,false
idle,5879,122883607.419,122887650.127,123863732,1,false
idle,5880,122904184.299,122907588.083,123884276,1,false
idle,5881,122925061.905,122928127.271,123905132,1,false
idle,5882,122945610.931,122948928.031,123925676,1,false
idle,5883,122966652.757,122969591.539,123946740,1,false
idle,5884,122987118.187,122989837.243,123967124,1,false
idle,5885,123007242.822,123010447.314,123987232,1,false
idle,5886,123028013.795,123030989.741,124007980,1,false
idle,5887,123048482.252,123051293.441,124028436,1,false
idle,5888,123069649.201,123071814.178,124049624,1,false
idle,5889,123090089.382,123091931.643,124070004,1,false
idle,5890,123110343.066,123113102.144,124090212,1,false
idle,5891,123130516.153,123133194.426,124110396,1,false
idle,5892,123150603.249,123153806.328,124130468,1,false
idle,5893,123171302.817,123173830.155,124151136,1,false
idle,5894,123192045.549,123194320.171,124171856,1,false
idle,5895,123212508.833,123214794.759,124192300,1,false
idle,5896,123233336.321,123235212.366,124213092,1,false
idle,5897,123253629.759,123255731.791,124233452,1,false
idle,5898,123273949.082,123276208.793,124253680,1,false
idle,5899,123294424.617,123296712.001,124274140,1,false
idle,5900,123314971.243,123317207.084,124294668,1,false
idle,5901,123335658.503,123337598.830,124315368,1,false
idle,5902,123355818.588,123358110.980,124335480,1,false
idle,5903,123376321.084,123378610.981,124355940,1,false
idle,5904,123396861.406,123399124.177,124376472,1,false
idle,5905,123417334.291,123419579.309,124396924,1,false
idle,5906,123437766.940,123440197.350,124417344,1,false
idle,5907,123458677.203,123460563.067,124438244,1,false
idle,5908,123478714.570,123481114.231,124458248,1,false
idle,5909,123499511.907,123501470.690,124479020,1,false
idle,5910,123519663.819,123522390.153,124499188,1,false
idle,5911,123539829.221,123543128.220,124519300,1,false
idle,5912,123560546.635,123562939.570,124539992,1,false
idle,5913,123581383.105,123583393.683,124560812,1,false
idle,5914,123601592.072,123604249.439,124580996,1,false
idle,5915,123621638.864,123624937.610,124601096,1,false
idle,5916,123642407.294,123644911.751,124621776,1,false
idle,5917,123663152.912,123665356.066,124642504,1,false
idle,5918,123683546.325,123685825.881,124662876,1,false
idle,5919,123704303.735,123706331.845,124683612,1,false
idle,5920,123724533.156,123726724.967,124703820,1,false
idle,5921,123745070.503,123747607.171,124724336,1,false
idle,5922,123765833.952,123767638.189,124745084,1,false
idle,5923,123786831.954,123788026.252,124766060,1,false
idle,5924,123807218.200,123808508.576,124786428,1,false
idle,5925,123827738.764,123829173.517,124806924,1,false
idle,5926,123848359.888,123853669.077,124827528,1,false
idle,5927,123868857.589,123874002.953,124848004,1,false
idle,5928,123889188.718,123890441.054,124868320,1,false
idle,5929,123909616.907,123911644.963,124888728,1,false
idle,5930,123930144.178,123931528.012,124909232,1,false
idle,5931,123950961.767,123956075.021,124930028,1,false
idle,5932,123971291.983,123976545.198,124950340,1,false
idle,5933,123991737.980,123996962.119,124970768,1,false
idle,5934,124012161.210,124013314.734,124991168,1,false
idle,5935,124032472.199,124033765.814,125011464,1,false
idle,5936,124052929.073,124054238.331,125031896,1,false
idle,5937,124073395.466,124074725.031,125052348,1,false
idle,5938,124093866.375,124095179.872,125072800,1,false
idle,5939,124114327.991,124115699.445,125093232,1,false
idle,5940,124134975.905,124136140.795,125113860,1,false
idle,5941,124155296.320,124156670.203,125134168,1,false
idle,5942,124175824.306,124177078.402,125154672,1,false
idle,5943,124196223.565,124197576.349,125175056,1,false
idle,5944,124216716.290,124218038.938,125195528,1,false
idle,5945,124237181.564,124238534.022,125215976,1,false
idle,5946,124257703.345,124259020.607,125236468,1,false
idle,5947,124278173.929,124279616.861,125256920,1,false
idle,5948,124299018.874,124304286.752,125277716,1,false
idle,5949,124319488.725,124325021.928,125298192,1,false
idle,5950,124340252.139,124345188.060,125318944,1,false
idle,5951,124360422.125,124366016.177,125339088,1,false
idle,5952,124381455.862,124386229.895,125360104,1,false
idle,5953,124402450.097,124406674.858,125381080,1,false
idle,5954,124422867.623,124427132.236,125401476,1,false
idle,5955,124443363.048,124447635.856,125421944,1,false
idle,5956,124464085.233,124468452.117,125442648,1,false
idle,5957,124484933.382,124489136.746,125463472,1,false
idle,5958,124505622.872,124509610.929,125484228,1,false
idle,5959,124526083.666,124529870.270,125504592,1,false
idle,5960,124546285.045,124550376.803,125524772,1,false
idle,5961,124566848.214,124570855.825,125545308,1,false
idle,5962,124587451.686,124591267.595,125565896,1,false
idle,5963,124607699.076,124611799.405,125586120,1,false
idle,5964,124628303.250,124632302.999,125606708,1,false
idle,5965,124648663.368,124653190.661,125627080,1,false
idle,5966,124669753.779,124673299.102,125648116,1,false
idle,5967,124690574.538,124693161.763,125668920,1,false
idle,5968,124711356.003,124713660.347,125689680,1,false
idle,5969,124731852.091,124734186.960,125710152,1,false
idle,5970,124752358.727,124754748.909,125730636,1,false
idle,5971,124772941.729,124775209.980,125751200,1,false
idle,5972,124793410.498,124795657.131,125771656,1,false
idle,5973,124813847.746,124816148.453,125792072,1,false
idle,5974,124834349.687,124837009.397,125812552,1,false
idle,5975,124854435.644,124857737.774,125832624,1,false
idle,5976,124875237.694,124877671.219,125853404,1,false
idle,5977,124895878.547,124898161.779,125874024,1,false
idle,5978,124916462.398,124918620.701,125894576,1,false
idle,5979,124936790.407,124938900.768,125914896,1,false
idle,5980,124957050.704,124959384.893,125935128,1,false
idle,5981,124977529.787,124979854.128,125955592,1,false
idle,5982,124997996.368,125000358.349,125976036,1,false
idle,5983,125018501.153,125021013.444,125996520,1,false
idle,5984,125039572.222,125041517.473,126017568,1,false
idle,5985,125059716.539,125061963.306,126037700,1,false
idle,5986,125080155.447,125082412.876,126058116,1,false
idle,5987,125100595.496,125103080.543,126078552,1,false
idle,5988,125121510.941,125123450.381,126099432,1,false
idle,5989,125141656.422,125144202.015,126119592,1,false
idle,5990,125162520.662,125164215.078,126140396,1,false
idle,5991,125183422.450,125184698.747,126161284,1,false
idle,5992,125203909.700,125205190.531,126181748,1,false
idle,5993,125224352.373,125225656.011,126202168,1,false
idle,5994,125244825.079,125246020.981,126222632,1,false
idle,5995,125265181.452,125266534.295,126242960,1,false
idle,5996,125285714.797,125287067.188,126263476,1,false
idle,5997,125306227.465,125307563.843,126283972,1,false
idle,5998,125326768.222,125328232.370,126304492,1,false
idle,5999,125347420.713,125352602.916,126325124,1,false
idle,6000,125367858.322,125369191.091,126345544,1,false
idle,6001,125388429.765,125393609.095,126366084,1,false
idle,6002,125408845.420,125410119.282,126386480,1,false
idle,6003,125429609.931,125434736.080,126407228,1,false
idle,6004,125449968.330,125455142.873,126427572,1,false
idle,6005,125470689.421,125475666.968,126448272,1,false
idle,6006,125490883.923,125496081.475,126468444,1,false
idle,6007,125511323.525,125516574.884,126488848,1,false
idle,6008,125531794.400,125537051.261,126509308,1,false
idle,6009,125552291.278,125557554.948,126529784,1,false
idle,6010,125572799.092,125578032.519,126550280,1,false
idle,6011,125593241.289,125598575.192,126570696,1,false
idle,6012,125613772.788,125618921.744,126591208,1,false
idle,6013,125634107.310,125635327.149,126611528,1,false
idle,6014,125654523.948,125655708.345,126631920,1,false
idle,6015,125674897.845,125676206.290,126652272,1,false
idle,6016,125695414.091,125696647.862,126672768,1,false
idle,6017,125715840.739,125717164.631,126693180,1,false
idle,6018,125736377.682,125737551.930,126713696,1,false
idle,6019,125756712.529,125758019.815,126734012,1,false
idle,6020,125777168.049,125778497.723,126754444,1,false
idle,6021,125797663.565,125799065.344,126774952,1,false
idle,6022,125818243.108,125819490.902,126795484,1,false
idle,6023,125838634.841,125839993.784,126815916,1,false
idle,6024,125859151.137,125860407.144,126836348,1,false
idle,6025,125879568.203,125880884.423,126856748,1,false
idle,6026,125900027.090,125901360.608,126877188,1,false
idle,6027,125920519.599,125921834.104,126897656,1,false
idle,6028,125941051.052,125942436.008,126918164,1,false
idle,6029,125961624.480,125963134.129,126938796,1,false
idle,6030,125982333.398,125987629.315,126959400,1,false
idle,6031,126002796.614,126007968.299,126979852,1,false
idle,6032,126023119.059,126024446.433,127000164,1,false
idle,6033,126043591.819,126044928.059,127020616,1,false
idle,6034,126064077.437,126065339.816,127041072,1,false
idle,6035,126084489.354,126085777.207,127061460,1,false
idle,6036,126104948.521,126106230.227,127081904,1,false
idle,6037,126125340.398,126126727.374,127102280,1,false
idle,6038,126145876.070,126147152.610,127122792,1,false
idle,6039,126166318.671,126167663.567,127143212,1,false
idle,6040,126186811.135,126188141.000,127163692,1,false
idle,6041,126207292.903,126208618.746,127184148,1,false
idle,6042,126227942.468,126229096.578,127204776,1,false
idle,6043,126248257.929,126249568.215,127225076,1,false
idle,6044,126268725.984,126270052.351,127245524,1,false
idle,6045,126289215.510,126290488.297,127265988,1,false
idle,6046,126309639.436,126311100.477,127286452,1,false
idle,6047,126330248.371,126331546.187,127306980,1,false
idle,6048,126350862.232,126352154.303,127327580,1,false
idle,6049,126371345.780,126372551.736,127348040,1,false
idle,6050,126391730.529,126393127.339,127368400,1,false
idle,6051,126412361.586,126417625.086,127389020,1,false
idle,6052,126432808.795,126438127.198,127409452,1,false
idle,6053,126453367.700,126458607.436,127429988,1,false
idle,6054,126474070.549,126479114.795,127450664,1,false
idle,6055,126494368.975,126499613.143,127470948,1,false
idle,6056,126514783.821,126519794.585,127491340,1,false
idle,6057,126534942.580,126536233.170,127511484,1,false
idle,6058,126555404.409,126556743.112,127531920,1,false
idle,6059,126575882.477,126577170.567,127552380,1,false
idle,6060,126596316.992,126597661.553,127572784,1,false
idle,6061,126616805.119,126618132.582,127593264,1,false
idle,6062,126637295.725,126638609.713,127613736,1,false
idle,6063,126657764.122,126659103.989,127634176,1,false
idle,6064,126678250.254,126679562.517,127654644,1,false
idle,6065,126698721.507,126700212.727,127675096,1,false
idle,6066,126719357.431,126720752.529,127695712,1,false
idle,6067,126739941.224,126741173.373,127716276,1,false
idle,6068,126760357.173,126761566.278,127736676,1,false
idle,6069,126780740.526,126781977.906,127757032,1,false
idle,6070,126801144.530,126802440.460,127777416,1,false
idle,6071,126821607.094,126822919.889,127797864,1,false
idle,6072,126842101.724,126843469.157,127818340,1,false
idle,6073,126862954.461,126868147.192,127839168,1,false
idle,6074,126883350.389,126884527.699,127859544,1,false
idle,6075,126903741.894,126905078.839,127879912,1,false
idle,6076,126924279.073,126925423.030,127900432,1,false
idle,6077,126944608.474,126945866.806,127920740,1,false
idle,6078,126965038.829,126966277.146,127941152,1,false
idle,6079,126985396.363,126986763.605,127961488,1,false
idle,6080,127006021.467,127007255.649,127982100,1,false
idle,6081,127026397.801,127027746.937,128002452,1,false
idle,6082,127046895.779,127048186.377,128022928,1,false
idle,6083,127067411.930,127068747.992,128043428,1,false
idle,6084,127087890.096,127089144.778,128063888,1,false
idle,6085,127108283.296,127109623.811,128084256,1,false
idle,6086,127128801.921,127130231.841,128104756,1,false
idle,6087,127149399.977,127150689.981,128125332,1,false
idle,6088,127169845.094,127171138.228,128145760,1,false
idle,6089,127190286.503,127191606.237,128166176,1,false
idle,6090,127210767.517,127212214.068,128186640,1,false
idle,6091,127231411.613,127232644.584,128207264,1,false
idle,6092,127251843.433,127253136.210,128227676,1,false
idle,6093,127272347.485,127273621.554,128248160,1,false
idle,6094,127292828.406,127294210.851,128268620,1,false
idle,6095,127313358.722,127314729.911,128289132,1,false
idle,6096,127333938.169,127339136.845,128309688,1,false
idle,6097,127354312.349,127355531.605,128330044,1,false
idle,6098,127374677.296,127375948.519,128350400,1,false
idle,6099,127395115.554,127396523.458,128370804,1,false
idle,6100,127415797.347,127417118.381,128391464,1,false
idle,6101,127436604.688,127441683.634,128412260,1,false
idle,6102,127456871.456,127462387.752,128432504,1,false
idle,6103,127477868.706,127483122.065,128453476,1,false
idle,6104,127498517.725,127503664.861,128474104,1,false
idle,6105,127519406.667,127523972.734,128494972,1,false
idle,6106,127540517.668,127544424.544,128516064,1,false
idle,6107,127560727.220,127564859.408,128536256,1,false
idle,6108,127581558.499,127585413.700,128557076,1,false
idle,6109,127601911.252,127605888.498,128577400,1,false
idle,6110,127622280.942,127626404.827,128597744,1,false
idle,6111,127642721.389,127647152.230,128618172,1,false
idle,6112,127663683.531,127667563.101,128639112,1,false
idle,6113,127683988.359,127687824.697,128659396,1,false
idle,6114,127703993.762,127707843.071,128679380,1,false
idle,6115,127725015.299,127728261.335,128700388,1,false
idle,6116,127745543.448,127748686.363,128720892,1,false
idle,6117,127765832.653,127769205.558,128741156,1,false
idle,6118,127786339.588,127789669.530,128761648,1,false
idle,6119,127806813.801,127810113.597,128782104,1,false
idle,6120,127827263.747,127830594.276,128802532,1,false
idle,6121,127847733.145,127851083.864,128822980,1,false
idle,6122,127868225.091,127871538.425,128843452,1,false
idle,6123,127888680.304,127892026.477,128863892,1,false
idle,6124,127909173.237,127912625.353,128884360,1,false
idle,6125,127929778.980,127932983.371,128904944,1,false
idle,6126,127950130.029,127953477.815,128925280,1,false
idle,6127,127970631.040,127973866.191,128945812,1,false
idle,6128,127991006.873,127994428.134,128966120,1,false
idle,6129,128011622.231,128015087.125,128986776,1,false
idle,6130,128032283.783,128035589.294,129007352,1,false
idle,6131,128052756.458,128056021.842,129027808,1,false
idle,6132,128073204.347,128076537.103,129048232,1,false
idle,6133,128093726.152,128097039.810,129068736,1,false
idle,6134,128114242.242,128117521.141,129089228,1,false
idle,6135,128134703.179,128137887.438,129109664,1,false
idle,6136,128155052.309,128158268.544,129130008,1,false
idle,6137,128175416.364,128178762.307,129150344,1,false
idle,6138,128195903.820,128199210.840,129170808,1,false
idle,6139,128216335.105,128219710.800,129191224,1,false
idle,6140,128236852.930,128240085.405,129211724,1,false
idle,6141,128257250.195,128260652.554,129232092,1,false
idle,6142,128277811.070,128281153.969,129252636,1,false
idle,6143,128298322.725,128301619.461,129273120,1,false
idle,6144,128318821.781,128322087.605,129293608,1,false
idle,6145,128339425.819,128342579.731,129314196,1,false
idle,6146,128359764.217,128363076.587,129334508,1,false
idle,6147,128380263.793,128383449.372,129354988,1,false
idle,6148,128400626.290,128404018.136,129375396,1,false
idle,6149,128421200.882,128424510.874,129395888,1,false
idle,6150,128441684.979,128445113.997,129416352,1,false
idle,6151,128462275.791,128465432.943,129436920,1,false
idle,6152,128482603.543,128485902.001,129457232,1,false
idle,6153,128503060.694,128506414.029,129477668,1,false
idle,6154,128523572.876,128526847.122,129498160,1,false
idle,6155,128544021.219,128547399.453,129518588,1,false
idle,6156,128564547.320,128567750.256,129539096,1,false
idle,6157,128584896.739,128588228.763,129559424,1,false
idle,6158,128605424.070,128608828.098,129579932,1,false
idle,6159,128626019.470,128629303.943,129600508,1,false
idle,6160,128646758.464,128650145.216,129621220,1,false
idle,6161,128667594.206,128670970.652,129642052,1,false
idle,6162,128688569.331,128691196.710,129663000,1,false
idle,6163,128708758.609,128711808.654,129683164,1,false
idle,6164,128729691.084,128731726.834,129704024,1,false
idle,6165,128750247.542,128752243.659,129724616,1,false
idle,6166,128770441.493,128772931.731,129744784,1,false
idle,6167,128791395.435,128793209.321,129765720,1,false
idle,6168,128812420.752,128813658.453,129786720,1,false
idle,6169,128832875.165,128834134.443,129807160,1,false
idle,6170,128853349.797,128854608.648,129827612,1,false
idle,6171,128873788.460,128875118.375,129848032,1,false
idle,6172,128894334.822,128895571.967,129868548,1,false
idle,6173,128914760.315,128916055.908,129888960,1,false
idle,6174,128935252.961,128936516.472,129909432,1,false
idle,6175,128955702.335,128957016.395,129929864,1,false
idle,6176,128976223.675,128977480.057,129950360,1,false
idle,6177,128996667.379,128997893.112,129970804,1,false
idle,6178,129017074.349,129018395.182,129991176,1,false
idle,6179,129037598.639,129038925.205,130011688,1,false
idle,6180,129058133.656,129059389.737,130032200,1,false
idle,6181,129078583.133,129079873.995,130052644,1,false
idle,6182,129099131.742,129100393.415,130073156,1,false
idle,6183,129119595.441,129120815.966,130093600,1,false
idle,6184,129139987.703,129141244.583,130113964,1,false
idle,6185,129160427.030,129161741.520,130134388,1,false
idle,6186,129180937.328,129182289.395,130154876,1,false
idle,6187,129201493.885,129202786.311,130175412,1,false
idle,6188,129221959.588,129223268.971,130195860,1,false
idle,6189,129242465.856,129243660.971,130216340,1,false
idle,6190,129262831.130,129264121.326,130236688,1,false
idle,6191,129283319.744,129284593.057,130257156,1,false
idle,6192,129303787.523,129305104.721,130277604,1,false
idle,6193,129324321.426,129325645.040,130298112,1,false
idle,6194,129344814.980,129346178.328,130318596,1,false
idle,6195,129365340.794,129366531.799,130339104,1,false
idle,6196,129385715.718,129387103.335,130359452,1,false
idle,6197,129406303.689,129407572.835,130380028,1,false
idle,6198,129426750.360,129427995.401,130400448,1,false
idle,6199,129447191.794,129448546.891,130420868,1,false
idle,6200,129467728.593,129469001.133,130441388,1,false
idle,6201,129488195.665,129489477.668,130461836,1,false
idle,6202,129508657.596,129509945.462,130482304,1,false
idle,6203,129529149.025,129530475.343,130502748,1,false
idle,6204,129549674.823,129550870.694,130523256,1,false
idle,6205,129570044.956,129571360.817,130543604,1,false
idle,6206,129590870.377,129596071.298,130564408,1,false
idle,6207,129611300.136,129616542.912,130584820,1,false
idle,6208,129631721.866,129636974.411,130605224,1,false
idle,6209,129652264.752,129657528.200,130625748,1,false
idle,6210,129672722.072,129677977.460,130646176,1,false
idle,6211,129693170.533,129698454.425,130666612,1,false
idle,6212,129713650.094,129718960.038,130687092,1,false
idle,6213,129734158.767,129739502.295,130707556,1,false
idle,6214,129754692.983,129759850.744,130728076,1,false
idle,6215,129775031.400,129780205.366,130748388,1,false
idle,6216,129795337.251,129796582.710,130768676,1,false
idle,6217,129815724.515,129817154.807,130789044,1,false
idle,6218,129836335.075,129837622.868,130809636,1,false
idle,6219,129856803.697,129858163.603,130830080,1,false
idle,6220,129877360.212,129878699.997,130850620,1,false
idle,6221,129898207.735,129903221.919,130871444,1,false
idle,6222,129918417.955,129923677.943,130891636,1,false
idle,6223,129939120.982,129944216.897,130912316,1,false
idle,6224,129959418.924,129964654.104,130932600,1,false
idle,6225,129979843.791,129985132.784,130953004,1,false
idle,6226,130000330.741,130005592.589,130973464,1,false
idle,6227,130020789.013,130026091.586,130993912,1,false
idle,6228,130041283.571,130047065.912,131014384,1,false
idle,6229,130061495.197,130062995.448,131034572,1,false
idle,6230,130082488.849,130087930.082,131055548,1,false
idle,6231,130103559.425,130108054.613,131076600,1,false
idle,6232,130124637.582,130128617.624,131097696,1,false
idle,6233,130145123.227,130148975.030,131118116,1,false
idle,6234,130165457.608,130169561.097,131138436,1,false
idle,6235,130186146.903,130190282.945,131159100,1,false
idle,6236,130206836.333,130210686.153,131179772,1,false
idle,6237,130226902.442,130231237.558,131199820,1,false
idle,6238,130247713.884,130251342.831,131220608,1,false
idle,6239,130268562.935,130271821.230,131241440,1,false
idle,6240,130289018.486,130292326.790,131261872,1,false
idle,6241,130309517.496,130312742.500,131282348,1,false
idle,6242,130329931.910,130333253.986,131302752,1,false
idle,6243,130350405.138,130353626.648,131323200,1,false
idle,6244,130370794.031,130374013.975,131343576,1,false
idle,6245,130391206.898,130394761.290,131363964,1,false
idle,6246,130412047.275,130415278.150,131384784,1,false
idle,6247,130432630.159,130435699.630,131405388,1,false
idle,6248,130452879.096,130456138.738,131425572,1,false
idle,6249,130473312.929,130476434.671,131445984,1,false
idle,6250,130493577.835,130496925.670,131466236,1,false
idle,6251,130514067.913,130517571.233,131486704,1,false
idle,6252,130534822.950,130538530.352,131507436,1,false
idle,6253,130554998.426,130558584.177,131527596,1,false
idle,6254,130575780.522,130579102.740,131548352,1,false
idle,6255,130596328.095,130599605.254,131568868,1,false
idle,6256,130616801.701,130619998.549,131589344,1,false
idle,6257,130637189.918,130641132.705,131609700,1,false
idle,6258,130657630.584,130661094.830,131630168,1,false
idle,6259,130678596.720,130681897.959,131651072,1,false
idle,6260,130699510.218,130702412.895,131671964,1,false
idle,6261,130720009.788,130723171.350,131692440,1,false
idle,6262,130740770.899,130743330.461,131713176,1,false
idle,6263,130760872.405,130763836.852,131733256,1,false
idle,6264,130781414.800,130783975.305,131753788,1,false
idle,6265,130802464.699,130804337.891,131774812,1,false
idle,6266,130822481.338,130825175.100,131794812,1,false
idle,6267,130842639.263,130845298.352,131814992,1,false
idle,6268,130863572.640,130865803.061,131835868,1,false
idle,6269,130884018.334,130886268.484,131856296,1,false
idle,6270,130904706.785,130906715.621,131876960,1,false
idle,6271,130924968.677,130927205.916,131897204,1,false
idle,6272,130945365.793,130947716.609,131917584,1,false
idle,6273,130965930.427,130968131.283,131938124,1,false
idle,6274,130986332.092,130988638.656,131958488,1,false
idle,6275,131006835.927,131009135.039,131978984,1,false
idle,6276,131027341.379,131029617.432,131999472,1,false
idle,6277,131047810.991,131050063.388,132019920,1,false
idle,6278,131068256.815,131070578.965,132040348,1,false
idle,6279,131088795.889,131091468.280,132060872,1,false
idle,6280,131109856.118,131111447.194,132081912,1,false
idle,6281,131130638.089,131131877.749,132102704,1,false
idle,6282,131151076.926,131152356.743,132123092,1,false
idle,6283,131171574.208,131172896.105,132143564,1,false
idle,6284,131192172.314,131193361.916,132164144,1,false
idle,6285,131212554.848,131213827.770,132184504,1,false
idle,6286,131233031.504,131234340.931,132204964,1,false
idle,6287,131253545.033,131254838.593,132225452,1,false
idle,6288,131274033.277,131275208.072,132245924,1,false
idle,6289,131294418.255,131295760.964,132266296,1,false
idle,6290,131315026.987,131316260.493,132286880,1,false
idle,6291,131335518.783,131336706.340,132307352,1,false
idle,6292,131355899.152,131357130.874,132327708,1,false
idle,6293,131376354.814,131377693.425,132348148,1,false
idle,6294,131396892.905,131398196.376,132368668,1,false
idle,6295,131417412.757,131418639.022,132389160,1,false
idle,6296,131437832.259,131439114.141,132409556,1,false
idle,6297,131458336.568,131459610.908,132430036,1,false
idle,6298,131478795.160,131480137.032,132450484,1,false
idle,6299,131499365.623,131504658.643,132471036,1,false
idle,6300,131519846.840,131525189.788,132491496,1,false
idle,6301,131540381.337,131545617.532,132512008,1,false
idle,6302,131560812.180,131566121.805,132532416,1,false
idle,6303,131581318.887,131586451.634,132552896,1,false
idle,6304,131601626.663,131602874.953,132573252,1,false
idle,6305,131622065.909,131623371.771,132593612,1,false
idle,6306,131642537.185,131643741.026,132614068,1,false
idle,6307,131662924.914,131664347.897,132634436,1,false
idle,6308,131683622.354,131688956.672,132655172,1,false
idle,6309,131704167.547,131709413.492,132675640,1,false
idle,6310,131724689.095,131729901.790,132696136,1,false
idle,6311,131745103.067,131746277.454,132716528,1,false
idle,6312,131765732.458,131770903.013,132737140,1,false
idle,6313,131786107.521,131791338.637,132757496,1,false
idle,6314,131806523.144,131808042.786,132777888,1,false
idle,6315,131827524.136,131832409.379,132798868,1,false
idle,6316,131847612.127,131852752.407,132819008,1,false
idle,6317,131867945.904,131869631.624,132839252,1,false
idle,6318,131888880.289,131893769.750,132860164,1,false
idle,6319,131909009.400,131914450.908,132880272,1,false
idle,6320,131930053.782,131934801.949,132901296,1,false
idle,6321,131951008.140,131955349.031,132922236,1,false
idle,6322,131971554.283,131975648.825,132942764,1,false
idle,6323,131991813.482,131996157.355,132963004,1,false
idle,6324,132012406.722,132016754.616,132983564,1,false
idle,6325,132032950.382,132037242.379,133004096,1,false
idle,6326,132053433.245,132057703.631,133024556,1,false
idle,6327,132073989.142,132078067.797,133045096,1,false
idle,6328,132094253.153,132098473.464,133065340,1,false
idle,6329,132114741.511,132118969.377,133085804,1,false
idle,6330,132135122.165,132139474.349,133106164,1,false
idle,6331,132155669.532,132159929.401,133126700,1,false
idle,6332,132176119.561,132180316.498,133147128,1,false
idle,6333,132196505.404,132200880.503,133167488,1,false
idle,6334,132217033.660,132221358.827,133188000,1,false
idle,6335,132237536.224,132241940.216,133208484,1,false
idle,6336,132258214.737,132262414.474,133229144,1,false
idle,6337,132278728.501,132282991.047,133249632,1,false
idle,6338,132299187.610,132303441.422,133270072,1,false
idle,6339,132319650.088,132323904.380,133290536,1,false
idle,6340,132340153.363,132344411.179,133310996,1,false
idle,6341,132360607.450,132364779.667,133331500,1,false
idle,6342,132380973.499,132385238.278,133351780,1,false
idle,6343,132401804.013,132406217.360,133372588,1,false
idle,6344,132422855.003,132427059.121,133393620,1,false
idle,6345,132443656.516,132447109.948,133414412,1,false
idle,6346,132464590.500,132467794.803,133435316,1,false
idle,6347,132485463.606,132488136.459,133456160,1,false
idle,6348,132505641.521,132508623.663,133476360,1,false
idle,6349,132526401.710,132528538.825,133497036,1,false
idle,6350,132546721.990,132549038.463,133517368,1,false
idle,6351,132567248.015,132570004.007,133537868,1,false
idle,6352,132587429.133,132590551.426,133558032,1,false
idle,6353,132608002.864,132610627.387,133578584,1,false
idle,6354,132628820.551,132631054.640,133599384,1,false
idle,6355,132649253.727,132651528.909,133619796,1,false
idle,6356,132669719.785,132672034.013,133640244,1,false
idle,6357,132690562.055,132692902.131,133661064,1,false
idle,6358,132711439.197,132713011.842,133681916,1,false
idle,6359,132732244.554,132737546.494,133702708,1,false
idle,6360,132752772.864,132757937.957,133723212,1,false
idle,6361,132773138.859,132774254.100,133743560,1,false
idle,6362,132793411.675,132794733.324,133763812,1,false
idle,6363,132813894.811,132815156.660,133784276,1,false
idle,6364,132834360.596,132835677.811,133804720,1,false
idle,6365,132855148.659,132860334.404,133825488,1,false
idle,6366,132875541.263,132876750.975,133845864,1,false
idle,6367,132895959.122,132897322.995,133866260,1,false
idle,6368,132916510.120,132917760.206,133886792,1,false
idle,6369,132936952.254,132938267.244,133907208,1,false
idle,6370,132957455.090,132958770.452,133927696,1,false
idle,6371,132977963.635,132979098.126,133948180,1,false
idle,6372,132998297.830,132999795.854,133968496,1,false
idle,6373,133018998.024,133024213.756,133989172,1,false
idle,6374,133039415.362,133044699.623,134009584,1,false
idle,6375,133059893.771,133065132.936,134030032,1,false
idle,6376,133080325.040,133081543.781,134050436,1,false
idle,6377,133100727.592,133102095.673,134070828,1,false
idle,6378,133121264.793,133122570.906,134091344,1,false
idle,6379,133141901.519,133147003.442,134111960,1,false
idle,6380,133162193.225,133163331.391,134132232,1,false
idle,6381,133182497.603,133184050.161,134152516,1,false
idle,6382,133203247.358,133208579.451,134173240,1,false
idle,6383,133223788.894,133229067.784,134193776,1,false
idle,6384,133244276.310,133249421.362,134214236,1,false
idle,6385,133264592.503,133265881.807,134234532,1,false
idle,6386,133285054.721,133286261.195,134254976,1,false
idle,6387,133305454.237,133306968.061,134275356,1,false
idle,6388,133326691.650,133331783.679,134296564,1,false
idle,6389,133347006.130,133351829.189,134316864,1,false
idle,6390,133367986.796,133372303.189,134337824,1,false
idle,6391,133388586.835,133393546.779,134358404,1,false
idle,6392,133408793.514,133413371.407,134378592,1,false
idle,6393,133429847.783,133434218.422,134399620,1,false
idle,6394,133450779.666,133455108.172,134420532,1,false
idle,6395,133471694.639,133475164.728,134441424,1,false
idle,6396,133492540.576,133495781.404,134462256,1,false
idle,6397,133513360.736,133516162.067,134483060,1,false
idle,6398,133534383.227,133536264.416,134504056,1,false
idle,6399,133554387.928,133556761.236,134524040,1,false
idle,6400,133574953.875,133577223.394,134544584,1,false
idle,6401,133595432.550,133597717.926,134565052,1,false
idle,6402,133615933.514,133618167.219,134585532,1,false
idle,6403,133636364.916,133638659.684,134605936,1,false
idle,6404,133657180.203,133659150.531,134626732,1,false
idle,6405,133677606.436,133679660.195,134647204,1,false
idle,6406,133697850.975,133700081.183,134667364,1,false
idle,6407,133718549.728,133720591.886,134688036,1,false
idle,6408,133738792.139,133741073.074,134708264,1,false
idle,6409,133759273.564,133761423.145,134728728,1,false
idle,6410,133779603.533,133781881.663,134749104,1,false
idle,6411,133800078.506,133802366.595,134769488,1,false
idle,6412,133820545.724,133822919.138,134789940,1,false
idle,6413,133841110.856,133843442.567,134810484,1,false
idle,6414,133861627.110,133864054.237,134831024,1,false
idle,6415,133882330.720,133884431.220,134851640,1,false
idle,6416,133902646.095,133904845.784,134871984,1,false
idle,6417,133923043.655,133925327.669,134892336,1,false
idle,6418,133943837.731,133946177.736,134913108,1,false
idle,6419,133964690.190,133966343.315,134933944,1,false
idle,6420,133985537.047,133986766.783,134954768,1,false
idle,6421,134005976.910,134007285.649,134975176,1,false
idle,6422,134026476.389,134027603.376,134995672,1,false
idle,6423,134046805.139,134048219.716,135015976,1,false
idle,6424,134067519.705,134072757.893,135036676,1,false
idle,6425,134088074.967,134093681.449,135057208,1,false
idle,6426,134109240.023,134113836.080,135078352,1,false
idle,6427,134129334.123,134135051.964,135098404,1,false
idle,6428,134150360.659,134154709.764,135119428,1,false
idle,6429,134170913.274,134175181.000,135139964,1,false
idle,6430,134191359.758,134195654.899,135160396,1,false
idle,6431,134211850.183,134215937.247,135180860,1,false
idle,6432,134232101.537,134236420.609,135201088,1,false
idle,6433,134252583.637,134256903.957,135221556,1,false
idle,6434,134273060.081,134277377.011,135242008,1,false
idle,6435,134293547.821,134297853.695,135262480,1,false
idle,6436,134314009.520,134318340.574,135282920,1,false
idle,6437,134334543.375,134338804.407,135303432,1,false
idle,6438,134354981.634,134359334.588,135323844,1,false
idle,6439,134375487.711,134379775.997,135344340,1,false
idle,6440,134395939.244,134400311.465,135364776,1,false
idle,6441,134416467.623,134420818.896,135385272,1,false
idle,6442,134436982.679,134441277.054,135405776,1,false
idle,6443,134457438.943,134461836.291,135426208,1,false
idle,6444,134477996.588,134482277.181,135446744,1,false
idle,6445,134498430.540,134502662.625,135467160,1,false
idle,6446,134518829.838,134523111.966,135487536,1,false
idle,6447,134539276.445,134543604.984,135507964,1,false
idle,6448,134559784.833,134564080.471,135528468,1,false
idle,6449,134580235.226,134584568.875,135548884,1,false
idle,6450,134600729.144,134605039.499,135569356,1,false
idle,6451,134621200.056,134625512.049,135589808,1,false
idle,6452,134641770.677,134645983.586,135610364,1,false
idle,6453,134662146.452,134666465.324,135630720,1,false
idle,6454,134682630.898,134686949.330,135651216,1,false
idle,6455,134703105.418,134707436.612,135671640,1,false
idle,6456,134723589.771,134727996.070,135692096,1,false
idle,6457,134744156.286,134748479.051,135712648,1,false
idle,6458,134764630.157,134768856.890,135733136,1,false
idle,6459,134785016.811,134789362.581,135753464,1,false
idle,6460,134805517.735,134809817.260,135773952,1,false
idle,6461,134825981.002,134830316.347,135794388,1,false
idle,6462,134846470.552,134850776.048,135814856,1,false
idle,6463,134866927.588,134871265.759,135835296,1,false
idle,6464,134887428.031,134891758.395,135855776,1,false
idle,6465,134907915.868,134912225.276,135876244,1,false
idle,6466,134928398.800,134932740.110,135896712,1,false
idle,6467,134948911.363,134953206.652,135917204,1,false
idle,6468,134969344.372,134973640.588,135937612,1,false
idle,6469,134989811.660,134994134.746,135958052,1,false
idle,6470,135010287.102,135014619.448,135978516,1,false
idle,6471,135030766.985,135035116.932,135998980,1,false
idle,6472,135051267.498,135055624.252,136019456,1,false
idle,6473,135071774.616,135076082.914,136039948,1,false
idle,6474,135092230.089,135096519.715,136060384,1,false
idle,6475,135112671.304,135116997.694,136080796,1,false
idle,6476,135133146.030,135137572.684,136101256,1,false
idle,6477,135153729.915,135157987.697,136121816,1,false
idle,6478,135174129.020,135178480.031,136142192,1,false
idle,6479,135194626.313,135198977.252,136162712,1,false
idle,6480,135215146.471,135219508.749,136183172,1,false
idle,6481,135235667.451,135239963.542,136203676,1,false
idle,6482,135256143.102,135260382.166,136224132,1,false
idle,6483,135276554.852,135280854.817,136244520,1,false
idle,6484,135297022.662,135301335.130,136264968,1,false
idle,6485,135317484.013,135321804.694,136285412,1,false
idle,6486,135337948.606,135342314.145,136305856,1,false
idle,6487,135358474.756,135362888.580,136326360,1,false
idle,6488,135379057.695,135383239.436,136346928,1,false
idle,6489,135399432.393,135403794.626,136367284,1,false
idle,6490,135419964.337,135424316.333,136387788,1,false
idle,6491,135440505.812,135444848.350,136408308,1,false
idle,6492,135461020.616,135465268.402,136428808,1,false
idle,6493,135481401.150,135485720.514,136449172,1,false
idle,6494,135501893.043,135506217.754,136469640,1,false
idle,6495,135522336.256,135526677.804,136490064,1,false
idle,6496,135542823.190,135547148.590,136510532,1,false
idle,6497,135563339.811,135567735.562,136531024,1,false
idle,6498,135583919.051,135588159.231,136551584,1,false
idle,6499,135604354.986,135608675.639,136572004,1,false
idle,6500,135624862.169,135629186.981,136592488,1,false
idle,6501,135645365.124,135649619.542,136612964,1,false
idle,6502,135665804.714,135670138.513,136633388,1,false
idle,6503,135686332.743,135690426.073,136653900,1,false
idle,6504,135706583.484,135710888.651,136674132,1,false
idle,6505,135727071.083,135731469.998,136694596,1,false
idle,6506,135747658.890,135752067.599,136715168,1,false
idle,6507,135768258.692,135772537.073,136735752,1,false
idle,6508,135788711.217,135792801.185,136756176,1,false
idle,6509,135808951.096,135813287.384,136776400,1,false
idle,6510,135829496.652,135834081.652,136796928,1,false
idle,6511,135850268.477,135854485.557,136817684,1,false
idle,6512,135870671.466,135874995.563,136838052,1,false
idle,6513,135891188.793,135895449.775,136858552,1,false
idle,6514,135911618.425,135915819.928,136879012,1,false
idle,6515,135931973.636,135936352.663,136899296,1,false
idle,6516,135952498.100,135956886.627,136919804,1,false
idle,6517,135973030.208,135977284.063,136940324,1,false
idle,6518,135993396.375,135997668.154,136960660,1,false
idle,6519,136013811.998,136018310.374,136981060,1,false
idle,6520,136034454.324,136038672.843,137001676,1,false
idle,6521,136054815.231,136059132.945,137022020,1,false
idle,6522,136075275.353,136079626.612,137042460,1,false
idle,6523,136095750.491,136100008.452,137062920,1,false
idle,6524,136116172.806,136120499.359,137083320,1,false
idle,6525,136136663.416,136140989.774,137103792,1,false
idle,6526,136157138.864,136161453.464,137124244,1,false
idle,6527,136177606.734,136181935.284,137144744,1,false
idle,6528,136198084.945,136202416.996,137165152,1,false
idle,6529,136218569.739,136222968.963,137185624,1,false
idle,6530,136239116.523,136243442.583,137206140,1,false
idle,6531,136259596.862,136263991.082,137226668,1,false
idle,6532,136280171.531,136284403.040,137247156,1,false
idle,6533,136300590.816,136304896.457,137267628,1,false
idle,6534,136321074.124,136325370.641,137288020,1,false
idle,6535,136341543.442,136345879.659,137308464,1,false
idle,6536,136362067.330,136366320.616,137328972,1,false
idle,6537,136382508.517,136386812.590,137349388,1,false
idle,6538,136403010.405,136407273.586,137369872,1,false
idle,6539,136423458.789,136427808.629,137390304,1,false
idle,6540,136443999.028,136448389.137,137410820,1,false
idle,6541,136464579.747,136468782.019,137431384,1,false
idle,6542,136484972.159,136489278.760,137451748,1,false
idle,6543,136505463.048,136509840.862,137472220,1,false
idle,6544,136526332.838,136530467.486,137493060,1,false
idle,6545,136546918.152,136550797.104,137513640,1,false
idle,6546,136567001.765,136571643.862,137533696,1,false
idle,6547,136587842.082,136591747.996,137554524,1,false
idle,6548,136608246.381,136612267.751,137574900,1,false
idle,6549,136628456.478,136632748.720,137595100,1,false
idle,6550,136649047.441,136653750.510,137615668,1,false
idle,6551,136669125.966,136674054.034,137635728,1,false
idle,6552,136689459.742,136694219.868,137656044,1,false
idle,6553,136710425.398,136714656.938,137676984,1,false
idle,6554,136730975.443,136735045.793,137697524,1,false
idle,6555,136751244.546,136755532.169,137717772,1,false
idle,6556,136771739.191,136776067.304,137738252,1,false
idle,6557,136792257.644,136796563.776,137758748,1,false
idle,6558,136812749.225,136817625.918,137779216,1,false
idle,6559,136832813.734,136837581.754,137799256,1,false
idle,6560,136853849.925,136857831.088,137820264,1,false
idle,6561,136874050.509,136878423.317,137840448,1,false
idle,6562,136894610.177,136898874.830,137861048,1,false
idle,6563,136915061.970,136919321.994,137881428,1,false
idle,6564,136935508.520,136940090.993,137901852,1,false
idle,6565,136956492.921,136960920.975,137922808,1,false
idle,6566,136977214.586,136981077.526,137943516,1,false
idle,6567,136997380.428,137001724.021,137963652,1,false
idle,6568,137018232.531,137022095.013,137984488,1,false
idle,6569,137038510.751,137042950.350,138004752,1,false
idle,6570,137059173.640,137062632.470,138025392,1,false
idle,6571,137079856.893,137083184.636,138046060,1,false
idle,6572,137100358.447,137103663.865,138066536,1,false
idle,6573,137120849.665,137124070.438,138087008,1,false
idle,6574,137141270.064,137145000.537,138107408,1,false
idle,6575,137161465.881,137165143.537,138127580,1,false
idle,6576,137181546.695,137185678.002,138147648,1,false
idle,6577,137202146.533,137205978.520,138168224,1,false
idle,6578,137223171.919,137226425.003,138189224,1,false
idle,6579,137243628.232,137247018.855,138209700,1,false
idle,6580,137264253.199,137267469.905,138230268,1,false
idle,6581,137284652.280,137288015.052,138250660,1,false
idle,6582,137305223.738,137308380.622,138271200,1,false
idle,6583,137325589.339,137328775.080,138291616,1,false
idle,6584,137345940.853,137349241.670,138311884,1,false
idle,6585,137366427.504,137369880.300,138332344,1,false
idle,6586,137387237.632,137390376.649,138353132,1,false
idle,6587,137407706.791,137411389.639,138373588,1,false
idle,6588,137428708.468,137431351.046,138394564,1,false
idle,6589,137449533.894,137451827.227,138415364,1,false
idle,6590,137470019.153,137472110.375,138435836,1,false
idle,6591,137490332.394,137492682.455,138456120,1,false
idle,6592,137510873.146,137513134.487,138476648,1,false
idle,6593,137531336.846,137534005.256,138497096,1,false
idle,6594,137551527.903,137554961.954,138517268,1,false
idle,6595,137572531.845,137575085.934,138538256,1,false
idle,6596,137593635.289,137595784.001,138559348,1,false
idle,6597,137614465.013,137620134.724,138580140,1,false
idle,6598,137635488.100,137641043.168,138601144,1,false
idle,6599,137656434.926,137660747.057,138622072,1,false
idle,6600,137676934.191,137681094.074,138642552,1,false
idle,6601,137697246.806,137701573.879,138662844,1,false
idle,6602,137717719.194,137722072.212,138683292,1,false
idle,6603,137738223.244,137742553.534,138703780,1,false
idle,6604,137758698.627,137763035.974,138724232,1,false
idle,6605,137779177.536,137783521.388,138744692,1,false
idle,6606,137799662.974,137803988.175,138765156,1,false
idle,6607,137820129.219,137824438.975,138785604,1,false
idle,6608,137840610.776,137844846.241,138806112,1,false
idle,6609,137860992.442,137865341.554,138826424,1,false
idle,6610,137881518.384,137885915.772,138846932,1,false
idle,6611,137902091.802,137906392.101,138867484,1,false
idle,6612,137922577.815,137926826.224,138887952,1,false
idle,6613,137942995.278,137947254.400,138908352,1,false
idle,6614,137963431.122,137967813.554,138928760,1,false
idle,6615,137983981.085,137988217.184,138949288,1,false
idle,6616,138004347.852,138008725.744,138969644,1,false
idle,6617,138024883.316,138029227.380,138990152,1,false
idle,6618,138045358.709,138049699.026,139010608,1,false
idle,6619,138065871.005,138070119.921,139031104,1,false
idle,6620,138086309.319,138090580.175,139051524,1,false
idle,6621,138106729.872,138111071.211,139071924,1,false
idle,6622,138127216.454,138131553.669,139092392,1,false
idle,6623,138147706.381,138152013.441,139112856,1,false
idle,6624,138168163.088,138172505.965,139133296,1,false
idle,6625,138188762.853,138193078.888,139153880,1,false
idle,6626,138209238.530,138213654.642,139174328,1,false
idle,6627,138229803.259,138234047.593,139194872,1,false
idle,6628,138250406.375,138254595.141,139215460,1,false
idle,6629,138270769.093,138274887.931,139235800,1,false
idle,6630,138291035.848,138295365.217,139256052,1,false
idle,6631,138311508.954,138315853.666,139276496,1,false
idle,6632,138331997.981,138336327.636,139296968,1,false
idle,6633,138352468.978,138356835.389,139317416,1,false
idle,6634,138372981.947,138377279.292,139337904,1,false
idle,6635,138393401.875,138397803.978,139358316,1,false
idle,6636,138413969.432,138418241.773,139378864,1,false
idle,6637,138434445.564,138438725.449,139399316,1,false
idle,6638,138454872.150,138459237.388,139419720,1,false
idle,6639,138475332.984,138479815.149,139440164,1,false
idle,6640,138495963.088,138500293.617,139460776,1,false
idle,6641,138516400.894,138520808.958,139481196,1,false
idle,6642,138536967.792,138541235.800,139501736,1,false
idle,6643,138557387.628,138561721.488,139522140,1,false
idle,6644,138577862.231,138582196.008,139542592,1,false
idle,6645,138598346.600,138602654.065,139563064,1,false
idle,6646,138618796.507,138623068.321,139583496,1,false
idle,6647,138639283.501,138643619.187,139603952,1,false
idle,6648,138659813.640,138664088.756,139624472,1,false
idle,6649,138680281.775,138684589.513,139644912,1,false
idle,6650,138700776.755,138705704.757,139665388,1,false
idle,6651,138720865.828,138725470.410,139685456,1,false
idle,6652,138741637.259,138745941.968,139706228,1,false
idle,6653,138762160.764,138766521.773,139726708,1,false
idle,6654,138782716.115,138786971.166,139747248,1,false
idle,6655,138803134.725,138807365.484,139767652,1,false
idle,6656,138823514.901,138827851.963,139788004,1,false
idle,6657,138844124.927,138848436.806,139808596,1,false
idle,6658,138864650.060,138869411.327,139829104,1,false
idle,6659,138884785.633,138889936.952,139849212,1,false
idle,6660,138905401.533,138910033.261,139869808,1,false
idle,6661,138926242.185,138930366.264,139890628,1,false
idle,6662,138946533.333,138950786.293,139910900,1,false
idle,6663,138966983.117,138971473.615,139931332,1,false
idle,6664,138987657.447,138991980.093,139951984,1,false
idle,6665,139008164.226,139012454.115,139972472,1,false
idle,6666,139028912.592,139032939.434,139993200,1,false
idle,6667,139049175.712,139053320.876,140013440,1,false
idle,6668,139069511.080,139073707.215,140033756,1,false
idle,6669,139089859.358,139094147.693,140054084,1,false
idle,6670,139110290.770,139114541.190,140074496,1,false
idle,6671,139130718.736,139135098.114,140094904,1,false
idle,6672,139151283.991,139155969.836,140115448,1,false
idle,6673,139171375.571,139176940.967,140135524,1,false
idle,6674,139192412.171,139196623.948,140156540,1,false
idle,6675,139212840.953,139217103.028,140176952,1,false
idle,6676,139233290.276,139237576.634,140197376,1,false
idle,6677,139253748.385,139257976.619,140217816,1,false
idle,6678,139274140.227,139278457.487,140238192,1,false
idle,6679,139294647.792,139299027.565,140258680,1,false
idle,6680,139315231.888,139319485.230,140279240,1,false
idle,6681,139335675.752,139339984.126,140299664,1,false
idle,6682,139356173.694,139360495.659,140320140,1,false
idle,6683,139376695.829,139380992.890,140340636,1,false
idle,6684,139397180.377,139401522.336,140361108,1,false
idle,6685,139417708.842,139422328.446,140381612,1,false
idle,6686,139438612.217,139442619.717,140402544,1,false
idle,6687,139459100.929,139463332.715,140422964,1,false
idle,6688,139479804.029,139483800.214,140443656,1,false
idle,6689,139500164.102,139504055.207,140463992,1,false
idle,6690,139520243.846,139524803.701,140484044,1,false
idle,6691,139541298.316,139544785.874,140505084,1,false
idle,6692,139561989.043,139565276.560,140525752,1,false
idle,6693,139582476.534,139585749.070,140546224,1,false
idle,6694,139602955.631,139606206.200,140566684,1,false
idle,6695,139623363.597,139626700.258,140587072,1,false
idle,6696,139643900.803,139647166.017,140607588,1,false
idle,6697,139664337.901,139667572.979,140628000,1,false
idle,6698,139684719.399,139688069.066,140648364,1,false
idle,6699,139705234.480,139708646.399,140668856,1,false
idle,6700,139725837.097,139729729.385,140689436,1,false
idle,6701,139746219.738,139749964.285,140709800,1,false
idle,6702,139767218.086,139770435.671,140730784,1,false
idle,6703,139787919.308,139791023.122,140751460,1,false
idle,6704,139808580.896,139811645.474,140772104,1,false
idle,6705,139829263.689,139831879.287,140792764,1,false
idle,6706,139849297.835,139852420.096,140812780,1,false
idle,6707,139869656.489,139872403.201,140833120,1,false
idle,6708,139890613.873,139892912.660,140854100,1,false
idle,6709,139911121.913,139913331.696,140874548,1,false
idle,6710,139931524.443,139933867.011,140894932,1,false
idle,6711,139952065.224,139954347.786,140915452,1,false
idle,6712,139972542.073,139974874.287,140935908,1,false
idle,6713,139993093.565,139995236.393,140956436,1,false
idle,6714,140013431.967,140015793.900,140976752,1,false
idle,6715,140033995.147,140036251.895,140997296,1,false
idle,6716,140054485.221,140056767.789,141017764,1,false
idle,6717,140074958.874,140077182.988,141038220,1,false
idle,6718,140095345.089,140097739.157,141058584,1,false
idle,6719,140115922.444,140118095.693,141079148,1,false
idle,6720,140136286.746,140138620.571,141099484,1,false
idle,6721,140156813.981,140159185.597,141119992,1,false
idle,6722,140177642.877,140179681.676,141140812,1,false
idle,6723,140197884.893,140200114.359,141161032,1,false
idle,6724,140218444.155,140220598.724,141181568,1,false
idle,6725,140238793.947,140241061.365,141201896,1,false
idle,6726,140259289.536,140261578.218,141222368,1,false
idle,6727,140279756.630,140281891.970,141242816,1,false
idle,6728,140300064.586,140302468.738,141263104,1,false
idle,6729,140320621.474,140322951.626,141283668,1,false
idle,6730,140341134.060,140343366.935,141304136,1,false
idle,6731,140361544.328,140364048.571,141324528,1,false
idle,6732,140382515.794,140384560.612,141345480,1,false
idle,6733,140403065.059,140405002.073,141366004,1,false
idle,6734,140423254.038,140425821.642,141386176,1,false
idle,6735,140444086.431,140445980.836,141406988,1,false
idle,6736,140464135.236,140467015.625,141427012,1,false
idle,6737,140484393.866,140487473.898,141447260,1,false
idle,6738,140504743.736,140507431.924,141467588,1,false
idle,6739,140525624.010,140527890.350,141488472,1,false
idle,6740,140546126.652,140548356.651,141508924,1,false
idle,6741,140566799.125,140568816.302,141529580,1,false
idle,6742,140587030.466,140589295.945,141549792,1,false
idle,6743,140607753.621,140609679.041,141570496,1,false
idle,6744,140627816.842,140630092.295,141590548,1,false
idle,6745,140648278.631,140650666.097,141610984,1,false
idle,6746,140668864.877,140671282.233,141631548,1,false
idle,6747,140689435.629,140691711.390,141652096,1,false
idle,6748,140709901.383,140712179.014,141672536,1,false
idle,6749,140730364.985,140732627.214,141692984,1,false
idle,6750,140750824.708,140753069.590,141713436,1,false
idle,6751,140771260.319,140773641.137,141733840,1,false
idle,6752,140791840.033,140794126.982,141754396,1,false
idle,6753,140812385.724,140814614.174,141774928,1,false
idle,6754,140833059.093,140835084.974,141795580,1,false
idle,6755,140853618.310,140855445.404,141816152,1,false
idle,6756,140874636.237,140875898.840,141837124,1,false
idle,6757,140895095.019,140896432.521,141857552,1,false
idle,6758,140915874.870,140921046.730,141878312,1,false
idle,6759,140936383.642,140941566.265,141898800,1,false
idle,6760,140956784.257,140962014.295,141919184,1,false
idle,6761,140977238.099,140982491.509,141939612,1,false
idle,6762,140997717.151,141002949.183,141960076,1,false
idle,6763,141018165.866,141023481.836,141980504,1,false
idle,6764,141038702.563,141044006.562,142001028,1,false
idle,6765,141059214.238,141064428.353,142021508,1,false
idle,6766,141079645.712,141084901.723,142041924,1,false
idle,6767,141100119.557,141105351.788,142062380,1,false
idle,6768,141120553.752,141125885.054,142082808,1,false
idle,6769,141141424.326,141146319.707,142103640,1,false
idle,6770,141161552.870,141166598.796,142123772,1,false
idle,6771,141181805.993,141183721.070,142143984,1,false
idle,6772,141202144.236,141204023.543,142164308,1,false
idle,6773,141222459.335,141224523.025,142184596,1,false
idle,6774,141242923.659,141244664.522,142205040,1,false
idle,6775,141263869.593,141268995.304,142225964,1,false
idle,6776,141284155.265,141285413.862,142246228,1,false
idle,6777,141304576.752,141305908.760,142266704,1,false
idle,6778,141325053.306,141326381.466,142287096,1,false
idle,6779,141345672.680,141346902.066,142307688,1,false
idle,6780,141366049.051,141367283.205,142328048,1,false
idle,6781,141386711.653,141387921.575,142348692,1,false
idle,6782,141407393.651,141412532.238,142369352,1,false
idle,6783,141427726.683,141432980.193,142389664,1,false
idle,6784,141448259.681,141453367.100,142410180,1,false
idle,6785,141468561.167,141469939.410,142430464,1,false
idle,6786,141489134.031,141494403.009,142451004,1,false
idle,6787,141509592.185,141514870.367,142471508,1,false
idle,6788,141530045.674,141531683.566,142491884,1,false
idle,6789,141550107.885,141551829.627,142511920,1,false
idle,6790,141570276.970,141572749.861,142532072,1,false
idle,6791,141591295.325,141592720.459,142553068,1,false
idle,6792,141611924.904,141613186.319,142573680,1,false
idle,6793,141632358.701,141633635.936,142594092,1,false
idle,6794,141652824.591,141654129.486,142614548,1,false
idle,6795,141673343.381,141674611.697,142635036,1,false
idle,6796,141693808.889,141695094.061,142655488,1,false
idle,6797,141714272.724,141715561.359,142675924,1,false
idle,6798,141734753.380,141736035.522,142696384,1,false
idle,6799,141755238.201,141756497.397,142716852,1,false
idle,6800,141775686.383,141776998.073,142737280,1,false
idle,6801,141796191.662,141797407.647,142757764,1,false
idle,6802,141816652.263,141817877.114,142778204,1,false
idle,6803,141837152.864,141838451.435,142798688,1,false
idle,6804,141857644.040,141858936.994,142819160,1,false
idle,6805,141878126.966,141879404.758,142839624,1,false
idle,6806,141898590.415,141899858.860,142860128,1,false
idle,6807,141919344.943,141924420.675,142880792,1,false
idle,6808,141939610.908,141940855.566,142901084,1,false
idle,6809,141960048.678,141961348.862,142921468,1,false
idle,6810,141980569.483,141982081.898,142941964,1,false
idle,6811,142001530.852,142006932.881,142962908,1,false
idle,6812,142022267.832,142027488.593,142983620,1,false
idle,6813,142043019.827,142047670.421,143004356,1,false
idle,6814,142063156.875,142068296.629,143024468,1,false
idle,6815,142083587.702,142088319.699,143044956,1,false
idle,6816,142104509.009,142108792.781,143065780,1,false
idle,6817,142124993.611,142129172.869,143086248,1,false
idle,6818,142145337.542,142149687.056,143106568,1,false
idle,6819,142165862.164,142170128.228,143127080,1,false
idle,6820,142186287.657,142190542.209,143147480,1,false
idle,6821,142206706.731,142211016.555,143167876,1,false
idle,6822,142227211.749,142231558.009,143188364,1,false
idle,6823,142247740.805,142252055.292,143208872,1,false
idle,6824,142268229.401,142272506.327,143229340,1,false
idle,6825,142288702.706,142293093.765,143249796,1,false
idle,6826,142309278.060,142313542.010,143270348,1,false
idle,6827,142329727.487,142334234.657,143290780,1,false
idle,6828,142350572.288,142354923.829,143311604,1,false
idle,6829,142371513.133,142375523.728,143332532,1,false
idle,6830,142392057.374,142395819.401,143353052,1,false
idle,6831,142412245.571,142416028.997,143373212,1,false
idle,6832,142432503.215,142436871.575,143393456,1,false
idle,6833,142453413.497,142457004.967,143414344,1,false
idle,6834,142474269.033,142477700.307,143435176,1,false
idle,6835,142494976.680,142498204.972,143455872,1,false
idle,6836,142515578.956,142518925.883,143476516,1,false
idle,6837,142536496.776,142539402.665,143497344,1,false
idle,6838,142556877.133,142559712.727,143517708,1,false
idle,6839,142577208.131,142580249.027,143538012,1,false
idle,6840,142597892.048,142601108.936,143558680,1,false
idle,6841,142618426.856,142621155.073,143579192,1,false
idle,6842,142638564.169,142641743.202,143599316,1,false
idle,6843,142659419.477,142662120.355,143620152,1,false
idle,6844,142680354.945,142682511.124,143641064,1,false
idle,6845,142700699.254,142702711.508,143661388,1,false
idle,6846,142720901.555,142723700.997,143681568,1,false
idle,6847,142741148.054,142744055.007,143701796,1,false
idle,6848,142761537.705,142765036.089,143722164,1,false
idle,6849,142782247.532,142784417.383,143742860,1,false
idle,6850,142802568.702,142804920.012,143763160,1,false
idle,6851,142823096.997,142825498.969,143783664,1,false
idle,6852,142843695.910,142846037.968,143804248,1,false
idle,6853,142864544.543,142866905.784,143825068,1,false
idle,6854,142885406.756,142887528.571,143845912,1,false
idle,6855,142905765.100,142907487.257,143866252,1,false
idle,6856,142926687.671,142927799.544,143887148,1,false
idle,6857,142946983.929,142948428.477,143907432,1,false
idle,6858,142967893.889,142973062.473,143928332,1,false
idle,6859,142988630.944,142993906.143,143949048,1,false
idle,6860,143009539.039,143014375.374,143969924,1,false
idle,6861,143029784.612,143034938.731,143990148,1,false
idle,6862,143050523.472,143055573.001,144010864,1,false
idle,6863,143071165.434,143075804.440,144031488,1,false
idle,6864,143091332.534,143096377.849,144051616,1,false
idle,6865,143112015.478,143116346.834,144072304,1,false
idle,6866,143132541.376,143136875.248,144092808,1,false
idle,6867,143153070.197,143157291.973,144113320,1,false
idle,6868,143173480.147,143177762.900,144133700,1,false
idle,6869,143193957.094,143198287.193,144154164,1,false
idle,6870,143214476.691,143218762.430,144174664,1,false
idle,6871,143234954.161,143239237.991,144195120,1,false
idle,6872,143255446.225,143259671.243,144215596,1,false
idle,6873,143275863.788,143280133.486,144235992,1,false
idle,6874,143296318.948,143300612.585,144256424,1,false
idle,6875,143316795.479,143321063.466,144276880,1,false
idle,6876,143337525.896,143341572.205,144297584,1,false
idle,6877,143357778.663,143362509.100,144317828,1,false
idle,6878,143377916.257,143383022.060,144337948,1,false
idle,6879,143398534.990,143402976.099,144358524,1,false
idle,6880,143419173.917,143423472.586,144379156,1,false
idle,6881,143439665.750,143443911.562,144399628,1,false
idle,6882,143460097.039,143464566.707,144420044,1,false
idle,6883,143480763.747,143485067.652,144440688,1,false
idle,6884,143501270.181,143505524.249,144461172,1,false
idle,6885,143521729.678,143525960.352,144481612,1,false
idle,6886,143542504.865,143546756.211,144502372,1,false
idle,6887,143563346.060,143567605.131,144523168,1,false
idle,6888,143583879.455,143587714.670,144543704,1,false
idle,6889,143604109.296,143608287.536,144563908,1,false
idle,6890,143624626.738,143628258.022,144584424,1,false
idle,6891,143645524.659,143648800.889,144605292,1,false
idle,6892,143666268.192,143669268.747,144626008,1,false
idle,6893,143686726.106,143689722.242,144646448,1,false
idle,6894,143707179.448,143710183.690,144666876,1,false
idle,6895,143727359.953,143730681.033,144687040,1,false
idle,6896,143747855.998,143751241.088,144707516,1,false
idle,6897,143768426.686,143771774.243,144728076,1,false
idle,6898,143788948.186,143792240.611,144748572,1,false
idle,6899,143809427.362,143812707.978,144769032,1,false
idle,6900,143829889.699,143833185.767,144789472,1,false
idle,6901,143850360.926,143853670.915,144809924,1,false
idle,6902,143870858.283,143874120.836,144830404,1,false
idle,6903,143891337.750,143894687.147,144850860,1,false
idle,6904,143911869.827,143915079.532,144871376,1,false
idle,6905,143932299.323,143935599.148,144891788,1,false
idle,6906,143952776.966,143956074.499,144912240,1,false
idle,6907,143973266.015,143976558.604,144932708,1,false
idle,6908,143993745.637,143997119.896,144953164,1,false
idle,6909,144014321.449,144017495.946,144973716,1,false
idle,6910,144034673.569,144038033.045,144994056,1,false
idle,6911,144055200.977,144058485.372,145014556,1,false
idle,6912,144075660.925,144078939.369,145035000,1,false
idle,6913,144096103.958,144099269.281,145055424,1,false
idle,6914,144116430.021,144119798.269,145075732,1,false
idle,6915,144136941.931,144140207.449,145096220,1,false
idle,6916,144157336.317,144160685.805,145116600,1,false
idle,6917,144177827.673,144181182.843,145137072,1,false
idle,6918,144198329.321,144201668.478,145157556,1,false
idle,6919,144218817.192,144222174.127,145178016,1,false
idle,6920,144239340.591,144242659.981,145198504,1,false
idle,6921,144259810.692,144263205.096,145218976,1,false
idle,6922,144280342.320,144283612.992,145239488,1,false
idle,6923,144300774.289,144304057.246,145259892,1,false
idle,6924,144321201.073,144324530.506,145280300,1,false
idle,6925,144341659.234,144345027.821,145300740,1,false
idle,6926,144362155.092,144365530.561,145321212,1,false
idle,6927,144382673.665,144386034.244,145341712,1,false
idle,6928,144403174.352,144406511.136,145362192,1,false
idle,6929,144423649.839,144426952.394,145382652,1,false
idle,6930,144444092.764,144447423.213,145403076,1,false
idle,6931,144464566.336,144467930.950,145423524,1,false
idle,6932,144485074.382,144488404.389,145444012,1,false
idle,6933,144505541.984,144508893.626,145464472,1,false
idle,6934,144526033.725,144529360.077,145484932,1,false
idle,6935,144546502.098,144549831.757,145505380,1,false
idle,6936,144566977.360,144570337.590,145525840,1,false
idle,6937,144587478.963,144590806.239,145546320,1,false
idle,6938,144608041.967,144611802.126,145566864,1,false
idle,6939,144629153.934,144631831.539,145587956,1,false
idle,6940,144649201.455,144652969.715,145607984,1,false
idle,6941,144669394.620,144673219.820,145628156,1,false
idle,6942,144689695.796,144693841.800,145648436,1,false
idle,6943,144710110.360,144713864.193,145668828,1,false
idle,6944,144731143.424,144734218.640,145689840,1,false
idle,6945,144751748.973,144754725.368,145710428,1,false
idle,6946,144772188.251,144775283.589,145730844,1,false
idle,6947,144792747.462,144796084.094,145751384,1,false
idle,6948,144813290.008,144816251.615,145771904,1,false
idle,6949,144833473.578,144836600.842,145792068,1,false
idle,6950,144853799.374,144857084.009,145812384,1,false
idle,6951,144874312.378,144877639.679,145832868,1,false
idle,6952,144895130.646,144897962.821,145853676,1,false
idle,6953,144916138.211,144918433.304,145874660,1,false
idle,6954,144936592.722,144939636.401,145895140,1,false
idle,6955,144957114.319,144959976.441,145915596,1,false
idle,6956,144977426.478,144980295.037,145935880,1,false
idle,6957,144997437.652,145000531.781,145955872,1,false
idle,6958,145017738.622,145020897.913,145976160,1,false
idle,6959,145038123.872,145041445.424,145996524,1,false
idle,6960,145058942.964,145061988.155,146017304,1,false
idle,6961,145079209.689,145082458.052,146037572,1,false
idle,6962,145099708.215,145102991.029,146058044,1,false
idle,6963,145120233.055,145123520.253,146078548,1,false
idle,6964,145141090.396,145143986.783,146099372,1,false
idle,6965,145161113.787,145164377.320,146119396,1,false
idle,6966,145181559.810,145184840.641,146139820,1,false
idle,6967,145202049.424,145205165.685,146160284,1,false
idle,6968,145222337.153,145225627.860,146180556,1,false
idle,6969,145242786.339,145246134.889,146200980,1,false
idle,6970,145263280.474,145266649.860,146221452,1,false
idle,6971,145283820.589,145287103.157,146241976,1,false
idle,6972,145304262.552,145307544.910,146262400,1,false
idle,6973,145324689.691,145328044.011,146282808,1,false
idle,6974,145345189.782,145348558.176,146303292,1,false
idle,6975,145365760.788,145368920.684,146323840,1,false
idle,6976,145386117.356,145389402.725,146344176,1,false
idle,6977,145406569.351,145409976.747,146364672,1,false
idle,6978,145427165.892,145430360.530,146385184,1,false
idle,6979,145447531.856,145451024.551,146405528,1,false
idle,6980,145468198.364,145471565.580,146426180,1,false
idle,6981,145488775.710,145492097.652,146446732,1,false
idle,6982,145509652.533,145512469.796,146467588,1,false
idle,6983,145530677.247,145533000.134,146488592,1,false
idle,6984,145551535.522,145553474.131,146509428,1,false
idle,6985,145571666.451,145573949.393,146529540,1,false
idle,6986,145592157.499,145594477.830,146550012,1,false
idle,6987,145612664.960,145614813.405,146570504,1,false
idle,6988,145632993.966,145635221.182,146590808,1,false
idle,6989,145653413.507,145656139.145,146611212,1,false
idle,6990,145674489.289,145676350.843,146632260,1,false
idle,6991,145694720.117,145696889.300,146652468,1,false
idle,6992,145715180.077,145717301.909,146672916,1,false
idle,6993,145735663.408,145737767.146,146693356,1,false
idle,6994,145755966.629,145758064.766,146713664,1,false
idle,6995,145776246.755,145778608.030,146733920,1,false
idle,6996,145796797.813,145799229.724,146754448,1,false
idle,6997,145817714.747,145819701.065,146775348,1,false
idle,6998,145837900.256,145840113.793,146795516,1,false
idle,6999,145858303.944,145860658.450,146815896,1,false
idle,7000,145879193.829,145881172.909,146836768,1,false
idle,7001,145899361.078,145901979.900,146856912,1,false
idle,7002,145919395.148,145922466.566,146876928,1,false
idle,7003,145939977.583,145942559.193,146897492,1,false
idle,7004,145961004.677,145962877.547,146918500,1,false
idle,7005,145981287.469,145983519.911,146938756,1,false
idle,7006,146001710.400,146003993.640,146959164,1,false
idle,7007,146022190.435,146024466.633,146979620,1,false
idle,7008,146042642.690,146044859.943,147000052,1,false
idle,7009,146063043.748,146065353.009,147020436,1,false
idle,7010,146083564.918,146085952.729,147041012,1,false
idle,7011,146104143.456,146106410.124,147061496,1,false
idle,7012,146124597.201,146127282.672,147081972,1,false
idle,7013,146144712.547,146147777.641,147102024,1,false
idle,7014,146165274.219,146167884.801,147122568,1,false
idle,7015,146186090.941,146188365.740,147143360,1,false
idle,7016,146206913.813,146208798.242,147164172,1,false
idle,7017,146226933.548,146229727.663,147184164,1,false
idle,7018,146247993.415,146249800.945,147205200,1,false
idle,7019,146268981.171,146274126.978,147226176,1,false
idle,7020,146289288.918,146290468.756,147246460,1,false
idle,7021,146309629.074,146311046.063,147266788,1,false
idle,7022,146330225.875,146331511.700,147287356,1,false
idle,7023,146350690.635,146352101.739,147307804,1,false
idle,7024,146371296.778,146372546.434,147328388,1,false
idle,7025,146391728.707,146392996.855,147348796,1,false
idle,7026,146412190.541,146413483.784,147369240,1,false
idle,7027,146432670.554,146433934.129,147389700,1,false
idle,7028,146453148.733,146455070.654,147410156,1,false
idle,7029,146473477.687,146475546.166,147430472,1,false
idle,7030,146494107.749,146495876.552,147451076,1,false
idle,7031,146514338.256,146516370.031,147471248,1,false
idle,7032,146534827.380,146536494.520,147491760,1,false
idle,7033,146554884.834,146557474.291,147511796,1,false
idle,7034,146575936.427,146577433.294,147532824,1,false
idle,7035,146596643.580,146601951.133,147553516,1,false
idle,7036,146617144.827,146622325.460,147574000,1,false
idle,7037,146637492.036,146638663.462,147594316,1,false
idle,7038,146657825.921,146659267.216,147614632,1,false
idle,7039,146678458.256,146679766.906,147635248,1,false
idle,7040,146698949.518,146700277.354,147655720,1,false
idle,7041,146719469.197,146720801.929,147676224,1,false
idle,7042,146739998.783,146745315.312,147696724,1,false
idle,7043,146760500.290,146766125.693,147717212,1,false
idle,7044,146781465.864,146786376.857,147738152,1,false
idle,7045,146801506.440,146806721.543,147758176,1,false
idle,7046,146821904.741,146823047.819,147778552,1,false
idle,7047,146842197.956,146843488.661,147798828,1,false
idle,7048,146862869.775,146864159.825,147819476,1,false
idle,7049,146883359.500,146888652.125,147839952,1,false
idle,7050,146903837.766,146909199.765,147860404,1,false
idle,7051,146924367.044,146929489.174,147880920,1,false
idle,7052,146944659.006,146945910.133,147901188,1,false
idle,7053,146965083.863,146966530.824,147921596,1,false
idle,7054,146985718.690,146986904.607,147942204,1,false
idle,7055,147006105.448,147007418.168,147962572,1,false
idle,7056,147026869.132,147031935.758,147983316,1,false
idle,7057,147047135.738,147048394.504,148003564,1,false
idle,7058,147067934.556,147072881.716,148024344,1,false
idle,7059,147088070.357,147089260.829,148044460,1,false
idle,7060,147108393.366,147109784.657,148064760,1,false
idle,7061,147128929.104,147130223.710,148085280,1,false
idle,7062,147149360.426,147150804.618,148105688,1,false
idle,7063,147170386.844,147175390.412,148126692,1,false
idle,7064,147190575.764,147196145.424,148146924,1,false
idle,7065,147211611.691,147216577.381,148167904,1,false
idle,7066,147232245.389,147236925.289,148188488,1,false
idle,7067,147252445.656,147257710.131,148208668,1,false
idle,7068,147273247.080,147277639.909,148229452,1,false
idle,7069,147293829.384,147298267.618,148250020,1,false
idle,7070,147314425.129,147318706.564,148270596,1,false
idle,7071,147334900.409,147339085.239,148291048,1,false
idle,7072,147355268.943,147359497.196,148311396,1,false
idle,7073,147375663.285,147380068.587,148331768,1,false
idle,7074,147396218.730,147400515.174,148352308,1,false
idle,7075,147416705.599,147421098.284,148372768,1,false
idle,7076,147437517.064,147442022.959,148393556,1,false
idle,7077,147458517.483,147462491.410,148414536,1,false
idle,7078,147478954.588,147482859.643,148434960,1,false
idle,7079,147499288.435,147502994.017,148455280,1,false
idle,7080,147519437.205,147523532.432,148475400,1,false
idle,7081,147539812.060,147544233.673,148495756,1,false
idle,7082,147560703.483,147564894.011,148516628,1,false
idle,7083,147581247.547,147585495.552,148537152,1,false
idle,7084,147602160.156,147605713.478,148558044,1,false
idle,7085,147623323.235,147625945.243,148579176,1,false
idle,7086,147643440.473,147646674.448,148599276,1,false
idle,7087,147664289.068,147666802.654,148620104,1,false
idle,7088,147685000.581,147687207.894,148640812,1,false
idle,7089,147705413.579,147707777.469,148661200,1,false
idle,7090,147725968.600,147728192.234,148681740,1,false
idle,7091,147746381.449,147748659.167,148702128,1,false
idle,7092,147766844.050,147769154.825,148722568,1,false
idle,7093,147787350.556,147789596.971,148743056,1,false
idle,7094,147808115.091,147810219.044,148763796,1,false
idle,7095,147828430.901,147830594.811,148784092,1,false
idle,7096,147848803.130,147851198.163,148804448,1,false
idle,7097,147869426.374,147871586.686,148825048,1,false
idle,7098,147889754.618,147891964.715,148845356,1,false
idle,7099,147910136.810,147912444.708,148865716,1,false
idle,7100,147930615.736,147933059.259,148886196,1,false
idle,7101,147951237.961,147953504.472,148906780,1,false
idle,7102,147971672.784,147973871.051,148927188,1,false
idle,7103,147992056.248,147994357.824,148947556,1,false
idle,7104,148012530.586,148014838.243,148968012,1,false
idle,7105,148033011.539,148035404.408,148988472,1,false
idle,7106,148053600.508,148055872.381,149009072,1,false
idle,7107,148074068.285,148076370.463,149029484,1,false
idle,7108,148094637.109,148096900.901,149050036,1,false
idle,7109,148115383.838,148117319.261,149070760,1,false
idle,7110,148135512.925,148138039.869,149090872,1,false
idle,7111,148156192.289,148158174.022,149111536,1,false
idle,7112,148176359.637,148178853.417,149131680,1,false
idle,7113,148197339.611,148199295.286,149152628,1,false
idle,7114,148217507.007,148219756.449,149172788,1,false
idle,7115,148237943.479,148240364.256,149193204,1,false
idle,7116,148258544.182,148260720.865,149213788,1,false
idle,7117,148278920.854,148281203.633,149234144,1,false
idle,7118,148299346.511,148301741.504,149254544,1,false
idle,7119,148319948.439,148322210.535,149275132,1,false
idle,7120,148340360.217,148342741.196,149295520,1,false
idle,7121,148360936.413,148363142.401,149316076,1,false
idle,7122,148381344.437,148383641.182,149336464,1,false
idle,7123,148401832.435,148404144.384,149356932,1,false
idle,7124,148422349.365,148424675.517,149377424,1,false
idle,7125,148442870.666,148444994.897,149397936,1,false
idle,7126,148463189.222,148465452.312,149418228,1,false
idle,7127,148483637.748,148486110.206,149438656,1,false
idle,7128,148504316.505,148506616.032,149459308,1,false
idle,7129,148524817.617,148527020.259,149479800,1,false
idle,7130,148545198.248,148547549.489,149500156,1,false
idle,7131,148565741.968,148568018.551,149520684,1,false
idle,7132,148586229.014,148588537.990,149541152,1,false
idle,7133,148606766.787,148608926.993,149561668,1,false
idle,7134,148627106.513,148629188.624,149581988,1,false
idle,7135,148647338.953,148649696.193,149602196,1,false
idle,7136,148667865.523,148670447.953,149622704,1,false
idle,7137,148688626.155,148690958.900,149643448,1,false
idle,7138,148709154.209,148711338.690,149663956,1,false
idle,7139,148729535.620,148731827.891,149684332,1,false
idle,7140,148749999.806,148752175.349,149704764,1,false
idle,7141,148770503.271,148772762.373,149725236,1,false
idle,7142,148790951.004,148793215.802,149745676,1,false
idle,7143,148811359.932,148813822.314,149766056,1,false
idle,7144,148831997.833,148834224.856,149786676,1,false
idle,7145,148852423.462,148854579.311,149807084,1,false
idle,7146,148872759.932,148875063.713,149827396,1,false
idle,7147,148893230.091,148895670.927,149847848,1,false
idle,7148,148913854.706,148916010.436,149868452,1,false
idle,7149,148934194.237,148936484.472,149888776,1,false
idle,7150,148954642.308,148957099.630,149909204,1,false
idle,7151,148975291.157,148977582.577,149929832,1,false
idle,7152,148995769.877,148997958.794,149950288,1,false
idle,7153,149016205.059,149018531.131,149970696,1,false
idle,7154,149036725.827,149039030.237,149991200,1,false
idle,7155,149057218.809,149059477.661,150011672,1,false
idle,7156,149078005.298,149080045.553,150032440,1,false
idle,7157,149098242.668,149100499.107,150052660,1,false
idle,7158,149118687.306,149121290.478,150073088,1,false
idle,7159,149139503.536,149141418.051,150093880,1,false
idle,7160,149159550.956,149161943.396,150113908,1,false
idle,7161,149180389.962,149182394.245,150134728,1,false
idle,7162,149200585.216,149202877.284,150154948,1,false
idle,7163,149221074.082,149223333.418,150175372,1,false
idle,7164,149241539.489,149243807.847,150195828,1,false
idle,7165,149262006.823,149264277.892,150216260,1,false
idle,7166,149282447.553,149284620.727,150236688,1,false
idle,7167,149302783.009,149305275.307,150256996,1,false
idle,7168,149323492.064,149325715.253,150277684,1,false
idle,7169,149344064.108,149346159.294,150298244,1,false
idle,7170,149364346.128,149366677.630,150318508,1,false
idle,7171,149384868.264,149387152.002,150339012,1,false
idle,7172,149405358.694,149407451.792,150359476,1,false
idle,7173,149425646.910,149427974.451,150379740,1,false
idle,7174,149446143.378,149448482.190,150400220,1,false
idle,7175,149466642.689,149468946.929,150420700,1,false
idle,7176,149487130.961,149489357.417,150441168,1,false
idle,7177,149507543.864,149510045.987,150461564,1,false
idle,7178,149528256.928,149530360.382,150482256,1,false
idle,7179,149548543.966,149550913.367,150502520,1,false
idle,7180,149569064.799,149571293.196,150523020,1,false
idle,7181,149589486.976,149591806.162,150543424,1,false
idle,7182,149609977.536,149612289.368,150563896,1,false
idle,7183,149630498.562,149632840.577,150584400,1,false
idle,7184,149651059.306,149653301.130,150604936,1,false
idle,7185,149671474.837,149673817.803,150625328,1,false
idle,7186,149692011.310,149694238.912,150645848,1,false
idle,7187,149712416.415,149714751.983,150666236,1,false
idle,7188,149732921.680,149735329.664,150686712,1,false
idle,7189,149753528.622,149755790.946,150707316,1,false
idle,7190,149774358.184,149777033.205,150728112,1,false
idle,7191,149794437.127,149796831.218,150748172,1,false
idle,7192,149815328.452,149817233.299,150769028,1,false
idle,7193,149835363.013,149837728.086,150789052,1,false
idle,7194,149855921.732,149858212.562,150809596,1,false
idle,7195,149876419.388,149878681.831,150830076,1,false
idle,7196,149896901.165,149899153.842,150850536,1,false
idle,7197,149917528.495,149919641.448,150871144,1,false
idle,7198,149937829.459,149940124.806,150891420,1,false
idle,7199,149958341.070,149960567.106,150911912,1,false
idle,7200,149978765.252,149981105.000,150932324,1,false
idle,7201,149999296.679,150001519.711,150952828,1,false
idle,7202,150019705.649,150022385.689,150973216,1,false
idle,7203,150039848.686,150043024.016,150993344,1,false
idle,7204,150060509.187,150063011.358,151013984,1,false
idle,7205,150081217.030,150083508.009,151034664,1,false
idle,7206,150101709.732,150103962.336,151055144,1,false
idle,7207,150122158.730,150124437.267,151075576,1,false
idle,7208,150142621.519,150144945.235,151096016,1,false
idle,7209,150163378.956,150165445.613,151116752,1,false
idle,7210,150183641.159,150185845.923,151136996,1,false
idle,7211,150204065.869,150206366.512,151157400,1,false
idle,7212,150224551.253,150226885.129,151177860,1,false
idle,7213,150245082.278,150247320.918,151198376,1,false
idle,7214,150265502.000,150267809.904,151218776,1,false
idle,7215,150285999.614,150288280.480,151239248,1,false
idle,7216,150306498.667,150308742.755,151259732,1,false
idle,7217,150326925.666,150329167.720,151280136,1,false
idle,7218,150347369.916,150349627.195,151300564,1,false
idle,7219,150367780.265,150370125.867,151320948,1,false
idle,7220,150388376.347,150390720.607,151341524,1,false
idle,7221,150409344.870,150411716.430,151362460,1,false
idle,7222,150429927.649,150431681.113,151383036,1,false
idle,7223,150450843.601,150456061.954,151403932,1,false
idle,7224,150471224.828,150472475.032,151424292,1,false
idle,7225,150491720.155,150493125.640,151444772,1,false
idle,7226,150512675.255,150517994.852,151465708,1,false
idle,7227,150533502.598,150538491.113,151486516,1,false
idle,7228,150553973.050,150559035.524,151506968,1,false
idle,7229,150574593.806,150579675.968,151527592,1,false
idle,7230,150595006.593,150599859.539,151547956,1,false
idle,7231,150615295.279,150620357.969,151568224,1,false
idle,7232,150635877.467,150640552.233,151588780,1,false
idle,7233,150656039.297,150661159.755,151608924,1,false
idle,7234,150676719.210,150681402.099,151629588,1,false
idle,7235,150697596.481,150701854.312,151650472,1,false
idle,7236,150718079.419,150722425.522,151670904,1,false
idle,7237,150738599.637,150742707.524,151691436,1,false
idle,7238,150758889.571,150763124.141,151711684,1,false
idle,7239,150779300.165,150783604.365,151732072,1,false
idle,7240,150799767.703,150804094.179,151752520,1,false
idle,7241,150820282.343,150824575.953,151773008,1,false
idle,7242,150840771.416,150845029.467,151793484,1,false
idle,7243,150861205.725,150865509.013,151813892,1,false
idle,7244,150881688.295,150885991.274,151834356,1,false
idle,7245,150902164.506,150906459.519,151854816,1,false
idle,7246,150922639.747,150926957.734,151875272,1,false
idle,7247,150943150.421,150947516.243,151895764,1,false
idle,7248,150963699.604,150968049.612,151916292,1,false
idle,7249,150984516.036,150988944.484,151937080,1,false
idle,7250,151005200.740,151009619.043,151957748,1,false
idle,7251,151026272.857,151029933.547,151978804,1,false
idle,7252,151047167.457,151049928.132,151999676,1,false
idle,7253,151068126.439,151070392.927,152020608,1,false
idle,7254,151088557.747,151090928.372,152041088,1,false
idle,7255,151109075.907,151111371.144,152061524,1,false
idle,7256,151129513.767,151131858.916,152081944,1,false
idle,7257,151150137.099,151152713.120,152102544,1,false
idle,7258,151171144.414,151173031.620,152123532,1,false
idle,7259,151191452.731,151193837.276,152143820,1,false
idle,7260,151212075.409,151213871.417,152164420,1,false
idle,7261,151233084.033,151234273.660,152185408,1,false
idle,7262,151253476.531,151254703.711,152205784,1,false
idle,7263,151273878.577,151275246.557,152226160,1,false
idle,7264,151294422.133,151295685.372,152246688,1,false
idle,7265,151314936.964,151316768.991,152267184,1,false
idle,7266,151334988.855,151336913.466,152287220,1,false
idle,7267,151355084.629,151357297.995,152307296,1,false
idle,7268,151375462.000,151377561.616,152327648,1,false
idle,7269,151395735.123,151398001.888,152347904,1,false
idle,7270,151416159.432,151418471.543,152368304,1,false
idle,7271,151436750.529,151439064.329,152388876,1,false
idle,7272,151457281.065,151459413.563,152409372,1,false
idle,7273,151477570.670,151479896.713,152429708,1,false
idle,7274,151498054.984,151500386.282,152450124,1,false
idle,7275,151518555.512,151520857.715,152470676,1,false
idle,7276,151539037.133,151541347.916,152491064,1,false
idle,7277,151559513.612,151562100.730,152511516,1,false
idle,7278,151580385.087,151582443.420,152532368,1,false
idle,7279,151600805.404,151602908.244,152552772,1,false
idle,7280,151621096.475,151623368.819,152573040,1,false
idle,7281,151641540.534,151643715.807,152593464,1,false
idle,7282,151661871.733,151664211.689,152613772,1,false
idle,7283,151682334.848,151684682.237,152634220,1,false
idle,7284,151702873.857,151705269.425,152654740,1,false
idle,7285,151723434.402,151725799.880,152675272,1,false
idle,7286,151744001.858,151746227.987,152695828,1,false
idle,7287,151764443.553,151766621.825,152716256,1,false
idle,7288,151784786.608,151787102.054,152736572,1,false
idle,7289,151805269.222,151807540.336,152757036,1,false
idle,7290,151825684.286,151828036.343,152777428,1,false
idle,7291,151846178.537,151848510.823,152797904,1,false
idle,7292,151866668.623,151869018.288,152818372,1,false
idle,7293,151887186.966,151889505.520,152838868,1,false
idle,7294,151907691.506,151909948.899,152859356,1,false
idle,7295,151928119.238,151930472.711,152879768,1,false
idle,7296,151948638.373,151951039.595,152900264,1,false
idle,7297,151969591.712,151971549.789,152921224,1,false
idle,7298,151989990.591,151992034.187,152941584,1,false
idle,7299,152010248.630,152012524.001,152961812,1,false
idle,7300,152030719.339,152032950.235,152982264,1,false
idle,7301,152051136.663,152053435.503,153002660,1,false
idle,7302,152071622.626,152074010.126,153023132,1,false
idle,7303,152092225.385,152094258.719,153043712,1,false
idle,7304,152112441.620,152114770.661,153063904,1,false
idle,7305,152132931.167,152135232.410,153084376,1,false
idle,7306,152153335.505,152155719.191,153104756,1,false
idle,7307,152173856.610,152176249.876,153125260,1,false
idle,7308,152194427.207,152196692.284,153145808,1,false
idle,7309,152214869.412,152217251.661,153166236,1,false
idle,7310,152235429.660,152237934.590,153186772,1,false
idle,7311,152256110.375,152258211.656,153207440,1,false
idle,7312,152276340.894,152278653.376,153227644,1,false
idle,7313,152296834.391,152299145.983,153248116,1,false
idle,7314,152317329.849,152319847.904,153268588,1,false
idle,7315,152338151.294,152340272.750,153289372,1,false
idle,7316,152358465.239,152360772.314,153309684,1,false
idle,7317,152378969.549,152381246.468,153330172,1,false
idle,7318,152399441.183,152401562.090,153350624,1,false
idle,7319,152419733.483,152421997.777,153370900,1,false
idle,7320,152440148.080,152442468.001,153391292,1,false
idle,7321,152460616.785,152463075.440,153411736,1,false
idle,7322,152481275.514,152483620.064,153432380,1,false
idle,7323,152501844.059,152504127.311,153452924,1,false
idle,7324,152522624.386,152524596.232,153473680,1,false
idle,7325,152543052.246,152545048.803,153494096,1,false
idle,7326,152563249.284,152565551.550,153514272,1,false
idle,7327,152583802.591,152586378.705,153534796,1,false
idle,7328,152604871.312,152606537.009,153555852,1,false
idle,7329,152625731.771,152630951.979,153576688,1,false
idle,7330,152646130.734,152647275.948,153597072,1,false
idle,7331,152666428.101,152667783.037,153617344,1,false
idle,7332,152686966.697,152688244.969,153637864,1,false
idle,7333,152707426.378,152708762.327,153658304,1,false
idle,7334,152727954.336,152729188.709,153678816,1,false
idle,7335,152748683.772,152753786.794,153699528,1,false
idle,7336,152768947.467,152770161.124,153719768,1,false
idle,7337,152789353.628,152790568.199,153740156,1,false
idle,7338,152809715.894,152811062.334,153760500,1,false
idle,7339,152830242.867,152831546.005,153781004,1,false
idle,7340,152850726.063,152852105.742,153801460,1,false
idle,7341,152871257.659,152872586.049,153821980,1,false
idle,7342,152891767.978,152893079.980,153842468,1,false
idle,7343,152912244.303,152913536.929,153862920,1,false
idle,7344,152932711.823,152933994.911,153883376,1,false
idle,7345,152953164.635,152954522.298,153903808,1,false
idle,7346,152973733.329,152974968.428,153924344,1,false
idle,7347,152994163.946,152995477.735,153944760,1,false
idle,7348,153014666.074,153015955.763,153965244,1,false
idle,7349,153035126.947,153036450.610,153985684,1,false
idle,7350,153055608.035,153056901.288,154006152,1,false
idle,7351,153076102.703,153077508.641,154026616,1,false
idle,7352,153096742.777,153102404.840,154047236,1,false
idle,7353,153116813.073,153119030.440,154067292,1,false
idle,7354,153137299.804,153138855.999,154087760,1,false
idle,7355,153158147.556,153159345.587,154108588,1,false
idle,7356,153178533.656,153179798.502,154128956,1,false
idle,7357,153198980.784,153200265.061,154149380,1,false
idle,7358,153219420.216,153220687.762,154169800,1,false
idle,7359,153239856.322,153241263.194,154190216,1,false
idle,7360,153260529.624,153261844.669,154210872,1,false
idle,7361,153281023.193,153282218.645,154231344,1,false
idle,7362,153301338.383,153302693.540,154251632,1,false
idle,7363,153322149.081,153327354.885,154272404,1,false
idle,7364,153342534.030,153347804.239,154292796,1,false
idle,7365,153362981.172,153368269.824,154313220,1,false
idle,7366,153383771.292,153388773.202,154333984,1,false
idle,7367,153403960.871,153409278.428,154354164,1,false
idle,7368,153424791.395,153429706.514,154374972,1,false
idle,7369,153444857.861,153446118.601,154395004,1,false
idle,7370,153465302.534,153466608.891,154415440,1,false
idle,7371,153485786.338,153486853.570,154435900,1,false
idle,7372,153506033.662,153507529.320,154456128,1,false
idle,7373,153526802.643,153528057.331,154476880,1,false
idle,7374,153547382.805,153552602.474,154497436,1,false
idle,7375,153567798.175,153573096.357,154517832,1,false
idle,7376,153588327.270,153593572.704,154538336,1,false
idle,7377,153608777.142,153614060.979,154558776,1,false
idle,7378,153629314.016,153634553.518,154579284,1,false
idle,7379,153649791.576,153655026.708,154599752,1,false
idle,7380,153670264.871,153675795.791,154620204,1,false
idle,7381,153691491.013,153696064.277,154641400,1,false
idle,7382,153711740.818,153716835.235,154661640,1,false
idle,7383,153732069.213,153736902.192,154681948,1,false
idle,7384,153753104.868,153757203.894,154702964,1,false
idle,7385,153773351.627,153777838.002,154723184,1,false
idle,7386,153794004.930,153798244.985,154743824,1,false
idle,7387,153814422.544,153818683.390,154764212,1,false
idle,7388,153834932.969,153839128.271,154784708,1,false
idle,7389,153855357.816,153859678.320,154805120,1,false
idle,7390,153876331.840,153880553.978,154826056,1,false
idle,7391,153896955.251,153900743.961,154846672,1,false
idle,7392,153917070.706,153921213.781,154866764,1,false
idle,7393,153937556.231,153942096.463,154887292,1,false
idle,7394,153958389.489,153962267.596,154908040,1,false
idle,7395,153978434.210,153982767.004,154928068,1,false
idle,7396,153998969.234,154003043.129,154948584,1,false
idle,7397,154019200.439,154023597.377,154968792,1,false
idle,7398,154039780.961,154044069.601,154989348,1,false
idle,7399,154060273.788,154064601.571,155009824,1,false
idle,7400,154080774.831,154085098.469,155030308,1,false
idle,7401,154101282.588,154105401.325,155050800,1,false
idle,7402,154121863.193,154126062.272,155071352,1,false
idle,7403,154142521.380,154146561.467,155092004,1,false
idle,7404,154162752.992,154167025.817,155112208,1,false
idle,7405,154183223.037,154187463.355,155132656,1,false
idle,7406,154203644.632,154207953.354,155153056,1,false
idle,7407,154224173.754,154228736.460,155173568,1,false
idle,7408,154245194.482,154249441.419,155194572,1,false
idle,7409,154265682.159,154269725.513,155215032,1,false
idle,7410,154285935.654,154289838.660,155235264,1,false
idle,7411,154305960.058,154310292.620,155255272,1,false
idle,7412,154326750.633,154330876.149,155276044,1,false
idle,7413,154347140.351,154351351.925,155296412,1,false
idle,7414,154367840.849,154371814.687,155317092,1,false
idle,7415,154388014.623,154392378.071,155337248,1,false
idle,7416,154408912.254,154412622.624,155358124,1,false
idle,7417,154429805.664,154433111.228,155378992,1,false
idle,7418,154450273.382,154453542.806,155399444,1,false
idle,7419,154470694.516,154474028.148,155419844,1,false
idle,7420,154491341.788,154495052.265,155440452,1,false
idle,7421,154511506.639,154515272.461,155460624,1,false
idle,7422,154531684.518,154535984.449,155480776,1,false
idle,7423,154552477.104,154556173.702,155501544,1,false
idle,7424,154573362.122,154576583.707,155522408,1,false
idle,7425,154594097.099,154597086.006,155543108,1,false
idle,7426,154614279.607,154617560.019,155563288,1,false
idle,7427,154635034.293,154638062.777,155584020,1,false
idle,7428,154655279.919,154658558.186,155604256,1,false
idle,7429,154676113.790,154679018.020,155625068,1,false
idle,7430,154696280.174,154699802.526,155645208,1,false
idle,7431,154717527.979,154720266.504,155666448,1,false
idle,7432,154737679.013,154740739.537,155686568,1,false
idle,7433,154758122.043,154760808.793,155706988,1,false
idle,7434,154779010.394,154781286.240,155727856,1,false
idle,7435,154799474.770,154801696.840,155748308,1,false
idle,7436,154819860.985,154822163.139,155768672,1,false
idle,7437,154840374.442,154842643.387,155789160,1,false
idle,7438,154861218.487,154863499.321,155809984,1,false
idle,7439,154881967.712,154884105.556,155830712,1,false
idle,7440,154902588.062,154905021.480,155851336,1,false
idle,7441,154922641.215,154925111.756,155871344,1,false
idle,7442,154943672.011,154945212.492,155892352,1,false
idle,7443,154964489.825,154969804.494,155913156,1,false
idle,7444,154985099.018,154990247.985,155933748,1,false
idle,7445,155005445.617,155010843.212,155954076,1,false
idle,7446,155026419.723,155031736.609,155975024,1,false
idle,7447,155047409.453,155052107.310,155995996,1,false
idle,7448,155067611.234,155073063.916,156016172,1,false
idle,7449,155088693.900,155092803.724,156037232,1,false
idle,7450,155109384.512,155113264.799,156057912,1,false
idle,7451,155129589.615,155133954.832,156078112,1,false
idle,7452,155150505.295,155154558.259,156098988,1,false
idle,7453,155171066.109,155174935.832,156119528,1,false
idle,7454,155191106.384,155195103.211,156139556,1,false
idle,7455,155211613.598,155215565.323,156160032,1,false
idle,7456,155232039.397,155236363.232,156180440,1,false
idle,7457,155252841.332,155256515.909,156201224,1,false
idle,7458,155272910.475,155277529.000,156221268,1,false
idle,7459,155293787.097,155297569.880,156242128,1,false
idle,7460,155313952.858,155318347.857,156262280,1,false
idle,7461,155334901.881,155338324.699,156283208,1,false
idle,7462,155355502.784,155358682.103,156303788,1,false
idle,7463,155375833.571,155379147.725,156324100,1,false
idle,7464,155396324.671,155399782.869,156344560,1,false
idle,7465,155416965.316,155420094.278,156365192,1,false
idle,7466,155437245.556,155440574.379,156385448,1,false
idle,7467,155457726.315,155461207.682,156405916,1,false
idle,7468,155478421.165,155481648.258,156426584,1,false
idle,7469,155498854.483,155502127.036,156447004,1,false
idle,7470,155519334.570,155522607.530,156467460,1,false
idle,7471,155540103.064,155543090.737,156488208,1,false
idle,7472,155560567.854,155563587.370,156508700,1,false
idle,7473,155580796.815,155584036.104,156528860,1,false
idle,7474,155601273.635,155604517.893,156549316,1,false
idle,7475,155621910.773,155625518.122,156569936,1,false
idle,7476,155642064.764,155645758.584,156590068,1,false
idle,7477,155662997.235,155666103.242,156610984,1,false
idle,7478,155683431.593,155686822.847,156631388,1,false
idle,7479,155704344.730,155707387.203,156652284,1,false
idle,7480,155724847.227,155727663.686,156672768,1,false
idle,7481,155745053.168,155748336.793,156692948,1,false
idle,7482,155765999.408,155768990.493,156713880,1,false
idle,7483,155786501.981,155789082.007,156734360,1,false
idle,7484,155807512.915,155809818.072,156755356,1,false
idle,7485,155828343.585,155829998.706,156776148,1,false
idle,7486,155848401.672,155850998.555,156796204,1,false
idle,7487,155868422.233,155871230.615,156816200,1,false
idle,7488,155888682.538,155891196.546,156836444,1,false
idle,7489,155909345.404,155911664.934,156857088,1,false
idle,7490,155929860.320,155932152.824,156877584,1,false
idle,7491,155950340.746,155952596.410,156898036,1,false
idle,7492,155970750.781,155973092.471,156918436,1,false
idle,7493,155991280.981,155993543.434,156938944,1,false
idle,7494,156011724.980,156013982.524,156959372,1,false
idle,7495,156032145.074,156034750.442,156979764,1,false
idle,7496,156053285.098,156055376.740,157000884,1,false
idle,7497,156073691.272,156076076.383,157021268,1,false
idle,7498,156094523.027,156096231.568,157042056,1,false
idle,7499,156115430.027,156120566.561,157062976,1,false
idle,7500,156135769.577,156137145.516,157083292,1,false
idle,7501,156156359.209,156161641.952,157103860,1,false
idle,7502,156176958.061,156182137.617,157124440,1,false
idle,7503,156197299.985,156202472.725,157144756,1,false
idle,7504,156217620.026,156218880.290,157165060,1,false
idle,7505,156238054.238,156239354.768,157185468,1,false
idle,7506,156258533.723,156260023.254,157205936,1,false
idle,7507,156279229.891,156284517.260,157226608,1,false
idle,7508,156299702.341,156304908.792,157247056,1,false
idle,7509,156320148.977,156321310.018,157267484,1,false
idle,7510,156340489.656,156341668.108,157287796,1,false
idle,7511,156360860.741,156362158.592,157308152,1,false
idle,7512,156381319.474,156382763.845,157328592,1,false
idle,7513,156401997.910,156403350.103,157349252,1,false
idle,7514,156422539.465,156427984.670,157369852,1,false
idle,7515,156443328.051,156448933.583,157390536,1,false
idle,7516,156464225.106,156468910.063,157411400,1,false
idle,7517,156485251.700,156489752.206,157432424,1,false
idle,7518,156506279.048,156509683.405,157453432,1,false
idle,7519,156526874.224,156530125.509,157474012,1,false
idle,7520,156547315.328,156550639.043,157494416,1,false
idle,7521,156567839.687,156571098.297,157514932,1,false
idle,7522,156588252.235,156591801.517,157535324,1,false
idle,7523,156609033.996,156612201.147,157556092,1,false
idle,7524,156629361.624,156632697.855,157576396,1,false
idle,7525,156649886.088,156653659.133,157596900,1,false
idle,7526,156670081.657,156673968.245,157617076,1,false
idle,7527,156690382.894,156694457.214,157637356,1,false
idle,7528,156711008.602,156715028.617,157657964,1,false
idle,7529,156731436.849,156735650.947,157678368,1,false
idle,7530,156751921.650,156755945.671,157698836,1,false
idle,7531,156772463.517,156776489.030,157719360,1,false
idle,7532,156792795.538,156796482.470,157739664,1,false
idle,7533,156813684.904,156816793.219,157760540,1,false
idle,7534,156833973.342,156837383.335,157780816,1,false
idle,7535,156854550.493,156858023.591,157801424,1,false
idle,7536,156875216.566,156878507.551,157822012,1,false
idle,7537,156895723.093,156898818.506,157842500,1,false
idle,7538,156915995.464,156919229.233,157862748,1,false
idle,7539,156936408.214,156939688.260,157883144,1,false
idle,7540,156956848.472,156960143.531,157903564,1,false
idle,7541,156977515.454,156981220.143,157924220,1,false
idle,7542,156998560.944,157001714.235,157945288,1,false
idle,7543,157018998.334,157022151.383,157965648,1,false
idle,7544,157039464.285,157042832.940,157986096,1,false
idle,7545,157060475.460,157062999.811,158007088,1,false
idle,7546,157081475.351,157083684.302,158028072,1,false
idle,7547,157101919.918,157103827.878,158048488,1,false
idle,7548,157121963.159,157124179.676,158068512,1,false
idle,7549,157142361.979,157144691.951,158088896,1,false
idle,7550,157162912.574,157165021.642,158109424,1,false
idle,7551,157183491.382,157185694.885,158129980,1,false
idle,7552,157204177.009,157206144.346,158150644,1,false
idle,7553,157224352.720,157226696.894,158170804,1,false
idle,7554,157245222.201,157247139.108,158191652,1,false
idle,7555,157265529.491,157267614.373,158211936,1,false
idle,7556,157285882.229,157288132.741,158232268,1,false
idle,7557,157306350.713,157308495.884,158252724,1,false
idle,7558,157326701.444,157329503.730,158273052,1,false
idle,7559,157347710.528,157349464.428,158294040,1,false
idle,7560,157368646.482,157369945.681,158314956,1,false
idle,7561,157389162.913,157390243.082,158335452,1,false
idle,7562,157409393.351,157410868.912,158355664,1,false
idle,7563,157430355.090,157435459.963,158376608,1,false
idle,7564,157450668.034,157455981.127,158396900,1,false
idle,7565,157471179.234,157476449.684,158417388,1,false
idle,7566,157491982.715,157496919.577,158438164,1,false
idle,7567,157512142.253,157517263.178,158458308,1,false
idle,7568,157532464.197,157533841.831,158478612,1,false
idle,7569,157553024.245,157558198.005,158499156,1,false
idle,7570,157573360.591,157574562.830,158519468,1,false
idle,7571,157593746.668,157595215.914,158539832,1,false
idle,7572,157614481.714,157620121.636,158560552,1,false
idle,7573,157634529.524,157636762.711,158580576,1,false
idle,7574,157655082.117,157656687.806,158601096,1,false
idle,7575,157675893.903,157681040.715,158621900,1,false
idle,7576,157696222.493,157697667.219,158642220,1,false
idle,7577,157716872.901,157722181.609,158662836,1,false
idle,7578,157737506.573,157742593.954,158683464,1,false
idle,7579,157757815.818,157763160.050,158703748,1,false
idle,7580,157778389.617,157783509.601,158724296,1,false
idle,7581,157798677.146,157799919.260,158744568,1,false
idle,7582,157819097.048,157820552.821,158764968,1,false
idle,7583,157839733.899,157845083.299,158785576,1,false
idle,7584,157860518.281,157865405.560,158806348,1,false
idle,7585,157880541.630,157881812.824,158826420,1,false
idle,7586,157901019.644,157902280.896,158846808,1,false
idle,7587,157921494.141,157922907.923,158867264,1,false
idle,7588,157942102.779,157943159.195,158887848,1,false
idle,7589,157962337.607,157963666.285,158908060,1,false
idle,7590,157982908.901,157984098.398,158928612,1,false
idle,7591,158003269.408,158004582.255,158948960,1,false
idle,7592,158023744.152,158025151.044,158969412,1,false
idle,7593,158044303.427,158045634.291,158989952,1,false
idle,7594,158064820.301,158066272.780,159010440,1,false
idle,7595,158085456.065,158086785.103,159031060,1,false
idle,7596,158105972.251,158111329.617,159051568,1,false
idle,7597,158126510.270,158131883.983,159072088,1,false
idle,7598,158147094.044,158152194.816,159092648,1,false
idle,7599,158167482.402,158172711.250,159113008,1,false
idle,7600,158187920.535,158192959.016,159133428,1,false
idle,7601,158208136.239,158209371.664,159153624,1,false
idle,7602,158228551.290,158229922.518,159174076,1,false
idle,7603,158249091.764,158250512.044,159194532,1,false
idle,7604,158269698.927,158270965.166,159215124,1,false
idle,7605,158290196.338,158291470.489,159235600,1,false
idle,7606,158310704.994,158311842.549,159256088,1,false
idle,7607,158331068.291,158332243.839,159276436,1,false
idle,7608,158351411.321,158352826.456,159296760,1,false
idle,7609,158372004.159,158373286.110,159317328,1,false
idle,7610,158392476.469,158393900.508,159337780,1,false
idle,7611,158413070.132,158414205.184,159358360,1,false
idle,7612,158433412.384,158435497.739,159378676,1,false
idle,7613,158454019.575,158455393.792,159399264,1,false
idle,7614,158474847.845,158479777.547,159420072,1,false
idle,7615,158494881.070,158496238.254,159440084,1,false
idle,7616,158515412.677,158516805.709,159460604,1,false
idle,7617,158536358.996,158541373.774,159481520,1,false
idle,7618,158556554.974,158561691.496,159501748,1,false
idle,7619,158576855.280,158578072.408,159521980,1,false
idle,7620,158597279.771,158598620.416,159542388,1,false
idle,7621,158617844.754,158619197.759,159562936,1,false
idle,7622,158638365.458,158639715.704,159583428,1,false
idle,7623,158658931.982,158664242.298,159603980,1,false
idle,7624,158679456.426,158684708.845,159624480,1,false
idle,7625,158699937.730,158705054.698,159644936,1,false
idle,7626,158720351.372,158725517.399,159665332,1,false
idle,7627,158740748.548,158741922.968,159685712,1,false
idle,7628,158761115.967,158762469.515,159706060,1,false
idle,7629,158781671.655,158782927.812,159726600,1,false
idle,7630,158802113.538,158803490.241,159747012,1,false
idle,7631,158822683.999,158823954.117,159767572,1,false
idle,7632,158843136.037,158844454.231,159788000,1,false
idle,7633,158863644.180,158864953.268,159808484,1,false
idle,7634,158884157.627,158885365.291,159828984,1,false
idle,7635,158904604.530,158905758.436,159849416,1,false
idle,7636,158924943.124,158926417.870,159869724,1,false
idle,7637,158945608.205,158950873.530,159890368,1,false
idle,7638,158966102.080,158971357.975,159910848,1,false
idle,7639,158986537.381,158991854.917,159931328,1,false
idle,7640,159007055.035,159012693.681,159951760,1,false
idle,7641,159027970.306,159033505.315,159972652,1,false
idle,7642,159048771.378,159053714.235,159993432,1,false
idle,7643,159069146.626,159074190.815,160013792,1,false
idle,7644,159089391.554,159094297.959,160034020,1,false
idle,7645,159109450.524,159114782.644,160054056,1,false
idle,7646,159129970.959,159135119.314,160074560,1,false
idle,7647,159150605.550,159155597.061,160095172,1,false
idle,7648,159171088.334,159176062.763,160115632,1,false
idle,7649,159191257.758,159192481.866,160135780,1,false
idle,7650,159212236.304,159217016.169,160156736,1,false
idle,7651,159233189.789,159237622.082,160177668,1,false
idle,7652,159253831.830,159258750.263,160198292,1,false
idle,7653,159274156.318,159279028.819,160218600,1,false
idle,7654,159294171.850,159299170.342,160238600,1,false
idle,7655,159314367.045,159319575.756,160258768,1,false
idle,7656,159334775.920,159339980.182,160279160,1,false
idle,7657,159355177.170,159356403.135,160299536,1,false
idle,7658,159375629.907,159376847.443,160319976,1,false
idle,7659,159396047.047,159397438.660,160340372,1,false
idle,7660,159416633.608,159421971.432,160360936,1,false
idle,7661,159437164.404,159442435.873,160381440,1,false
idle,7662,159457625.361,159462914.807,160401888,1,false
idle,7663,159478120.573,159483441.890,160422360,1,false
idle,7664,159498638.929,159503829.821,160442860,1,false
idle,7665,159519017.094,159520221.392,160463220,1,false
idle,7666,159539396.404,159540830.863,160483580,1,false
idle,7667,159560024.177,159565055.141,160504184,1,false
idle,7668,159580204.972,159581561.218,160524348,1,false
idle,7669,159600756.676,159602049.825,160544880,1,false
idle,7670,159621221.809,159622465.384,160565320,1,false
idle,7671,159641641.928,159642941.702,160585724,1,false
idle,7672,159662135.743,159663516.720,160606192,1,false
idle,7673,159682691.842,159683895.418,160626736,1,false
idle,7674,159703078.220,159704477.825,160647096,1,false
idle,7675,159723709.080,159725118.349,160667708,1,false
idle,7676,159744310.220,159749540.416,160688292,1,false
idle,7677,159764744.292,159765895.724,160708700,1,false
idle,7678,159785089.793,159786560.947,160729040,1,false
idle,7679,159805726.341,159806850.021,160749648,1,false
idle,7680,159826007.790,159827238.996,160769912,1,false
idle,7681,159846516.116,159847716.695,160790400,1,false
idle,7682,159866894.638,159868456.337,160810752,1,false
idle,7683,159887765.402,159893027.023,160831608,1,false
idle,7684,159908284.197,159913409.499,160852100,1,false
idle,7685,159928579.756,159929762.222,160872396,1,false
idle,7686,159948911.463,159950192.959,160892688,1,false
idle,7687,159969342.062,159970803.555,160913104,1,false
idle,7688,159990094.720,159995690.759,160933840,1,false
idle,7689,160010890.168,160015928.763,160954612,1,false
idle,7690,160031362.196,160036721.019,160975056,1,false
idle,7691,160052285.341,160057161.134,160995960,1,false
idle,7692,160072330.876,160077681.060,161015980,1,false
idle,7693,160092887.152,160097705.045,161036524,1,false
idle,7694,160114032.877,160118991.242,161057656,1,false
idle,7695,160134323.068,160139138.753,161077912,1,false
idle,7696,160154450.306,160159674.251,161098028,1,false
idle,7697,160174896.129,160179690.298,161118456,1,false
idle,7698,160195890.549,160200189.554,161139424,1,false
idle,7699,160216339.154,160220600.891,161159860,1,false
idle,7700,160236793.403,160241076.363,161180292,1,false
idle,7701,160257363.289,160261910.157,161200844,1,false
idle,7702,160278507.506,160282433.044,161221968,1,false
idle,7703,160298872.295,160302964.280,161242312,1,false
idle,7704,160319183.081,160322977.367,161262604,1,false
idle,7705,160340156.183,160343426.703,161283548,1,false
idle,7706,160360580.845,160363868.509,161303968,1,false
idle,7707,160381043.998,160384497.808,161324396,1,false
idle,7708,160401683.098,160404917.409,161345024,1,false
idle,7709,160422117.213,160425359.552,161365440,1,false
idle,7710,160442800.719,160446194.633,161386096,1,false
idle,7711,160463704.106,160466731.122,161406984,1,false
idle,7712,160484210.390,160486930.820,161427472,1,false
idle,7713,160505298.608,160507391.334,161448528,1,false
idle,7714,160525595.962,160527988.602,161468808,1,false
idle,7715,160546567.372,160548759.569,161489788,1,false
idle,7716,160567273.771,160569197.327,161510440,1,false
idle,7717,160587398.279,160589717.545,161530552,1,false
idle,7718,160608174.396,160610156.381,161551304,1,false
idle,7719,160628687.152,160631035.917,161571800,1,false
idle,7720,160649346.973,160651102.975,161592440,1,false
idle,7721,160670363.050,160675643.414,161613432,1,false
idle,7722,160691119.496,160696158.026,161634172,1,false
idle,7723,160711705.261,160717005.137,161654740,1,false
idle,7724,160732484.311,160737109.504,161675500,1,false
idle,7725,160753495.527,160757570.788,161696488,1,false
idle,7726,160773936.766,160778137.499,161716904,1,false
idle,7727,160794701.547,160798624.026,161737648,1,false
idle,7728,160815177.314,160818633.986,161758104,1,false
idle,7729,160835843.576,160839069.327,161778752,1,false
idle,7730,160856260.006,160859601.514,161799144,1,false
idle,7731,160877214.354,160880490.236,161820088,1,false
idle,7732,160897897.946,160900840.961,161840748,1,false
idle,7733,160918088.622,160920997.164,161860920,1,false
idle,7734,160938196.282,160941480.466,161881004,1,false
idle,7735,160958677.396,160962007.064,161901472,1,false
idle,7736,160979209.625,160982363.952,161921980,1,false
idle,7737,160999557.714,161002900.952,161942348,1,false
idle,7738,161020090.813,161023855.757,161962824,1,false
idle,7739,161041214.310,161044338.409,161983932,1,false
idle,7740,161061635.235,161065026.959,162004320,1,false
idle,7741,161082509.658,161085499.873,162025184,1,false
idle,7742,161102970.399,161105356.404,162045620,1,false
idle,7743,161123589.453,161125799.777,162066224,1,false
idle,7744,161144003.660,161146167.610,162086608,1,false
idle,7745,161164350.878,161166769.731,162106936,1,false
idle,7746,161184975.060,161187230.202,162127540,1,false
idle,7747,161205801.714,161208122.789,162148340,1,false
idle,7748,161226548.251,161229019.314,162169124,1,false
idle,7749,161247334.249,161248769.278,162189824,1,false
idle,7750,161267991.365,161273172.410,162210480,1,false
idle,7751,161288363.397,161289622.218,162230832,1,false
idle,7752,161308845.511,161310089.804,162251292,1,false
idle,7753,161329299.025,161330553.443,162271728,1,false
idle,7754,161349832.104,161351205.474,162292236,1,false
idle,7755,161370702.954,161376045.541,162313092,1,false
idle,7756,161391416.512,161396149.153,162333780,1,false
idle,7757,161411582.646,161416736.993,162353940,1,false
idle,7758,161432277.647,161437107.401,162374608,1,false
idle,7759,161452340.769,161457943.678,162394632,1,false
idle,7760,161472417.617,161474155.233,162414704,1,false
idle,7761,161493414.684,161498506.535,162435680,1,false
idle,7762,161513740.182,161519034.114,162455988,1,false
idle,7763,161534263.161,161539607.139,162476484,1,false
idle,7764,161555110.948,161560019.280,162497312,1,false
idle,7765,161575152.478,161580462.620,162517340,1,false
idle,7766,161595685.000,161600967.517,162537852,1,false
idle,7767,161616193.899,161621445.074,162558340,1,false
idle,7768,161636678.938,161641941.149,162578808,1,false
idle,7769,161657231.227,161662237.197,162599336,1,false
idle,7770,161677438.600,161678573.350,162619520,1,false
idle,7771,161697777.930,161699067.329,162639844,1,false
idle,7772,161718226.310,161719611.277,162660268,1,false
idle,7773,161738772.804,161740154.125,162680804,1,false
idle,7774,161759645.534,161764736.465,162701656,1,false
idle,7775,161779895.470,161781125.536,162721876,1,false
idle,7776,161800354.853,161801614.514,162742312,1,false
idle,7777,161820789.105,161822010.463,162762736,1,false
idle,7778,161841189.677,161842399.524,162783116,1,false
idle,7779,161861545.977,161862876.444,162803500,1,false
idle,7780,161882045.262,161883481.028,162823928,1,false
idle,7781,161902668.633,161904017.614,162844528,1,false
idle,7782,161923225.044,161924476.319,162865068,1,false
idle,7783,161943754.702,161949010.307,162885580,1,false
idle,7784,161964166.306,161965411.829,162905972,1,false
idle,7785,161984563.418,161985906.093,162926380,1,false
idle,7786,162005073.608,162006374.983,162946840,1,false
idle,7787,162025832.182,162031010.661,162967576,1,false
idle,7788,162046203.547,162051909.901,162987924,1,false
idle,7789,162067316.898,162071989.919,163009008,1,false
idle,7790,162088184.655,162092361.633,163029864,1,false
idle,7791,162108527.644,162112852.495,163050248,1,false
idle,7792,162129005.574,162133247.025,163070648,1,false
idle,7793,162149430.140,162153841.053,163091052,1,false
idle,7794,162170037.789,162174282.403,163111636,1,false
idle,7795,162190455.900,162194675.116,163132036,1,false
idle,7796,162210839.008,162215164.272,163152408,1,false
idle,7797,162231615.878,162235731.976,163173156,1,false
idle,7798,162251948.137,162256242.171,163193472,1,false
idle,7799,162272439.437,162276661.463,163213944,1,false
idle,7800,162292844.444,162297181.889,163234328,1,false
idle,7801,162313336.662,162317563.834,163254804,1,false
idle,7802,162333739.874,162338083.791,163275188,1,false
idle,7803,162354373.909,162358588.731,163295792,1,false
idle,7804,162374776.855,162379436.242,163316180,1,false
idle,7805,162395877.069,162400056.761,163337260,1,false
idle,7806,162416339.681,162420149.791,163357688,1,false
idle,7807,162437347.385,162440483.400,163378692,1,false
idle,7808,162457665.520,162461019.288,163398984,1,false
idle,7809,162478209.440,162481486.069,163419512,1,false
idle,7810,162498940.687,162502455.051,163440216,1,false
idle,7811,162519927.593,162522832.059,163461184,1,false
idle,7812,162540277.482,162543638.196,163481516,1,false
idle,7813,162561425.954,162563850.238,163502648,1,false
idle,7814,162582485.688,162584370.977,163523684,1,false
idle,7815,162602794.209,162604970.387,163543964,1,false
idle,7816,162623464.405,162625463.506,163564624,1,false
idle,7817,162643692.717,162645302.040,163584836,1,false
idle,7818,162664484.153,162665674.946,163605604,1,false
idle,7819,162684827.402,162686126.118,163625924,1,false
idle,7820,162705282.962,162706660.611,163646364,1,false
idle,7821,162725847.599,162727169.138,163666904,1,false
idle,7822,162746424.944,162748234.583,163687460,1,false
idle,7823,162766712.109,162769037.269,163707732,1,false
idle,7824,162787363.218,162788790.128,163728360,1,false
idle,7825,162807964.530,162809082.747,163748940,1,false
idle,7826,162828250.406,162829527.333,163769212,1,false
idle,7827,162848718.947,162850034.043,163789660,1,false
idle,7828,162869216.932,162870704.961,163810132,1,false
idle,7829,162890295.900,162895688.878,163831192,1,false
idle,7830,162910953.537,162916048.505,163851828,1,false
idle,7831,162931502.491,162936856.295,163872364,1,false
idle,7832,162952338.448,162956940.052,163893164,1,false
idle,7833,162973394.323,162977676.025,163914204,1,false
idle,7834,162994351.677,162997879.760,163935128,1,false
idle,7835,163015523.398,163018378.701,163956364,1,false
idle,7836,163035830.257,163038891.853,163976576,1,false
idle,7837,163056397.413,163059500.244,163997128,1,false
idle,7838,163076964.448,163079600.228,164017672,1,false
idle,7839,163097007.291,163100267.222,164037696,1,false
idle,7840,163117857.734,163120489.230,164058508,1,false
idle,7841,163138685.560,163140968.791,164079340,1,false
idle,7842,163159167.244,163161323.633,164099796,1,false
idle,7843,163179546.190,163181794.557,164120208,1,false
idle,7844,163200002.381,163202285.602,164140592,1,false
idle,7845,163220627.569,163222890.512,164161196,1,false
idle,7846,163241086.336,163243380.378,164181640,1,false
idle,7847,163261570.744,163263780.417,164202120,1,false
idle,7848,163282001.778,163284225.284,164222516,1,false
idle,7849,163302424.454,163304750.493,164242920,1,false
idle,7850,163322978.713,163325158.242,164263444,1,false
idle,7851,163343370.611,163345741.204,164283828,1,false
idle,7852,163363935.588,163366227.023,164304364,1,false
idle,7853,163384444.780,163386665.212,164324856,1,false
idle,7854,163405132.070,163407138.354,164345520,1,false
idle,7855,163425356.532,163427518.471,164365724,1,false
idle,7856,163445707.872,163448011.593,164386068,1,false
idle,7857,163466210.000,163468502.827,164406544,1,false
idle,7858,163487018.437,163489114.063,164427332,1,false
idle,7859,163507320.315,163509573.823,164447600,1,false
idle,7860,163527786.014,163530067.058,164468060,1,false
idle,7861,163548360.844,163550535.751,164488612,1,false
idle,7862,163568726.366,163570997.710,164508960,1,false
idle,7863,163589512.429,163591520.770,164529724,1,false
idle,7864,163609711.793,163611953.567,164549900,1,false
idle,7865,163630159.962,163632441.200,164570332,1,false
idle,7866,163650642.132,163652900.767,164590792,1,false
idle,7867,163671097.745,163673360.859,164611228,1,false
idle,7868,163691646.425,163693924.993,164631760,1,false
idle,7869,163712109.213,163714265.390,164652196,1,false
idle,7870,163732417.026,163734659.809,164672488,1,false
idle,7871,163752808.189,163755315.031,164692864,1,false
idle,7872,163773769.128,163776219.908,164713804,1,false
idle,7873,163794698.493,163796646.199,164734712,1,false
idle,7874,163815153.781,163816785.744,164755140,1,false
idle,7875,163835192.971,163837459.803,164775160,1,false
idle,7876,163855970.003,163857833.823,164795920,1,false
idle,7877,163875983.072,163878146.690,164815908,1,false
idle,7878,163896612.097,163898781.727,164836516,1,false
idle,7879,163916990.594,163919066.381,164856876,1,false
idle,7880,163937266.628,163939447.080,164877136,1,false
idle,7881,163957631.756,163959967.198,164897480,1,false
idle,7882,163978220.275,163980554.318,164918052,1,false
idle,7883,163998767.202,164001059.610,164938576,1,false
idle,7884,164019232.638,164021419.354,164959020,1,false
idle,7885,164039716.881,164041902.247,164979492,1,false
idle,7886,164060056.320,164062411.452,164999804,1,false
idle,7887,164080578.531,164082889.855,165020312,1,false
idle,7888,164101067.614,164103372.122,165040776,1,false
idle,7889,164121559.510,164123901.916,165061272,1,false
idle,7890,164142104.979,164144331.156,165081772,1,false
idle,7891,164162521.205,164164869.211,165102236,1,false
idle,7892,164183053.336,164185397.869,165122680,1,false
idle,7893,164203580.103,164206241.427,165143196,1,false
idle,7894,164224445.614,164226251.280,165164040,1,false
idle,7895,164245464.605,164246742.529,165185032,1,false
idle,7896,164265933.499,164267269.204,165205484,1,false
idle,7897,164286422.325,164287661.437,165225952,1,false
idle,7898,164306833.914,164308077.328,165246336,1,false
idle,7899,164327229.966,164328554.076,165266720,1,false
idle,7900,164347749.409,164349032.574,165287216,1,false
idle,7901,164368232.385,164369585.361,165307684,1,false
idle,7902,164388762.608,164390229.819,165328192,1,false
idle,7903,164409419.446,164410762.155,165348828,1,false
idle,7904,164429948.314,164435289.616,165369336,1,false
idle,7905,164450494.054,164455684.098,165389872,1,false
idle,7906,164470872.053,164471996.210,165410212,1,false
idle,7907,164491185.326,164492492.551,165430516,1,false
idle,7908,164511684.609,164512970.299,165450992,1,false
idle,7909,164532167.410,164533509.503,165471448,1,false
idle,7910,164552703.970,164554065.832,165491976,1,false
idle,7911,164573262.055,164574393.516,165512508,1,false
idle,7912,164593582.125,164594778.445,165532816,1,false
idle,7913,164613929.466,164615253.927,165553132,1,false
idle,7914,164634421.126,164635882.821,165573612,1,false
idle,7915,164655077.512,164656462.687,165594252,1,false
idle,7916,164675647.279,164676984.910,165614800,1,false
idle,7917,164696464.042,164701461.350,165635588,1,false
idle,7918,164716654.511,164722280.962,165655764,1,false
idle,7919,164737522.119,164742365.515,165676672,1,false
idle,7920,164758557.972,164763003.723,165697652,1,false
idle,7921,164779497.829,164783783.435,165718548,1,false
idle,7922,164800289.908,164804273.719,165739308,1,false
idle,7923,164820747.351,164824956.783,165759756,1,false
idle,7924,164841528.360,164845456.270,165780572,1,false
idle,7925,164861940.817,164865684.524,165800904,1,false
idle,7926,164882080.452,164886225.460,165821016,1,false
idle,7927,164902691.748,164906969.718,165841612,1,false
idle,7928,164923518.087,164927134.721,165862488,1,false
idle,7929,164944524.803,164947721.978,165883464,1,false
idle,7930,164965337.142,164967800.741,165904188,1,false
idle,7931,164986279.238,164988362.643,165925124,1,false
idle,7932,165006826.554,165008752.669,165945656,1,false
idle,7933,165027154.221,165029277.102,165965952,1,false
idle,7934,165047760.201,165050051.964,165986536,1,false
idle,7935,165068547.673,165070980.133,166007344,1,false
idle,7936,165089513.301,165094728.373,166028252,1,false
idle,7937,165110208.684,165115669.534,166048928,1,false
idle,7938,165131331.684,165135950.425,166070016,1,false
idle,7939,165151489.428,165156853.079,166090164,1,false
idle,7940,165172435.832,165176613.873,166111092,1,false
idle,7941,165192834.761,165197107.137,166131468,1,false
idle,7942,165213573.905,165217574.949,166152212,1,false
idle,7943,165233772.134,165238051.999,166172372,1,false
idle,7944,165254506.707,165258530.796,166193088,1,false
idle,7945,165274744.568,165279051.704,166213300,1,false
idle,7946,165295353.314,165299502.174,166233896,1,false
idle,7947,165315885.360,165319973.915,166254404,1,false
idle,7948,165336471.841,165340377.441,166274964,1,false
idle,7949,165356487.436,165360765.387,166294976,1,false
idle,7950,165376918.793,165381174.863,166315380,1,false
idle,7951,165397365.763,165401812.911,166335804,1,false
idle,7952,165418028.462,165422227.222,166356444,1,false
idle,7953,165438425.778,165442731.112,166376828,1,false
idle,7954,165458909.338,165463217.526,166397288,1,false
idle,7955,165479416.336,165484132.080,166417776,1,false
idle,7956,165499587.233,165504967.683,166437920,1,false
idle,7957,165520503.267,165524891.416,166458824,1,false
idle,7958,165541358.265,165545645.201,166479652,1,false
idle,7959,165562237.074,165565782.805,166500512,1,false
idle,7960,165583003.679,165586193.951,166521260,1,false
idle,7961,165603360.715,165607076.047,166541592,1,false
idle,7962,165623507.856,165627617.119,166561720,1,false
idle,7963,165643851.980,165647637.254,166582052,1,false
idle,7964,165664815.364,165667905.739,166602992,1,false
idle,7965,165685057.034,165688421.872,166623216,1,false
idle,7966,165705586.716,165708857.253,166643728,1,false
idle,7967,165726029.306,165729466.517,166664140,1,false
idle,7968,165746659.008,165750024.726,166684756,1,false
idle,7969,165767238.403,165770503.848,166705312,1,false
idle,7970,165787685.237,165790872.770,166725744,1,false
idle,7971,165808152.511,165811363.156,166746192,1,false
idle,7972,165828560.005,165831729.600,166766608,1,false
idle,7973,165848919.385,165852194.448,166786920,1,false
idle,7974,165869337.315,165872693.305,166807312,1,false
idle,7975,165889842.860,165893238.253,166827804,1,false
idle,7976,165910394.739,165913740.153,166848328,1,false
idle,7977,165930929.887,165934264.396,166868844,1,false
idle,7978,165951759.137,165955436.621,166889652,1,false
idle,7979,165971852.349,165975673.061,166909732,1,false
idle,7980,165992924.757,165995777.975,166930776,1,false
idle,7981,166012926.231,166016116.819,166950760,1,false
idle,7982,166033290.836,166036646.254,166971108,1,false
idle,7983,166053795.253,166057062.009,166991588,1,false
idle,7984,166074206.627,166077572.862,167011980,1,false
idle,7985,166094744.188,166098115.832,167032500,1,false
idle,7986,166115336.812,166118696.709,167053076,1,false
idle,7987,166135878.504,166139155.145,167073596,1,false
idle,7988,166156447.498,166159659.920,167094148,1,false
idle,7989,166177135.033,166180031.491,167114808,1,false
idle,7990,166197178.637,166200499.635,167134836,1,false
idle,7991,166217684.016,166220956.060,167155320,1,false
idle,7992,166238579.912,166241793.316,167176200,1,false
idle,7993,166259474.342,166262392.641,167197064,1,false
idle,7994,166279976.361,166282959.188,167217544,1,false
idle,7995,166300357.429,166303492.967,167237908,1,false
idle,7996,166320720.918,166323345.250,167258248,1,false
idle,7997,166341623.175,166343877.881,167279136,1,false
idle,7998,166362078.935,166364264.574,167299576,1,false
idle,7999,166382418.209,166384867.958,167319892,1,false
idle,8000,166403049.858,166405286.214,167340504,1,false
idle,8001,166423414.578,166425642.205,167360844,1,false
idle,8002,166443840.002,166446094.642,167381248,1,false
idle,8003,166464284.286,166466713.625,167401676,1,false
idle,8004,166484908.953,166487173.327,167422272,1,false
idle,8005,166505691.686,166507734.798,167443044,1,false
idle,8006,166526190.448,166528994.479,167463524,1,false
idle,8007,166547372.422,166548984.089,167484684,1,false
idle,8008,166567407.752,166569674.120,167504696,1,false
idle,8009,166588143.425,166589763.024,167525400,1,false
idle,8010,166608959.609,166614280.397,167546208,1,false
idle,8011,166629497.682,166634717.078,167566732,1,false
idle,8012,166649890.259,166655184.220,167587104,1,false
idle,8013,166670362.888,166675527.692,167607556,1,false
idle,8014,166690723.637,166691945.369,167627892,1,false
idle,8015,166711386.687,166716585.781,167648536,1,false
idle,8016,166731779.368,166732979.724,167668912,1,false
idle,8017,166752205.686,166753556.958,167689316,1,false
idle,8018,166772987.351,166778138.849,167710076,1,false
idle,8019,166793362.420,166798573.154,167730432,1,false
idle,8020,166813828.696,166819046.691,167750880,1,false
idle,8021,166834281.520,166839510.520,167771316,1,false
idle,8022,166854699.589,166859897.168,167791708,1,false
idle,8023,166875195.060,166880353.698,167812180,1,false
idle,8024,166895543.666,166896758.414,167832544,1,false
idle,8025,166915956.490,166917368.320,167852908,1,false
idle,8026,166936851.285,166941959.758,167873776,1,false
idle,8027,166957158.188,166962443.650,167894068,1,false
idle,8028,166977667.858,166982729.657,167914556,1,false
idle,8029,166997916.934,166999152.177,167934780,1,false
idle,8030,167018351.265,167019519.374,167955204,1,false
idle,8031,167038703.731,167040233.083,167975536,1,false
idle,8032,167059637.912,167065180.426,167996444,1,false
idle,8033,167080373.869,167085284.050,168017160,1,false
idle,8034,167100405.592,167101719.508,168037172,1,false
idle,8035,167120902.220,167126275.296,168057656,1,false
idle,8036,167141661.688,167146804.192,168078384,1,false
idle,8037,167161993.000,167167003.697,168098696,1,false
idle,8038,167182181.429,167183589.286,168118868,1,false
idle,8039,167202797.500,167204101.308,168139460,1,false
idle,8040,167223291.779,167224545.909,168159940,1,false
idle,8041,167243991.290,167249107.925,168180616,1,false
idle,8042,167264326.404,167269576.931,168200924,1,false
idle,8043,167284846.650,167290040.621,168221440,1,false
idle,8044,167305260.305,167310500.276,168241832,1,false
idle,8045,167325700.780,167330949.775,168262252,1,false
idle,8046,167346198.501,167351398.175,168282724,1,false
idle,8047,167366605.469,167367953.022,168303112,1,false
idle,8048,167387151.526,167392596.171,168323644,1,false
idle,8049,167408085.285,167413297.851,168344552,1,false
idle,8050,167428899.332,167433837.757,168365340,1,false
idle,8051,167449125.845,167453972.393,168385560,1,false
idle,8052,167470199.871,167474360.860,168406608,1,false
idle,8053,167490573.860,167494800.773,168426964,1,false
idle,8054,167511010.868,167515746.253,168447376,1,false
idle,8055,167531195.395,167536226.170,168467544,1,false
idle,8056,167551723.717,167556613.211,168488052,1,false
idle,8057,167572043.742,167577155.287,168508344,1,false
idle,8058,167592642.355,167597287.532,168528928,1,false
idle,8059,167613489.725,167617773.505,168549764,1,false
idle,8060,167634259.406,167638184.492,168570508,1,false
idle,8061,167654315.849,167658793.008,168590528,1,false
idle,8062,167675318.231,167679315.171,168611512,1,false
idle,8063,167695573.920,167700046.864,168631756,1,false
idle,8064,167716550.805,167721039.298,168652736,1,false
idle,8065,167737560.942,167740957.645,168673724,1,false
idle,8066,167758469.199,167761628.681,168694588,1,false
idle,8067,167779242.535,167781969.083,168715344,1,false
idle,8068,167800287.636,167802114.699,168736372,1,false
idle,8069,167821326.132,167826458.595,168757388,1,false
idle,8070,167841636.190,167842885.471,168777680,1,false
idle,8071,167862071.392,167863350.026,168798100,1,false
idle,8072,167882529.951,167883922.016,168818580,1,false
idle,8073,167903130.595,167904247.682,168839116,1,false
idle,8074,167923459.928,167924903.621,168859424,1,false
idle,8075,167944090.440,167945343.773,168880028,1,false
idle,8076,167964543.000,167965837.598,168900496,1,false
idle,8077,167985042.806,167986221.475,168920940,1,false
idle,8078,168005422.693,168006731.177,168941308,1,false
idle,8079,168025905.100,168027294.482,168961768,1,false
idle,8080,168046481.988,168047750.628,168982336,1,false
idle,8081,168066959.362,168068160.192,169002784,1,false
idle,8082,168087383.582,168088808.411,169023180,1,false
idle,8083,168108030.327,168113250.279,169043816,1,false
idle,8084,168128455.742,168129698.424,169064220,1,false
idle,8085,168148920.009,168150164.184,169084660,1,false
idle,8086,168169374.617,168170652.583,169105092,1,false
idle,8087,168189873.290,168191064.942,169125572,1,false
idle,8088,168210263.263,168211579.965,169145948,1,false
idle,8089,168230793.209,168232086.644,169166460,1,false
idle,8090,168251415.654,168256393.996,169187056,1,false
idle,8091,168271492.243,168272842.793,169207120,1,false
idle,8092,168291999.228,168293328.990,169227600,1,false
idle,8093,168312521.707,168313808.087,169248160,1,false
idle,8094,168332971.508,168334298.411,169268532,1,false
idle,8095,168353515.788,168354764.513,169289044,1,false
idle,8096,168373943.893,168375372.689,169309468,1,false
idle,8097,168394550.857,168395913.277,169330076,1,false
idle,8098,168415112.583,168416390.890,169350596,1,false
idle,8099,168435601.174,168436880.306,169371064,1,false
idle,8100,168456050.399,168457452.332,169391488,1,false
idle,8101,168476655.434,168481952.512,169412080,1,false
idle,8102,168497127.926,168502350.614,169432524,1,false
idle,8103,168517571.117,168518869.989,169452952,1,false
idle,8104,168538051.456,168539328.557,169473416,1,false
idle,8105,168558524.163,168563883.645,169493920,1,false
idle,8106,168579112.151,168584981.561,169514436,1,false
idle,8107,168599373.731,168601032.121,169534668,1,false
idle,8108,168619441.681,168621654.779,169554724,1,false
idle,8109,168640142.115,168641720.071,169575400,1,false
idle,8110,168660930.291,168662196.597,169596168,1,false
idle,8111,168681359.317,168682669.544,169616576,1,false
idle,8112,168701872.204,168703129.466,169637072,1,false
idle,8113,168722394.864,168727680.642,169657568,1,false
idle,8114,168742869.137,168748509.539,169678024,1,false
idle,8115,168763718.883,168768714.697,169698860,1,false
idle,8116,168783916.936,168789158.204,169719032,1,false
idle,8117,168804331.568,168809597.040,169739424,1,false
idle,8118,168824773.386,168829855.750,169759856,1,false
idle,8119,168845069.491,168846349.314,169780128,1,false
idle,8120,168865519.460,168866884.364,169800616,1,false
idle,8121,168886543.201,168891822.729,169821592,1,false
idle,8122,168907333.072,168912288.495,169842328,1,false
idle,8123,168927817.280,168932818.341,169862800,1,false
idle,8124,168948091.684,168953525.436,169883048,1,false
idle,8125,168969174.972,168973841.800,169904108,1,false
idle,8126,168989346.887,168993977.207,169924204,1,false
idle,8127,169010172.257,169014303.309,169945072,1,false
idle,8128,169030623.442,169034854.403,169965496,1,false
idle,8129,169051044.642,169055333.031,169985904,1,false
idle,8130,169071542.325,169075731.612,170006408,1,false
idle,8131,169091949.388,169096348.502,170026764,1,false
idle,8132,169112531.483,169116929.680,170047368,1,false
idle,8133,169133491.871,169137593.667,170068268,1,false
idle,8134,169154076.343,169158140.318,170088832,1,false
idle,8135,169174690.801,169179004.789,170109436,1,false
idle,8136,169195214.790,169198633.111,170129928,1,false
idle,8137,169215795.664,169219053.213,170150488,1,false
idle,8138,169236199.210,169239544.557,170170872,1,false
idle,8139,169257158.934,169260835.766,170191812,1,false
idle,8140,169277218.270,169280893.424,170211848,1,false
idle,8141,169297329.304,169301550.802,170231920,1,false
idle,8142,169317772.279,169321636.941,170252352,1,false
idle,8143,169337766.814,169342119.867,170272336,1,false
idle,8144,169358547.137,169362624.489,170293132,1,false
idle,8145,169378828.731,169383063.300,170313368,1,false
idle,8146,169399563.866,169403588.536,170334084,1,false
idle,8147,169419780.249,169424264.814,170354272,1,false
idle,8148,169440488.810,169444829.288,170374972,1,false
idle,8149,169461092.943,169465376.216,170395548,1,false
idle,8150,169481847.321,169485822.980,170416280,1,false
idle,8151,169502369.806,169506337.876,170436780,1,false
idle,8152,169522872.830,169527001.092,170457268,1,false
idle,8153,169543474.601,169547017.904,170477848,1,false
idle,8154,169564513.460,169567756.605,170498936,1,false
idle,8155,169585028.741,169588300.402,170519356,1,false
idle,8156,169605882.398,169609076.187,170540196,1,false
idle,8157,169626650.107,169629195.710,170560940,1,false
idle,8158,169647443.427,169649678.456,170581712,1,false
idle,8159,169668273.407,169670170.000,170602524,1,false
idle,8160,169688682.353,169690762.544,170622916,1,false
idle,8161,169709343.276,169711155.905,170643536,1,false
idle,8162,169729454.305,169731760.279,170663644,1,false
idle,8163,169750285.373,169751762.857,170684456,1,false
idle,8164,169770962.729,169776300.547,170705112,1,false
idle,8165,169791561.405,169796744.034,170725700,1,false
idle,8166,169811931.448,169816955.406,170746040,1,false
idle,8167,169832136.301,169833380.688,170766232,1,false
idle,8168,169852574.173,169854091.288,170786644,1,false
idle,8169,169873315.653,169878623.031,170807356,1,false
idle,8170,169893842.415,169899704.804,170827868,1,false
idle,8171,169914131.953,169915933.467,170848144,1,false
idle,8172,169934368.908,169936290.598,170868360,1,false
idle,8173,169954793.121,169956483.883,170888760,1,false
idle,8174,169974830.373,169977007.254,170908776,1,false
idle,8175,169995204.983,169997456.895,170929132,1,false
idle,8176,170015655.448,170017914.375,170949568,1,false
idle,8177,170036394.870,170038437.599,170970284,1,false
idle,8178,170056626.351,170058920.839,170990496,1,false
idle,8179,170077113.198,170079670.806,171010960,1,false
idle,8180,170097915.652,170099902.635,171031744,1,false
idle,8181,170118098.209,170120988.922,171051908,1,false
idle,8182,170138472.526,170141167.269,171072260,1,false
idle,8183,170158649.263,170161672.987,171092416,1,false
idle,8184,170179257.961,170181801.468,171112972,1,false
idle,8185,170199984.731,170202145.720,171133708,1,false
idle,8186,170220348.479,170222512.472,171154060,1,false
idle,8187,170240668.808,170242983.244,171174356,1,false
idle,8188,170261144.579,170263473.170,171194816,1,false
idle,8189,170281638.402,170283998.355,171215284,1,false
idle,8190,170302166.944,170304486.166,171235800,1,false
idle,8191,170322669.628,170324922.132,171256276,1,false
idle,8192,170343069.654,170345448.538,171276656,1,false
idle,8193,170363788.895,170365888.394,171297364,1,false
idle,8194,170384076.096,170386494.833,171317624,1,false
idle,8195,170404654.015,170406808.724,171338180,1,false
idle,8196,170424957.085,170427341.969,171358468,1,false
idle,8197,170445485.911,170448007.683,171378980,1,false
idle,8198,170466213.830,170468432.836,171399680,1,false
idle,8199,170486621.001,170488866.700,171420068,1,false
idle,8200,170507037.544,170509415.069,171440468,1,false
idle,8201,170527614.445,170529943.968,171461024,1,false
idle,8202,170548385.679,170550399.027,171481772,1,false
idle,8203,170568591.563,170570866.386,171501960,1,false
idle,8204,170589091.975,170591270.816,171522436,1,false
idle,8205,170609468.873,170611806.386,171542792,1,false
idle,8206,170629994.701,170632285.908,171563300,1,false
idle,8207,170650475.045,170652806.808,171583776,1,false
idle,8208,170671003.192,170673256.503,171604272,1,false
idle,8209,170691439.983,170693550.431,171624688,1,false
idle,8210,170711722.730,170714022.771,171644952,1,false
idle,8211,170732175.896,170734524.041,171665384,1,false
idle,8212,170752703.362,170754994.140,171685896,1,false
idle,8213,170773147.651,170775468.933,171706312,1,false
idle,8214,170793629.781,170795984.237,171726780,1,false
idle,8215,170814177.018,170816627.318,171747304,1,false
idle,8216,170834813.005,170837103.605,171767924,1,false
idle,8217,170855318.630,170857586.889,171788396,1,false
idle,8218,170875767.377,170878073.132,171808828,1,false
idle,8219,170896254.733,170898294.649,171829296,1,false
idle,8220,170916483.849,170918753.742,171849516,1,false
idle,8221,170936942.094,170939358.862,171869952,1,false
idle,8222,170957649.326,170959927.073,171890632,1,false
idle,8223,170978593.979,170980599.149,171911560,1,false
idle,8224,170998818.604,171000666.034,171931764,1,false
idle,8225,171019840.870,171021156.981,171952772,1,false
idle,8226,171040320.545,171041623.791,171973216,1,false
idle,8227,171060810.129,171062203.770,171993700,1,false
idle,8228,171081341.188,171082634.935,172014208,1,false
idle,8229,171101821.132,171103082.909,172034668,1,false
idle,8230,171122271.708,171123617.881,172055100,1,false
idle,8231,171142804.192,171144098.857,172075612,1,false
idle,8232,171163287.470,171164580.026,172096076,1,false
idle,8233,171183758.513,171185091.949,172116528,1,false
idle,8234,171204272.192,171205560.753,172137016,1,false
idle,8235,171224720.864,171225998.774,172157448,1,false
idle,8236,171245155.179,171246490.992,172177864,1,false
idle,8237,171265682.829,171266900.231,172198364,1,false
idle,8238,171286096.437,171287392.198,172218764,1,false
idle,8239,171306587.042,171307966.987,172239236,1,false
idle,8240,171327193.798,171328449.769,172259820,1,false
idle,8241,171347638.872,171348978.025,172280244,1,false
idle,8242,171368251.225,171369424.458,172300836,1,false
idle,8243,171388595.550,171389876.513,172321160,1,false
idle,8244,171409123.463,171410340.165,172341672,1,false
idle,8245,171429519.273,171430837.132,172362096,1,false
idle,8246,171450041.169,171451288.669,172382548,1,false
idle,8247,171470469.615,171471913.277,172402968,1,false
idle,8248,171491115.081,171492370.059,172423580,1,false
idle,8249,171511545.739,171512860.969,172444008,1,false
idle,8250,171532075.050,171533337.212,172464500,1,false
idle,8251,171552544.074,171553797.417,172484976,1,false
idle,8252,171572993.944,171574247.748,172505376,1,false
idle,8253,171593459.074,171594634.784,172525824,1,false
idle,8254,171613932.612,171615148.419,172546288,1,false
idle,8255,171634375.750,171635732.125,172566696,1,false
idle,8256,171654952.367,171656201.708,172587264,1,false
idle,8257,171675578.382,171680761.430,172607868,1,false
idle,8258,171695950.608,171701149.396,172628220,1,false
idle,8259,171716317.102,171717451.919,172648556,1,false
idle,8260,171736628.764,171737918.467,172668848,1,false
idle,8261,171757086.579,171758405.281,172689288,1,false
idle,8262,171777591.148,171779005.444,172709772,1,false
idle,8263,171798189.903,171799500.632,172730356,1,false
idle,8264,171818666.086,171819855.197,172750808,1,false
idle,8265,171839011.666,171840320.513,172771136,1,false
idle,8266,171859526.478,171860906.683,172791664,1,false
idle,8267,171880096.280,171881377.519,172812184,1,false
idle,8268,171900560.057,171901858.203,172832628,1,false
idle,8269,171921052.475,171922357.201,172853100,1,false
idle,8270,171941567.891,171942844.128,172873588,1,false
idle,8271,171962041.049,171963298.146,172894040,1,false
idle,8272,171982478.757,171983660.247,172914464,1,false
idle,8273,172002813.530,172004175.873,172934776,1,false
idle,8274,172023335.644,172024622.460,172955276,1,false
idle,8275,172043782.559,172045103.333,172975712,1,false
idle,8276,172064337.169,172065652.792,172996240,1,false
idle,8277,172084816.001,172086078.857,173016692,1,false
idle,8278,172105251.656,172106634.202,173037116,1,false
idle,8279,172125790.818,172127019.082,173057632,1,false
idle,8280,172146177.295,172147533.017,173078000,1,false
idle,8281,172166682.688,172167995.085,173098488,1,false
idle,8282,172187159.670,172188467.930,173118940,1,false
idle,8283,172207617.068,172208973.948,173139376,1,false
idle,8284,172228142.467,172229428.930,173159880,1,false
idle,8285,172248606.357,172249905.257,173180332,1,false
idle,8286,172269068.749,172270464.100,173200772,1,false
idle,8287,172289643.025,172290878.032,173221324,1,false
idle,8288,172310039.842,172311365.468,173241700,1,false
idle,8289,172330524.650,172331850.788,173262208,1,false
idle,8290,172351028.133,172352335.601,173282652,1,false
idle,8291,172371495.868,172372810.048,173303168,1,false
idle,8292,172391965.154,172393280.408,173323544,1,false
idle,8293,172412490.473,172413855.091,173344052,1,false
idle,8294,172433030.124,172434243.102,173364572,1,false
idle,8295,172453544.890,172454705.915,173385080,1,false
idle,8296,172473862.778,172475191.641,173405364,1,false
idle,8297,172494632.904,172496110.050,173426112,1,false
idle,8298,172515312.046,172520296.744,173446772,1,false
idle,8299,172535487.077,172536624.818,173466924,1,false
idle,8300,172555773.542,172557139.691,173487192,1,false
idle,8301,172576283.722,172577701.231,173507684,1,false
idle,8302,172596842.813,172598121.725,173528228,1,false
idle,8303,172617292.198,172618717.851,173548656,1,false
idle,8304,172638223.735,172643594.382,173569564,1,false
idle,8305,172659117.070,172664136.435,173590432,1,false
idle,8306,172679467.106,172684927.639,173610764,1,false
idle,8307,172700525.771,172705354.616,173631836,1,false
idle,8308,172720765.296,172725177.192,173651996,1,false
idle,8309,172741364.106,172745572.908,173672600,1,false
idle,8310,172761731.362,172766086.082,173692956,1,false
idle,8311,172782234.167,172786579.865,173713436,1,false
idle,8312,172802730.665,172807003.326,173733912,1,false
idle,8313,172823161.792,172827564.089,173754324,1,false
idle,8314,172843736.343,172848087.717,173774880,1,false
idle,8315,172864275.966,172868367.643,173795392,1,false
idle,8316,172884518.958,172888877.532,173815664,1,false
idle,8317,172905054.519,172909464.103,173836136,1,false
idle,8318,172925654.500,172930056.297,173856716,1,false
idle,8319,172946257.300,172950562.364,173877300,1,false
idle,8320,172966766.139,172971008.877,173897784,1,false
idle,8321,172987211.730,172991494.449,173918216,1,false
idle,8322,173007652.368,173011787.980,173938636,1,false
idle,8323,173027934.417,173032400.587,173958892,1,false
idle,8324,173048842.694,173053201.607,173979784,1,false
idle,8325,173069697.939,173073330.351,174000612,1,false
idle,8326,173090509.557,173093758.354,174021452,1,false
idle,8327,173110918.365,173114222.499,174041804,1,false
idle,8328,173131357.281,173134758.003,174062208,1,false
idle,8329,173151917.641,173155204.191,174082756,1,false
idle,8330,173172344.773,173175621.086,174103160,1,false
idle,8331,173192773.533,173196048.341,174123572,1,false
idle,8332,173213198.655,173216583.757,174143976,1,false
idle,8333,173233731.138,173237079.787,174164488,1,false
idle,8334,173254232.780,173257565.911,174184968,1,false
idle,8335,173274725.195,173278094.178,174205440,1,false
idle,8336,173295261.429,173298658.323,174225956,1,false
idle,8337,173315860.573,173319090.530,174246536,1,false
idle,8338,173336262.563,173339506.901,174266916,1,false
idle,8339,173356765.417,173359988.642,174287404,1,false
idle,8340,173377221.835,173380435.220,174307840,1,false
idle,8341,173397614.860,173400999.071,174328212,1,false
idle,8342,173418177.742,173421531.722,174348752,1,false
idle,8343,173438729.530,173441955.557,174369292,1,false
idle,8344,173459161.044,173462465.143,174389700,1,false
idle,8345,173479623.356,173482942.549,174410144,1,false
idle,8346,173500100.473,173503383.826,174430592,1,false
idle,8347,173520553.586,173523927.269,174451036,1,false
idle,8348,173541123.896,173544419.914,174471580,1,false
idle,8349,173561578.988,173564835.347,174492016,1,false
idle,8350,173582014.362,173585361.425,174512428,1,false
idle,8351,173602521.090,173605810.353,174532964,1,false
idle,8352,173623004.477,173626294.653,174553376,1,false
idle,8353,173643480.168,173646773.641,174573840,1,false
idle,8354,173663984.354,173667202.161,174594316,1,false
idle,8355,173684363.438,173687791.953,174614676,1,false
idle,8356,173704983.864,173708302.127,174635280,1,false
idle,8357,173725491.629,173728821.730,174655836,1,false
idle,8358,173746044.618,173749228.123,174676300,1,false
idle,8359,173766438.220,173769713.900,174696668,1,false
idle,8360,173786902.034,173790130.233,174717116,1,false
idle,8361,173807452.744,173810589.480,174737588,1,false
idle,8362,173827756.060,173831075.780,174757928,1,false
idle,8363,173848261.300,173851540.623,174778416,1,false
idle,8364,173868711.974,173872034.409,174798844,1,false
idle,8365,173889192.181,173892522.724,174819300,1,false
idle,8366,173909669.237,173912941.207,174839764,1,false
idle,8367,173930089.704,173933479.999,174860168,1,false
idle,8368,173950703.770,173953926.695,174880756,1,false
idle,8369,173971092.640,173974457.534,174901124,1,false
idle,8370,173991619.934,173994915.057,174921632,1,false
idle,8371,174012081.847,174015400.491,174942072,1,false
idle,8372,174032553.542,174035860.545,174962532,1,false
idle,8373,174053004.151,174056390.933,174982952,1,false
idle,8374,174073547.142,174076733.220,175003488,1,false
idle,8375,174093890.577,174097245.490,175023804,1,false
idle,8376,174114433.925,174117620.328,175044324,1,false
idle,8377,174134775.126,174138094.969,175064648,1,false
idle,8378,174155244.265,174158624.522,175085100,1,false
idle,8379,174175769.289,174179058.719,175105608,1,false
idle,8380,174196211.051,174199637.712,175126024,1,false
idle,8381,174216785.494,174220019.780,175146572,1,false
idle,8382,174237368.232,174240630.799,175167144,1,false
idle,8383,174257829.159,174261060.399,175187580,1,false
idle,8384,174278253.389,174281531.819,175207980,1,false
idle,8385,174298740.673,174301932.110,175228456,1,false
idle,8386,174319109.404,174322408.111,175248804,1,false
idle,8387,174339563.655,174342964.455,175269236,1,false
idle,8388,174360161.446,174363465.804,175289812,1,false
idle,8389,174380652.229,174383923.961,175310288,1,false
idle,8390,174401115.641,174404394.466,175330732,1,false
idle,8391,174421578.146,174424901.611,175351164,1,false
idle,8392,174442098.798,174445318.276,175371664,1,false
idle,8393,174462471.935,174465758.139,175392028,1,false
idle,8394,174482917.336,174486230.132,175412452,1,false
idle,8395,174503399.418,174506696.658,175432912,1,false
idle,8396,174523857.088,174527181.107,175453348,1,false
idle,8397,174544477.857,174547698.228,175473952,1,false
idle,8398,174564862.261,174568287.178,175494308,1,false
idle,8399,174585473.834,174588737.229,175514916,1,false
idle,8400,174605948.615,174609136.119,175535356,1,false
idle,8401,174626302.878,174629617.179,175555692,1,false
idle,8402,174646788.181,174650075.327,175576156,1,false
idle,8403,174667274.312,174670614.585,175596628,1,false
idle,8404,174687788.360,174691098.977,175617116,1,false
idle,8405,174708290.741,174711628.619,175637600,1,false
idle,8406,174728818.056,174732125.480,175658108,1,false
idle,8407,174749335.142,174752555.132,175678608,1,false
idle,8408,174769741.156,174773057.940,175698988,1,false
idle,8409,174790244.480,174793501.406,175719476,1,false
idle,8410,174810678.784,174813933.890,175739896,1,false
idle,8411,174831094.015,174834367.634,175760284,1,false
idle,8412,174851538.013,174854873.672,175780728,1,false
idle,8413,174872031.284,174875349.314,175801180,1,false
idle,8414,174892555.293,174895853.150,175821692,1,false
idle,8415,174913042.893,174916318.496,175842152,1,false
idle,8416,174933475.521,174936783.464,175862564,1,false
idle,8417,174953932.853,174957269.365,175883000,1,false
idle,8418,174974411.753,174977843.329,175903464,1,false
idle,8419,174995343.946,174998676.445,175924364,1,false
idle,8420,175015878.990,175018895.676,175944888,1,false
idle,8421,175036083.557,175039278.521,175965072,1,false
idle,8422,175056466.348,175059884.336,175985444,1,false
idle,8423,175077392.254,175080843.988,176006336,1,false
idle,8424,175098079.029,175100732.348,176027004,1,false
idle,8425,175118935.335,175121220.891,176047844,1,false
idle,8426,175139362.173,175141623.062,176068248,1,false
idle,8427,175159811.522,175162134.061,176088680,1,false
idle,8428,175180339.568,175182715.815,176109192,1,false
idle,8429,175201159.788,175203519.498,176129984,1,false
idle,8430,175221716.456,175223567.241,176150524,1,false
idle,8431,175241745.101,175244150.585,176170528,1,false
idle,8432,175262360.515,175264619.363,176191132,1,false
idle,8433,175282801.972,175285061.350,176211552,1,false
idle,8434,175303253.576,175305565.026,176231988,1,false
idle,8435,175323750.051,175325949.610,176252460,1,false
idle,8436,175344132.528,175346359.106,176272824,1,false
idle,8437,175364521.122,175366829.603,176293220,1,false
idle,8438,175384991.841,175387324.325,176313640,1,false
idle,8439,175405475.219,175407853.366,176334104,1,false
idle,8440,175426054.749,175428618.657,176354656,1,false
idle,8441,175446815.289,175448969.019,176375404,1,false
idle,8442,175467156.838,175469500.539,176395724,1,false
idle,8443,175487932.644,175490316.975,176416480,1,false
idle,8444,175508725.106,175510343.302,176437260,1,false
idle,8445,175529534.076,175530753.869,176458060,1,false
idle,8446,175549919.156,175551218.940,176478408,1,false
idle,8447,175570493.985,175571813.971,176499024,1,false
idle,8448,175591009.501,175592260.574,176519456,1,false
idle,8449,175611449.145,175612884.695,176539876,1,false
idle,8450,175632096.694,175637752.320,176560500,1,false
idle,8451,175652973.731,175657950.560,176581356,1,false
idle,8452,175673144.124,175678260.509,176601504,1,false
idle,8453,175693428.303,175694787.058,176621768,1,false
idle,8454,175714237.659,175719655.023,176642560,1,false
idle,8455,175735111.709,175739942.781,176663412,1,false
idle,8456,175755367.796,175760246.393,176683648,1,false
idle,8457,175775378.379,175776689.223,176703648,1,false
idle,8458,175795890.904,175797205.138,176724132,1,false
idle,8459,175816481.644,175821527.678,176744708,1,false
idle,8460,175836718.930,175837967.088,176764932,1,false
idle,8461,175857226.533,175858352.939,176785416,1,false
idle,8462,175877514.690,175878841.832,176805720,1,false
idle,8463,175898013.110,175899319.445,176826156,1,false
idle,8464,175918509.714,175919795.186,176846676,1,false
idle,8465,175938968.985,175940264.524,176867076,1,false
idle,8466,175959475.814,175960891.558,176887560,1,false
idle,8467,175980090.706,175981510.699,176908152,1,false
idle,8468,176000728.058,176005814.229,176928776,1,false
idle,8469,176020997.602,176022289.568,176949016,1,false
idle,8470,176041421.375,176042753.034,176969432,1,false
idle,8471,176061919.546,176063261.746,176989900,1,false
idle,8472,176082423.264,176083691.836,177010392,1,false
idle,8473,176102842.054,176104222.131,177030780,1,false
idle,8474,176123348.440,176124618.905,177051268,1,false
idle,8475,176143790.260,176145038.384,177071692,1,false
idle,8476,176164194.587,176165526.459,177092076,1,false
idle,8477,176184701.408,176186113.920,177112568,1,false
idle,8478,176205320.066,176206556.782,177133156,1,false
idle,8479,176225768.015,176227055.858,177153596,1,false
idle,8480,176246249.842,176247580.568,177174048,1,false
idle,8481,176266766.133,176268013.006,177194552,1,false
idle,8482,176287248.208,176288464.243,177215012,1,false
idle,8483,176307642.225,176308994.434,177235384,1,false
idle,8484,176328199.997,176329463.481,177255920,1,false
idle,8485,176348683.686,176349951.069,177276380,1,false
idle,8486,176369125.014,176370322.996,177296804,1,false
idle,8487,176389493.285,176390915.100,177317220,1,false
idle,8488,176410131.131,176411470.660,177337772,1,false
idle,8489,176430660.619,176431979.221,177358280,1,false
idle,8490,176451145.955,176452352.200,177378748,1,false
idle,8491,176471514.194,176472742.360,177399144,1,false
idle,8492,176491893.709,176493186.582,177419456,1,false
idle,8493,176512336.078,176513693.324,177439884,1,false
idle,8494,176532859.511,176534178.312,177460384,1,false
idle,8495,176553355.975,176554760.926,177480852,1,false
idle,8496,176573948.970,176575257.959,177501432,1,false
idle,8497,176594438.682,176595774.651,177521900,1,false
idle,8498,176614984.571,176616097.911,177542428,1,false
idle,8499,176635255.171,176636628.411,177562676,1,false
idle,8500,176655940.133,176657044.325,177583340,1,false
idle,8501,176676198.670,176677526.958,177603580,1,false
idle,8502,176696676.869,176697993.908,177624036,1,false
idle,8503,176717139.870,176718556.209,177644476,1,false
idle,8504,176737714.605,176739038.247,177665044,1,false
idle,8505,176758181.885,176759496.254,177685488,1,false
idle,8506,176778623.272,176780000.913,177705904,1,false
idle,8507,176799164.647,176800474.239,177726428,1,false
idle,8508,176819738.825,176820976.292,177746980,1,false
idle,8509,176840175.876,176841451.463,177767396,1,false
idle,8510,176860665.647,176861839.557,177787868,1,false
idle,8511,176881009.808,176882303.120,177808184,1,false
idle,8512,176901478.571,176902792.181,177828636,1,false
idle,8513,176921961.391,176923264.832,177849100,1,false
idle,8514,176942396.432,176943741.462,177869516,1,false
idle,8515,176962894.178,176964219.929,177889996,1,false
idle,8516,176983337.075,176984705.423,177910416,1,false
idle,8517,177003865.620,177005172.925,177930928,1,false
idle,8518,177024357.717,177025656.377,177951380,1,false
idle,8519,177044807.774,177046142.379,177971828,1,false
idle,8520,177065288.215,177066613.212,177992292,1,false
idle,8521,177085772.172,177087093.287,178012748,1,false
idle,8522,177106236.163,177107618.426,178033200,1,false
idle,8523,177126778.670,177128045.444,178053720,1,false
idle,8524,177147188.089,177148524.440,178074104,1,false
idle,8525,177167681.120,177169224.584,178094584,1,false
idle,8526,177188393.197,177189589.663,178115272,1,false
idle,8527,177208752.848,177209977.390,178135612,1,false
idle,8528,177229136.785,177230566.789,178155976,1,false
idle,8529,177249811.649,177250970.593,178176632,1,false
idle,8530,177270183.315,177271651.633,178196984,1,false
idle,8531,177290827.173,177291896.309,178217600,1,false
idle,8532,177311065.782,177312481.266,178237824,1,false
idle,8533,177331659.405,177333000.590,178258396,1,false
idle,8534,177352199.835,177353334.180,178278916,1,false
idle,8535,177372567.610,177373835.589,178299268,1,false
idle,8536,177393040.342,177394358.373,178319720,1,false
idle,8537,177413513.483,177414792.857,178340212,1,false
idle,8538,177433966.170,177435258.579,178360604,1,false
idle,8539,177454422.158,177455736.392,178381036,1,false
idle,8540,177474892.517,177476225.144,178401496,1,false
idle,8541,177495339.645,177496693.666,178421920,1,false
idle,8542,177515843.458,177517258.298,178442400,1,false
idle,8543,177536455.145,177537734.565,178463012,1,false
idle,8544,177556910.821,177558206.915,178483432,1,false
idle,8545,177577355.524,177578678.439,178503856,1,false
idle,8546,177597852.460,177599091.657,178524328,1,false
idle,8547,177618249.880,177619607.158,178544704,1,false
idle,8548,177638774.072,177640039.071,178565212,1,false
idle,8549,177659210.535,177660599.881,178585632,1,false
idle,8550,177679786.371,177681019.020,178606184,1,false
idle,8551,177700176.950,177701480.646,178626552,1,false
idle,8552,177720642.335,177721961.195,178646996,1,false
idle,8553,177741106.939,177742428.341,178667444,1,false
idle,8554,177761583.445,177762908.994,178687900,1,false
idle,8555,177782055.887,177783563.853,178708356,1,false
idle,8556,177802742.519,177803886.007,178729012,1,false
idle,8557,177823057.379,177824349.702,178749312,1,false
idle,8558,177843523.098,177844830.595,178769788,1,false
idle,8559,177864008.089,177865487.247,178790228,1,false
idle,8560,177884673.188,177886053.409,178810872,1,false
idle,8561,177905246.809,177906449.291,178831420,1,false
idle,8562,177925637.373,177926921.996,178851792,1,false
idle,8563,177946106.364,177947478.452,178872244,1,false
idle,8564,177966670.000,177967962.187,178892788,1,false
idle,8565,177987158.202,177988442.088,178913260,1,false
idle,8566,178007627.439,178008816.992,178933700,1,false
idle,8567,178028020.892,178029374.570,178954076,1,false
idle,8568,178048550.108,178049882.936,178974588,1,false
idle,8569,178069081.391,178070301.647,178995092,1,false
idle,8570,178089497.799,178090918.194,179015544,1,false
idle,8571,178110110.499,178115384.944,179036088,1,false
idle,8572,178130591.888,178135756.461,179056544,1,false
idle,8573,178150951.018,178152206.337,179076892,1,false
idle,8574,178171359.558,178172650.910,179097272,1,false
idle,8575,178191842.093,178193125.835,179117740,1,false
idle,8576,178212333.524,178213668.616,179138200,1,false
idle,8577,178232968.517,178238112.317,179158820,1,false
idle,8578,178253321.810,178254738.934,179179148,1,false
idle,8579,178273929.502,178278953.417,179199740,1,false
idle,8580,178294120.213,178295502.003,179219924,1,false
idle,8581,178314656.347,178315906.050,179240436,1,false
idle,8582,178335067.692,178336418.533,179260820,1,false
idle,8583,178355575.277,178356912.865,179281316,1,false
idle,8584,178376064.633,178377334.416,179301780,1,false
idle,8585,178396478.447,178397845.705,179322248,1,false
idle,8586,178416984.675,178418327.179,179342660,1,false
idle,8587,178437465.918,178438791.573,179363124,1,false
idle,8588,178457964.505,178459332.056,179383596,1,false
idle,8589,178478487.396,178479766.868,179404168,1,false
idle,8590,178498914.682,178500254.790,179424516,1,false
idle,8591,178519704.274,178525271.540,179445280,1,false
idle,8592,178540787.023,178545380.336,179466336,1,false
idle,8593,178561596.397,178565991.062,179487128,1,false
idle,8594,178582210.179,178586255.897,179507724,1,false
idle,8595,178602428.404,178606796.455,179527924,1,false
idle,8596,178623348.445,178627698.960,179548820,1,false
idle,8597,178644192.091,178648181.703,179569636,1,false
idle,8598,178664669.793,178668399.381,179590100,1,false
idle,8599,178685632.323,178688840.088,179611044,1,false
idle,8600,178706033.676,178709200.304,179631428,1,false
idle,8601,178726364.713,178729995.907,179651732,1,false
idle,8602,178747489.592,178750219.581,179672900,1,false
idle,8603,178768417.956,178770607.624,179693752,1,false
idle,8604,178788798.959,178791027.186,179714108,1,false
idle,8605,178809192.555,178811502.911,179734484,1,false
idle,8606,178829660.593,178832006.294,179754928,1,false
idle,8607,178850176.548,178852468.752,179775428,1,false
idle,8608,178870622.979,178872962.628,179795856,1,false
idle,8609,178891163.224,178893559.072,179816372,1,false
idle,8610,178911865.239,178914124.295,179837060,1,false
idle,8611,178932339.980,178934532.640,179857508,1,false
idle,8612,178952821.094,178954806.008,179877964,1,false
idle,8613,178972984.539,178975303.832,179898116,1,false
idle,8614,178993471.559,178995777.263,179918576,1,false
idle,8615,179013964.081,179016240.883,179939048,1,false
idle,8616,179034403.610,179036729.756,179959472,1,false
idle,8617,179054888.580,179057210.573,179979944,1,false
idle,8618,179075333.833,179077768.171,180000360,1,false
idle,8619,179095936.385,179098490.640,180020948,1,false
idle,8620,179116676.389,179118907.550,180041664,1,false
idle,8621,179137094.525,179139345.917,180062060,1,false
idle,8622,179157563.245,179159889.732,180082512,1,false
idle,8623,179178082.096,179180335.973,180103012,1,false
idle,8624,179198529.205,179200876.298,180123456,1,false
idle,8625,179219053.717,179221285.833,180143944,1,false
idle,8626,179239451.492,179241720.625,180164336,1,false
idle,8627,179259916.494,179262246.260,180184772,1,false
idle,8628,179280404.637,179282660.900,180205228,1,false
idle,8629,179301008.092,179303083.592,180225816,1,false
idle,8630,179321242.533,179323429.614,180246028,1,false
idle,8631,179341625.992,179343910.719,180266392,1,false
idle,8632,179362083.189,179364401.177,180286828,1,false
idle,8633,179382582.226,179384948.872,180307308,1,false
idle,8634,179403134.428,179405350.453,180327844,1,false
idle,8635,179423517.049,179425824.087,180348232,1,false
idle,8636,179443978.198,179446384.479,180368644,1,false
idle,8637,179464538.156,179466869.793,180389192,1,false
idle,8638,179485121.383,179487360.497,180409744,1,false
idle,8639,179505531.177,179507743.182,180430156,1,false
idle,8640,179525914.827,179528225.314,180450504,1,false
idle,8641,179546345.011,179548682.069,180470908,1,false
idle,8642,179566841.765,179569184.961,180491392,1,false
idle,8643,179587348.265,179589661.717,180511876,1,false
idle,8644,179607824.059,179610148.237,180532328,1,false
idle,8645,179628299.530,179630602.222,180552784,1,false
idle,8646,179648763.402,179651100.649,180573228,1,false
idle,8647,179669360.318,179671678.500,180593812,1,false
idle,8648,179689859.336,179692055.444,180614280,1,false
idle,8649,179710234.587,179712523.590,180634640,1,false
idle,8650,179730687.891,179733023.558,180655072,1,false
idle,8651,179751190.512,179753549.722,180675552,1,false
idle,8652,179771708.168,179773961.605,180696052,1,false
idle,8653,179792154.028,179794573.600,180716480,1,false
idle,8654,179812753.736,179814966.256,180737060,1,false
idle,8655,179833265.030,179835390.481,180757552,1,false
idle,8656,179853551.141,179855867.872,180777816,1,false
idle,8657,179874022.270,179876352.740,180798264,1,false
idle,8658,179894508.376,179896860.114,180818772,1,false
idle,8659,179915024.530,179917335.007,180839232,1,false
idle,8660,179935533.281,179937798.832,180859728,1,false
idle,8661,179955990.204,179958300.430,180880156,1,false
idle,8662,179976459.514,179978778.794,180900608,1,false
idle,8663,179996952.895,179999263.037,180921080,1,false
idle,8664,180017404.428,180019821.712,180941512,1,false
idle,8665,180037978.841,180040383.101,180962060,1,false
idle,8666,180058557.394,180060882.904,180982620,1,false
idle,8667,180079076.782,180081271.945,181003124,1,false
idle,8668,180099449.632,180101822.828,181023496,1,false
idle,8669,180119989.574,180122326.332,181043996,1,false
idle,8670,180140522.494,180142763.589,181064524,1,false
idle,8671,180160943.658,180163233.267,181084904,1,false
idle,8672,180181429.428,180183775.023,181105376,1,false
idle,8673,180201973.939,180204213.687,181125900,1,false
idle,8674,180222406.439,180224625.066,181146316,1,false
idle,8675,180242866.529,180245141.521,181166752,1,false
idle,8676,180263352.631,180265654.614,181187216,1,false
idle,8677,180283833.620,180286085.187,181207672,1,false
idle,8678,180304268.247,180306615.157,181228092,1,false
idle,8679,180324822.225,180327045.499,181248624,1,false
idle,8680,180345232.882,180347470.615,181269016,1,false
idle,8681,180365619.004,180367960.032,181289380,1,false
idle,8682,180386134.635,180388419.238,181309876,1,false
idle,8683,180406570.109,180408921.826,181330300,1,false
idle,8684,180427096.316,180429422.224,181350800,1,false
idle,8685,180447580.672,180449850.798,181371260,1,false
idle,8686,180468018.301,180470354.858,181391680,1,false
idle,8687,180488531.832,180490861.294,181412188,1,false
idle,8688,180509083.139,180511375.902,181432704,1,false
idle,8689,180529589.504,180531825.126,181453192,1,false
idle,8690,180550018.235,180552371.856,181473604,1,false
idle,8691,180570543.587,180572789.468,181494104,1,false
idle,8692,180591003.611,180593363.942,181514544,1,false
idle,8693,180611566.173,180613705.238,181535088,1,false
idle,8694,180631909.501,180634202.518,181555420,1,false
idle,8695,180652361.802,180654723.528,181575844,1,false
idle,8696,180672919.355,180675129.928,181596380,1,false
idle,8697,180693322.312,180695585.136,181616752,1,false
idle,8698,180713771.777,180716192.203,181637188,1,false
idle,8699,180734360.093,180736578.047,181657764,1,false
idle,8700,180754761.239,180757067.273,181678144,1,false
idle,8701,180775261.321,180777993.667,181698628,1,false
idle,8702,180796270.354,180798039.664,181719612,1,false
idle,8703,180817253.552,180818434.106,181740576,1,false
idle,8704,180837598.991,180838870.706,181760900,1,false
idle,8705,180858191.261,180859373.916,181781476,1,false
idle,8706,180878526.215,180879937.574,181801800,1,false
idle,8707,180899370.838,180904841.804,181822612,1,false
idle,8708,180920194.713,180925412.418,181843416,1,false
idle,8709,180940636.059,180945475.836,181863832,1,false
idle,8710,180961655.539,180965965.393,181884832,1,false
idle,8711,180982131.631,180986350.437,181905288,1,false
idle,8712,181002498.684,181007004.671,181925692,1,false
idle,8713,181023157.063,181027514.430,181946284,1,false
idle,8714,181043711.776,181047855.596,181966808,1,false
idle,8715,181064116.839,181068360.004,181987196,1,false
idle,8716,181084546.254,181088825.529,182007604,1,false
idle,8717,181105000.478,181109421.165,182028040,1,false
idle,8718,181125723.902,181130270.740,182048740,1,false
idle,8719,181146496.697,181150358.498,182069532,1,false
idle,8720,181167541.044,181170754.926,182090528,1,false
idle,8721,181187941.873,181191224.765,182110896,1,false
idle,8722,181208417.130,181211777.829,182131356,1,false
idle,8723,181228969.119,181232275.535,182151892,1,false
idle,8724,181249467.048,181252788.737,182172360,1,false
idle,8725,181269990.384,181273137.899,182192868,1,false
idle,8726,181290332.477,181293613.403,182213180,1,false
idle,8727,181310800.004,181314128.036,182233640,1,false
idle,8728,181331336.127,181334640.074,182254156,1,false
idle,8729,181351831.601,181355065.411,182274628,1,false
idle,8730,181372247.921,181375614.016,182295020,1,false
idle,8731,181392819.173,181396078.281,182315572,1,false
idle,8732,181413270.899,181416494.109,182336008,1,false
idle,8733,181433679.939,181436950.297,182356392,1,false
idle,8734,181454139.441,181457496.457,182376832,1,false
idle,8735,181474945.966,181478098.613,182397624,1,false
idle,8736,181495297.367,181498408.335,182417952,1,false
idle,8737,181515591.269,181518881.076,182438220,1,false
idle,8738,181536074.375,181539410.845,182458688,1,false
idle,8739,181556595.179,181559929.541,182479188,1,false
idle,8740,181577511.224,181580934.025,182500112,1,false
idle,8741,181598158.917,181600785.250,182520716,1,false
idle,8742,181618977.563,181621302.744,182541512,1,false
idle,8743,181639488.165,181641756.810,182562064,1,false
idle,8744,181659922.350,181662148.881,182582416,1,false
idle,8745,181680330.502,181682775.869,182602800,1,false
idle,8746,181700957.851,181703280.223,182623408,1,false
idle,8747,181721481.226,181723932.545,182643984,1,false
idle,8748,181742187.814,181744247.330,182664604,1,false
idle,8749,181762412.828,181764806.168,182684816,1,false
idle,8750,181782992.249,181785192.029,182705364,1,false
idle,8751,181803360.147,181805673.334,182725708,1,false
idle,8752,181823847.901,181826166.567,182746184,1,false
idle,8753,181844342.733,181846539.983,182766660,1,false
idle,8754,181864699.452,181866950.997,182786996,1,false
idle,8755,181885114.936,181887412.736,182807384,1,false
idle,8756,181905564.251,181907977.810,182827816,1,false
idle,8757,181926136.621,181928385.183,182848364,1,false
idle,8758,181946539.929,181948848.449,182868756,1,false
idle,8759,181967002.275,181969344.904,182889192,1,false
idle,8760,181987489.732,181989823.451,182909712,1,false
idle,8761,182007970.940,182010296.135,182930124,1,false
idle,8762,182028412.808,182030766.695,182950540,1,false
idle,8763,182048944.727,182051368.863,182971064,1,false
idle,8764,182069544.713,182071732.460,182991636,1,false
idle,8765,182089897.731,182092209.052,183011972,1,false
idle,8766,182110373.246,182112976.043,183032432,1,false
idle,8767,182131154.286,182133326.763,183053192,1,false
idle,8768,182151583.894,182153897.061,183073596,1,false
idle,8769,182172073.759,182174344.386,183094064,1,false
idle,8770,182192497.309,182194688.452,183114512,1,false
idle,8771,182212841.460,182215188.866,183134792,1,false
idle,8772,182233340.170,182235601.031,183155272,1,false
idle,8773,182253768.112,182256133.458,183175676,1,false
idle,8774,182274332.649,182276632.904,183196208,1,false
idle,8775,182294811.416,182297111.150,183216688,1,false
idle,8776,182315273.511,182317599.418,183237128,1,false
idle,8777,182335832.296,182338100.873,183257660,1,false
idle,8778,182356392.797,182358605.453,183278204,1,false
idle,8779,182376836.646,182379047.147,183298624,1,false
idle,8780,182460996.555,182465118.714,183382704,1,false
idle,8781,182481364.736,182485586.563,183403056,1,false
idle,8782,182501809.973,182506035.698,183423476,1,false
idle,8783,182522361.709,182526486.470,183444004,1,false
idle,8784,182542703.384,182546993.201,183464332,1,false
idle,8785,182563220.658,182567488.262,183484824,1,false
idle,8786,182583767.529,182587970.447,183505360,1,false
idle,8787,182604275.991,182608468.878,183525840,1,false
idle,8788,182624687.574,182629000.794,183546236,1,false
idle,8789,182645241.337,182649500.197,183566768,1,false
idle,8790,182665728.551,182669947.421,183587232,1,false
idle,8791,182686273.094,182690367.269,183607756,1,false
idle,8792,182706609.322,182710863.389,183628080,1,false
idle,8793,182727082.973,182731457.408,183648524,1,false
idle,8794,182747648.278,182751843.133,183669072,1,false
idle,8795,182768058.819,182772281.972,183689464,1,false
idle,8796,182788492.471,182792818.033,183709932,1,false
idle,8797,182809096.198,182813215.966,183730468,1,false
idle,8798,182829451.104,182833737.986,183750808,1,false
idle,8799,182849965.038,182854151.262,183771296,1,false
idle,8800,182870362.879,182874633.823,183791668,1,false
idle,8801,182890865.421,182895135.129,183812152,1,false
idle,8802,182911353.392,182915668.454,183832620,1,false
idle,8803,182931874.731,182936102.289,183853124,1,false
idle,8804,182952268.094,182956431.396,183873496,1,false
idle,8805,182972603.675,182976945.411,183893812,1,false
idle,8806,182993108.321,182997410.787,183914300,1,false
idle,8807,183013695.508,183017898.113,183934864,1,false
idle,8808,183034092.173,183038581.090,183955244,1,false
idle,8809,183054831.789,183059038.504,183975964,1,false
idle,8810,183075247.405,183079391.932,183996352,1,false
idle,8811,183095568.653,183099898.717,184016656,1,false
idle,8812,183116103.271,183120394.486,184037168,1,false
idle,8813,183136596.885,183140833.087,184057648,1,false
idle,8814,183157022.209,183161357.463,184078056,1,false
idle,8815,183177574.786,183181870.376,184098576,1,false
idle,8816,183198095.002,183202331.030,184119084,1,false
idle,8817,183218523.752,183222825.725,184139500,1,false
idle,8818,183239041.868,183243254.007,184159984,1,false
idle,8819,183259471.997,183263781.922,184180388,1,false
idle,8820,183279979.674,183284238.297,184200892,1,false
idle,8821,183300416.037,183304717.760,184221296,1,false
idle,8822,183320907.932,183325085.086,184241776,1,false
idle,8823,183341322.866,183345693.053,184262160,1,false
idle,8824,183361874.120,183366044.951,184282700,1,false
idle,8825,183382198.918,183386564.214,184303008,1,false
idle,8826,183402750.633,183407079.946,184323540,1,false
idle,8827,183423299.869,183427565.197,184344068,1,false
idle,8828,183443796.995,183448140.064,184364540,1,false
idle,8829,183464340.895,183468603.749,184385068,1,false
idle,8830,183484788.552,183488999.434,184405492,1,false
idle,8831,183505218.292,183509483.844,184425896,1,false
idle,8832,183525693.692,183529933.035,184446356,1,false
idle,8833,183546125.482,183550456.313,184466768,1,false
idle,8834,183566645.189,183570884.061,184487272,1,false
idle,8835,183587087.499,183591449.515,184507688,1,false
idle,8836,183607651.015,183611909.409,184528240,1,false
idle,8837,183628102.585,183632362.905,184548672,1,false
idle,8838,183648549.020,183652871.446,184569092,1,false
idle,8839,183669062.858,183673375.030,184589584,1,false
idle,8840,183689593.479,183694300.479,184610100,1,false
idle,8841,183710544.533,183714473.496,184631024,1,false
idle,8842,183730604.442,183734835.885,184651064,1,false
idle,8843,183751031.647,183755336.479,184671480,1,false
idle,8844,183771620.433,183775778.225,184692040,1,false
idle,8845,183791959.574,183796373.144,184712360,1,false
idle,8846,183812558.452,183816611.064,184732940,1,false
idle,8847,183832793.743,183837034.856,184753164,1,false
idle,8848,183853200.312,183857595.845,184773544,1,false
idle,8849,183873757.431,183878003.443,184794080,1,false
idle,8850,183894169.301,183898588.870,184814476,1,false
idle,8851,183915194.283,183919627.527,184835472,1,false
idle,8852,183936232.620,183940023.126,184856488,1,false
idle,8853,183957258.347,183960228.290,184877504,1,false
idle,8854,183977422.155,183980684.997,184897644,1,false
idle,8855,183997862.445,184001057.817,184918068,1,false
idle,8856,184018216.289,184021544.676,184938396,1,false
idle,8857,184038693.864,184042019.236,184958852,1,false
idle,8858,184059174.036,184062581.110,184979312,1,false
idle,8859,184079726.470,184082996.299,184999844,1,false
idle,8860,184100149.155,184103370.355,185020256,1,false
idle,8861,184120517.161,184123834.868,185040608,1,false
idle,8862,184140975.419,184144326.340,185061040,1,false
idle,8863,184161518.808,184164911.178,185081576,1,false
idle,8864,184182101.679,184185398.554,185102120,1,false
idle,8865,184202565.027,184205791.211,185122572,1,false
idle,8866,184222963.030,184226291.885,185142944,1,false
idle,8867,184243546.792,184247419.469,185163508,1,false
idle,8868,184263849.316,184267691.382,185183788,1,false
idle,8869,184284004.309,184287826.056,185203924,1,false
idle,8870,184305043.556,184308354.336,185224944,1,false
idle,8871,184325526.375,184328677.742,185245416,1,false
idle,8872,184345835.433,184349119.877,185265692,1,false
idle,8873,184366291.194,184369692.490,185286132,1,false
idle,8874,184386875.175,184390184.879,185306692,1,false
idle,8875,184407346.038,184410585.368,185327144,1,false
idle,8876,184427734.289,184431073.046,185347520,1,false
idle,8877,184448224.397,184451490.515,185367984,1,false
idle,8878,184468652.076,184471991.505,185388400,1,false
idle,8879,184489140.814,184492558.492,185408864,1,false
idle,8880,184509721.069,184513029.157,185429420,1,false
idle,8881,184530201.393,184533520.629,185449876,1,false
idle,8882,184550707.361,184553908.941,185470372,1,false
idle,8883,184571112.503,184574622.897,185490748,1,false
idle,8884,184591817.036,184594999.914,185511436,1,false
idle,8885,184612189.241,184615436.588,185531792,1,false
idle,8886,184632742.217,184635989.020,185552320,1,false
idle,8887,184653233.315,184656257.724,185572796,1,false
idle,8888,184673444.448,184676679.529,185592984,1,false
idle,8889,184693907.786,184697270.707,185613424,1,false
idle,8890,184714492.802,184717711.670,185634032,1,false
idle,8891,184734893.239,184738222.271,185654372,1,false
idle,8892,184755416.132,184758697.827,185674876,1,false
idle,8893,184775896.268,184779232.447,185695336,1,false
idle,8894,184796429.056,184799756.344,185715844,1,false
idle,8895,184816958.922,184820219.185,185736352,1,false
idle,8896,184837446.399,184840814.846,185756836,1,false
idle,8897,184858006.408,184861175.159,185777368,1,false
idle,8898,184878343.300,184881508.050,185797680,1,false
idle,8899,184898690.437,184902060.939,185818012,1,false
idle,8900,184919258.929,184922478.678,185838564,1,false
idle,8901,184939636.669,184942954.938,185858916,1,false
idle,8902,184960156.251,184963388.828,185879412,1,false
idle,8903,184980563.045,184984041.464,185899804,1,false
idle,8904,185001257.009,185004572.529,185920476,1,false
idle,8905,185021792.692,185025148.118,185940996,1,false
idle,8906,185042529.883,185045919.911,185961712,1,false
idle,8907,185063215.720,185066029.487,185982368,1,false
idle,8908,185084245.896,185086541.900,186003384,1,false
idle,8909,185104877.417,185106915.892,186023996,1,false
idle,8910,185125117.518,185127513.017,186044216,1,false
idle,8911,185145798.099,185148008.724,186064876,1,false
idle,8912,185166240.773,185168477.661,186085296,1,false
idle,8913,185186735.074,185188774.991,186105768,1,false
idle,8914,185206982.854,185209171.545,186126000,1,false
idle,8915,185227449.703,185229774.117,186146448,1,false
idle,8916,185247975.787,185250109.582,186166952,1,false
idle,8917,185268318.706,185270680.187,186187268,1,false
idle,8918,185288851.382,185291169.097,186207784,1,false
idle,8919,185309358.584,185311707.033,186228276,1,false
idle,8920,185329884.470,185332148.311,186248784,1,false
idle,8921,185350350.014,185352616.564,186269228,1,false
idle,8922,185370800.141,185373082.005,186289656,1,false
idle,8923,185391273.427,185393628.722,186310116,1,false
idle,8924,185411845.425,185414117.962,186330660,1,false
idle,8925,185432326.605,185434568.063,186351112,1,false
idle,8926,185452754.611,185455149.177,186371524,1,false
idle,8927,185473350.393,185475682.477,186392100,1,false
idle,8928,185493860.580,185496028.025,186412592,1,false
idle,8929,185514211.646,185516500.161,186432928,1,false
idle,8930,185534687.444,185537167.897,186453388,1,false
idle,8931,185555357.885,185557497.591,186474032,1,false
idle,8932,185575682.168,185578072.204,186494336,1,false
idle,8933,185596323.220,185598945.296,186514944,1,false
idle,8934,185616369.143,185619009.982,186534984,1,false
idle,8935,185637215.439,185639341.050,186555808,1,false
idle,8936,185657589.377,185659898.434,186576164,1,false
idle,8937,185678094.949,185680341.202,186596648,1,false
idle,8938,185698538.709,185700886.178,186617072,1,false
idle,8939,185719129.362,185721347.798,186637644,1,false
idle,8940,185739596.193,185741869.524,186658092,1,false
idle,8941,185760059.189,185762189.384,186678536,1,false
idle,8942,185780492.039,185782723.725,186698892,1,false
idle,8943,185800903.484,185803172.586,186719340,1,false
idle,8944,185821356.634,185823872.234,186739772,1,false
idle,8945,185842051.757,185844194.338,186760448,1,false
idle,8946,185862360.000,185864692.911,186780732,1,false
idle,8947,185882911.702,185885188.061,186801268,1,false
idle,8948,185903361.722,185905668.036,186821696,1,false
idle,8949,185923856.960,185926131.541,186842172,1,false
idle,8950,185944470.292,185946494.345,186862828,1,false
idle,8951,185964675.670,185966999.042,186882948,1,false
idle,8952,185985164.434,185987426.432,186903416,1,false
idle,8953,186005581.808,186007942.603,186923820,1,false
idle,8954,186026089.582,186028417.626,186944300,1,false
idle,8955,186046560.550,186048901.040,186964748,1,false
idle,8956,186067058.734,186069367.468,186985232,1,false
idle,8957,186087526.749,186089834.594,187005684,1,false
idle,8958,186108010.657,186110338.318,187026148,1,false
idle,8959,186128487.807,186130828.443,187046644,1,false
idle,8960,186148976.290,186151266.591,187067072,1,false
idle,8961,186169736.346,186172295.278,187087804,1,false
idle,8962,186190669.004,186192919.256,187108724,1,false
idle,8963,186211454.851,186213000.225,187129484,1,false
idle,8964,186232260.518,186237279.955,187150264,1,false
idle,8965,186252446.129,186253695.727,187170440,1,false
idle,8966,186272854.567,186274162.804,187190828,1,false
idle,8967,186293346.071,186294698.523,187211296,1,false
idle,8968,186313861.940,186315102.613,187231796,1,false
idle,8969,186334269.647,186335607.445,187252184,1,false
idle,8970,186354783.630,186356089.160,187272672,1,false
idle,8971,186375253.851,186376575.218,187293120,1,false
idle,8972,186395725.383,186397014.751,187313580,1,false
idle,8973,186416194.313,186417494.091,187334020,1,false
idle,8974,186436657.467,186437898.516,187354464,1,false
idle,8975,186457059.289,186458456.479,187374856,1,false
idle,8976,186477606.985,186478930.208,187395380,1,false
idle,8977,186498075.384,186499400.055,187415828,1,false
idle,8978,186518560.362,186519871.417,187436284,1,false
idle,8979,186539027.400,186540492.197,187456736,1,false
idle,8980,186559672.985,186560894.886,187477368,1,false
idle,8981,186580072.679,186581322.998,187497744,1,false
idle,8982,186600482.310,186601786.017,187518176,1,false
idle,8983,186620931.388,186622290.390,187538560,1,false
idle,8984,186641451.670,186642761.305,187559064,1,false
idle,8985,186661943.496,186663705.848,187579528,1,false
idle,8986,186682113.985,186684237.671,187599680,1,false
idle,8987,186702698.028,186704879.656,187620244,1,false
idle,8988,186723133.229,186724961.607,187640656,1,false
idle,8989,186743188.528,186745370.740,187660696,1,false
idle,8990,186763550.655,186765601.816,187681024,1,false
idle,8991,186783749.867,186786275.384,187701220,1,false
idle,8992,186804412.012,186806663.750,187721860,1,false
idle,8993,186824820.171,186827102.786,187742248,1,false
idle,8994,186845262.413,186847584.137,187762680,1,false
idle,8995,186865762.956,186868235.647,187783152,1,false
idle,8996,186886415.420,186888707.393,187803788,1,false
idle,8997,186906952.680,186909231.106,187824304,1,false
idle,8998,186927437.718,186929725.197,187844768,1,false
idle,8999,186948211.535,186950209.843,187865508,1,false
idle,9000,186968377.787,186970492.956,187885664,1,false
idle,9001,186988665.478,186990851.776,187905940,1,false
idle,9002,187009046.801,187011567.240,187926284,1,false
idle,9003,187029738.417,187032042.707,187946964,1,false
idle,9004,187050201.259,187052289.079,187967416,1,false
idle,9005,187070441.603,187072944.859,187987636,1,false
idle,9006,187091123.653,187093308.764,188008292,1,false
idle,9007,187111471.499,187113806.598,188028672,1,false
idle,9008,187131955.053,187134309.011,188049080,1,false
idle,9009,187152462.502,187154663.130,188069632,1,false
idle,9010,187172805.366,187175158.132,188089892,1,false
idle,9011,187193321.274,187195632.270,188110380,1,false
idle,9012,187213921.719,187216115.082,188130964,1,false
idle,9013,187234291.029,187236675.555,188151320,1,false
idle,9014,187254848.169,187257164.400,188171852,1,false
idle,9015,187275330.800,187277664.813,188192312,1,false
idle,9016,187295821.946,187298107.074,188212792,1,false
idle,9017,187316268.458,187318588.641,188233224,1,false
idle,9018,187336758.758,187339086.160,188253688,1,false
idle,9019,187357286.362,187359455.513,188274196,1,false
idle,9020,187377626.680,187379939.639,188294508,1,false
idle,9021,187398110.271,187400451.088,188314980,1,false
idle,9022,187418653.433,187420898.344,188335500,1,false
idle,9023,187439096.397,187441424.987,188355928,1,false
idle,9024,187459611.322,187461856.295,188376416,1,false
idle,9025,187480049.648,187482345.765,188396836,1,false
idle,9026,187500526.863,187502810.800,188417292,1,false
idle,9027,187520974.401,187523342.391,188437724,1,false
idle,9028,187541517.163,187543746.625,188458248,1,false
idle,9029,187561900.332,187564286.941,188478604,1,false
idle,9030,187582423.046,187584767.239,188499116,1,false
idle,9031,187602931.032,187605207.431,188519596,1,false
idle,9032,187623343.914,187625720.728,188539988,1,false
idle,9033,187643875.183,187646164.539,188560504,1,false
idle,9034,187664335.243,187666681.195,188580944,1,false
idle,9035,187684835.018,187687215.590,188601420,1,false
idle,9036,187705335.783,187707676.086,188621900,1,false
idle,9037,187725994.596,187728302.500,188642544,1,false
idle,9038,187746510.526,187748767.054,188663048,1,false
idle,9039,187766963.198,187769288.065,188683472,1,false
idle,9040,187787480.156,187789792.464,188704008,1,false
idle,9041,187807982.424,187810015.027,188724452,1,false
idle,9042,187828197.008,187830501.156,188744648,1,false
idle,9043,187848675.039,187851063.511,188765100,1,false
idle,9044,187869246.780,187871596.616,188785648,1,false
idle,9045,187889787.296,187892192.059,188806172,1,false
idle,9046,187910338.872,187912696.283,188826704,1,false
idle,9047,187930855.461,187932962.841,188847200,1,false
idle,9048,187951130.318,187953465.131,188867456,1,false
idle,9049,187971614.092,187973991.416,188887920,1,false
idle,9050,187992157.054,187994573.665,188908440,1,false
idle,9051,188012741.697,188014995.425,188929008,1,false
idle,9052,188033164.204,188035337.330,188949412,1,false
idle,9053,188053488.212,188055816.648,188969744,1,false
idle,9054,188073957.494,188076308.404,188990164,1,false
idle,9055,188094457.231,188096852.884,189010708,1,false
idle,9056,188114995.265,188117248.438,189031156,1,false
idle,9057,188135395.543,188137910.731,189051544,1,false
idle,9058,188156054.229,188158261.740,189072176,1,false
idle,9059,188176393.120,188178692.674,189092504,1,false
idle,9060,188196834.693,188199283.284,189112916,1,false
idle,9061,188217431.924,188219742.338,189133500,1,false
idle,9062,188237890.399,188240209.829,189153944,1,false
idle,9063,188258334.539,188260739.622,189174356,1,false
idle,9064,188278881.942,188281174.024,189194884,1,false
idle,9065,188299440.818,188301629.329,189215432,1,false
idle,9066,188319828.219,188322232.859,189235796,1,false
idle,9067,188340432.562,188342668.012,189256388,1,false
idle,9068,188360947.831,188363102.038,189276872,1,false
idle,9069,188381331.730,188383555.974,189297220,1,false
idle,9070,188401820.013,188404037.317,189317700,1,false
idle,9071,188422265.970,188424551.681,189338132,1,false
idle,9072,188442849.895,188444993.752,189358692,1,false
idle,9073,188463265.769,188465530.875,189379092,1,false
idle,9074,188484098.438,188486119.560,189399892,1,false
idle,9075,188504361.478,188506605.094,189420148,1,false
idle,9076,188524851.812,188527082.821,189440608,1,false
idle,9077,188545346.403,188547559.438,189461088,1,false
idle,9078,188565784.073,188568023.530,189481504,1,false
idle,9079,188586319.764,188588465.175,189502000,1,false
idle,9080,188606699.277,188609017.220,189522384,1,false
idle,9081,188627251.662,188629442.706,189542912,1,false
idle,9082,188647694.500,188649904.020,189563336,1,false
idle,9083,188668114.684,188670426.526,189583736,1,false
idle,9084,188688644.604,188690946.507,189604244,1,false
idle,9085,188709156.685,188711377.366,189624736,1,false
idle,9086,188729594.799,188731872.128,189645160,1,false
idle,9087,188750115.424,188752239.680,189665656,1,false
idle,9088,188770491.480,188772797.997,189686040,1,false
idle,9089,188791003.739,188793204.825,189706504,1,false
idle,9090,188811422.256,188813761.204,189726920,1,false
idle,9091,188831966.990,188834187.768,189747432,1,false
idle,9092,188852360.794,188854631.609,189767804,1,false
idle,9093,188872891.620,188875201.480,189788312,1,false
idle,9094,188893429.114,188895514.137,189808836,1,false
idle,9095,188913672.899,188915975.741,189829052,1,false
idle,9096,188934170.383,188936546.109,189849524,1,false
idle,9097,188954766.847,188957120.119,189870108,1,false
idle,9098,188975350.137,188977582.107,189890676,1,false
idle,9099,188995840.300,188998162.489,189911136,1,false
idle,9100,189016382.174,189018547.416,189931660,1,false
idle,9101,189036788.330,189038971.967,189952048,1,false
idle,9102,189057194.389,189059524.309,189972436,1,false
idle,9103,189077738.997,189080375.043,189992964,1,false
idle,9104,189098661.498,189100381.797,190013864,1,false
idle,9105,189119615.392,189120900.541,190034792,1,false
idle,9106,189140107.353,189141498.361,190055268,1,false
idle,9107,189160767.818,189166403.189,190075912,1,false
idle,9108,189180963.511,189182971.743,190096080,1,false
idle,9109,189201483.555,189202872.386,190116616,1,false
idle,9110,189222251.890,189227456.010,190137336,1,false
idle,9111,189242659.455,189247865.217,190157720,1,false
idle,9112,189263078.685,189268381.895,190178120,1,false
idle,9113,189283859.459,189288916.559,190198880,1,false
idle,9114,189304579.581,189309406.768,190219580,1,false
idle,9115,189325688.060,189329815.065,190240664,1,false
idle,9116,189346045.714,189350150.911,190261004,1,false
idle,9117,189366370.435,189370777.855,190281308,1,false
idle,9118,189387418.526,189391419.951,190302332,1,false
idle,9119,189407616.338,189411792.585,190322512,1,false
idle,9120,189428025.961,189432265.930,190342904,1,false
idle,9121,189448451.695,189452735.939,190363380,1,false
idle,9122,189468925.629,189473126.193,190383764,1,false
idle,9123,189489328.621,189493674.850,190404136,1,false
idle,9124,189509881.599,189514125.964,190424676,1,false
idle,9125,189530649.834,189534967.450,190445428,1,false
idle,9126,189551246.175,189555133.215,190466000,1,false
idle,9127,189571313.223,189575525.408,190486044,1,false
idle,9128,189591775.614,189596110.396,190506496,1,false
idle,9129,189612374.041,189616534.437,190527048,1,false
idle,9130,189632750.254,189636985.162,190547420,1,false
idle,9131,189653179.334,189657515.121,190567832,1,false
idle,9132,189673708.119,189677869.801,190588344,1,false
idle,9133,189694043.716,189698434.290,190608664,1,false
idle,9134,189714615.479,189718891.118,190629208,1,false
idle,9135,189735078.155,189739475.599,190649652,1,false
idle,9136,189755655.307,189759857.334,190670208,1,false
idle,9137,189776058.458,189780338.096,190690592,1,false
idle,9138,189796513.685,189800769.861,190711032,1,false
idle,9139,189816955.303,189821065.126,190731448,1,false
idle,9140,189837222.203,189841662.856,190751704,1,false
idle,9141,189857829.205,189862182.004,190772284,1,false
idle,9142,189878363.552,189882729.147,190792800,1,false
idle,9143,189898963.538,189903234.308,190813376,1,false
idle,9144,189919425.134,189923713.301,190833832,1,false
idle,9145,189939903.994,189944173.687,190854284,1,false
idle,9146,189960359.860,189964692.843,190874716,1,false
idle,9147,189980876.883,189985084.551,190895208,1,false
idle,9148,190001360.575,190005651.776,190915672,1,false
idle,9149,190021832.175,190026005.087,190936128,1,false
idle,9150,190042170.812,190046445.870,190956448,1,false
idle,9151,190062606.265,190066917.613,190976864,1,false
idle,9152,190083102.925,190087401.122,190997340,1,false
idle,9153,190103549.300,190107891.956,191017768,1,false
idle,9154,190124068.662,190128451.315,191038256,1,false
idle,9155,190144633.957,190149005.226,191058816,1,false
idle,9156,190165170.172,190169425.843,191079328,1,false
idle,9157,190185594.808,190189801.200,191099728,1,false
idle,9158,190206057.717,190210355.191,191120172,1,false
idle,9159,190226527.837,190230753.501,191140620,1,false
idle,9160,190246925.884,190251435.089,191161004,1,false
idle,9161,190267615.412,190271827.099,191181668,1,false
idle,9162,190288127.578,190292271.264,191202160,1,false
idle,9163,190308423.836,190312749.652,191222448,1,false
idle,9164,190328939.158,190333255.669,191242932,1,false
idle,9165,190349451.499,190353853.558,191263492,1,false
idle,9166,190370027.935,190374248.945,191283988,1,false
idle,9167,190390420.294,190394718.163,191304372,1,false
idle,9168,190410921.106,190415250.631,191324836,1,false
idle,9169,190431464.602,190435650.388,191345420,1,false
idle,9170,190451843.726,190456140.795,191365716,1,false
idle,9171,190472345.336,190476608.425,191386204,1,false
idle,9172,190492797.120,190497114.958,191406636,1,false
idle,9173,190513295.981,190517535.280,191427108,1,false
idle,9174,190533727.898,190537939.314,191447524,1,false
idle,9175,190554119.188,190558540.508,191467896,1,false
idle,9176,190574725.144,190578990.467,191488488,1,false
idle,9177,190595203.622,190599498.198,191508940,1,false
idle,9178,190615690.097,190619911.371,191529408,1,false
idle,9179,190636101.836,190640523.730,191549796,1,false
idle,9180,190656713.349,190660885.781,191570380,1,false
idle,9181,190677065.057,190681318.061,191590712,1,false
idle,9182,190697491.814,190701780.776,191611148,1,false
idle,9183,190717954.623,190722193.727,191631564,1,false
idle,9184,190738518.279,190742731.827,191652120,1,false
idle,9185,190758916.677,190763203.327,191672492,1,false
idle,9186,190779350.452,190783648.359,191692900,1,false
idle,9187,190799827.977,190804170.261,191713356,1,false
idle,9188,190820406.988,190824694.188,191733920,1,false
idle,9189,190840878.604,190845123.232,191754376,1,false
idle,9190,190861301.600,190865566.934,191774772,1,false
idle,9191,190881743.969,190886117.022,191795192,1,false
idle,9192,190902290.202,190906614.580,191815728,1,false
idle,9193,190922797.573,190927152.861,191836204,1,false
idle,9194,190943334.688,190947657.524,191856724,1,false
idle,9195,190963836.652,190968099.519,191877208,1,false
idle,9196,190984279.512,190988547.104,191897632,1,false
idle,9197,191004756.177,191009067.883,191918100,1,false
idle,9198,191025248.480,191029556.841,191938564,1,false
idle,9199,191045736.958,191050022.488,191959028,1,false
idle,9200,191066200.612,191070434.585,191979468,1,false
idle,9201,191086612.609,191090951.262,191999860,1,false
idle,9202,191107134.910,191111435.599,192020368,1,false
idle,9203,191127623.620,191131952.693,192040832,1,false
idle,9204,191148155.968,191152409.405,192061352,1,false
idle,9205,191168603.613,191173010.302,192081776,1,false
idle,9206,191189200.758,191193364.453,192102356,1,false
idle,9207,191209587.543,191213921.704,192122720,1,false
idle,9208,191230124.891,191234240.774,192143240,1,false
idle,9209,191250423.082,191254729.750,192163528,1,false
idle,9210,191271007.890,191275219.003,192184084,1,false
idle,9211,191291468.145,191295684.618,192204572,1,false
idle,9212,191311903.645,191316259.291,192224928,1,false
idle,9213,191332489.232,191336780.353,192245520,1,false
idle,9214,191352997.663,191357249.408,192265992,1,false
idle,9215,191373463.583,191377708.240,192286492,1,false
idle,9216,191393909.460,191398135.426,192306860,1,false
idle,9217,191414758.032,191419066.390,192327700,1,false
idle,9218,191435634.855,191439472.120,192348548,1,false
idle,9219,191456731.516,191459609.363,192369616,1,false
idle,9220,191476758.525,191480050.423,192389628,1,false
idle,9221,191497232.315,191500443.760,192410080,1,false
idle,9222,191517647.174,191521030.283,192430476,1,false
idle,9223,191538207.247,191541581.584,192451016,1,false
idle,9224,191558780.982,191562061.990,192471564,1,false
idle,9225,191579235.249,191582433.578,192492004,1,false
idle,9226,191599578.635,191602757.276,192512324,1,false
idle,9227,191619936.374,191623837.313,192532664,1,false
idle,9228,191640290.859,191644330.189,192553000,1,false
idle,9229,191660826.366,191664941.612,192573512,1,false
idle,9230,191681237.454,191685024.395,192593908,1,false
idle,9231,191702256.990,191705244.533,192614912,1,false
idle,9232,191722460.062,191725788.927,192635144,1,false
idle,9233,191743013.189,191746380.008,192655624,1,false
idle,9234,191763898.413,191767401.730,192676480,1,false
idle,9235,191784687.181,191787281.954,192697248,1,false
idle,9236,191805482.590,191807789.332,192718056,1,false
idle,9237,191826035.019,191828594.320,192738556,1,false
idle,9238,191846834.087,191848663.369,192759344,1,false
idle,9239,191867873.441,191869206.725,192780360,1,false
idle,9240,191888401.378,191889655.693,192800868,1,false
idle,9241,191908872.131,191910164.341,192821312,1,false
idle,9242,191929348.108,191930507.640,192841772,1,false
idle,9243,191950037.764,191955178.858,192862440,1,false
idle,9244,191970462.916,191976059.436,192882896,1,false
idle,9245,191991376.324,191996583.453,192903740,1,false
idle,9246,192011799.918,192016738.578,192924144,1,false
idle,9247,192031874.799,192037010.951,192944200,1,false
idle,9248,192052206.663,192053556.080,192964512,1,false
idle,9249,192072858.776,192078285.884,192985140,1,false
idle,9250,192093673.058,192098669.593,193005940,1,false
idle,9251,192113930.023,192119015.850,193026172,1,false
idle,9252,192134373.107,192139618.375,193046592,1,false
idle,9253,192154824.837,192160029.694,193067032,1,false
idle,9254,192175208.896,192180831.582,193087396,1,false
idle,9255,192196074.842,192201022.678,193108240,1,false
idle,9256,192216163.515,192221303.591,193128308,1,false
idle,9257,192236512.738,192237815.864,193148640,1,false
idle,9258,192257002.334,192258294.053,193169108,1,false
idle,9259,192277475.015,192278800.079,193189592,1,false
idle,9260,192298404.675,192303704.662,193210468,1,false
idle,9261,192319428.107,192324258.405,193231476,1,false
idle,9262,192339448.775,192344328.066,193251540,1,false
idle,9263,192359565.849,192364664.636,193271564,1,false
idle,9264,192379885.741,192381065.928,193291864,1,false
idle,9265,192400296.458,192401502.602,193312256,1,false
idle,9266,192420674.967,192422047.614,193332620,1,false
idle,9267,192441220.543,192442591.724,193353144,1,false
idle,9268,192461832.026,192463092.860,193373740,1,false
idle,9269,192482272.751,192483516.321,193394152,1,false
idle,9270,192502678.937,192504100.687,193414540,1,false
idle,9271,192523408.526,192528632.987,193435208,1,false
idle,9272,192543828.592,192549384.006,193455648,1,false
idle,9273,192564599.718,192569656.115,193476408,1,false
idle,9274,192584847.240,192590081.660,193496632,1,false
idle,9275,192605249.954,192610480.252,193517012,1,false
idle,9276,192625638.224,192626864.342,193537380,1,false
idle,9277,192646034.231,192647441.334,193557764,1,false
idle,9278,192666621.210,192667828.695,193578324,1,false
idle,9279,192686986.878,192688334.827,193598672,1,false
idle,9280,192707521.301,192708899.376,193619180,1,false
idle,9281,192728093.483,192729358.996,193639736,1,false
idle,9282,192748533.070,192749838.452,193660156,1,false
idle,9283,192769022.047,192770303.950,193680624,1,false
idle,9284,192789488.321,192790759.136,193701088,1,false
idle,9285,192809948.979,192811080.347,193721504,1,false
idle,9286,192830237.470,192831699.103,193741776,1,false
idle,9287,192850848.561,192852120.595,193762372,1,false
idle,9288,192871333.473,192872596.343,193782828,1,false
idle,9289,192891787.598,192893008.852,193803276,1,false
idle,9290,192912247.121,192913575.325,193823712,1,false
idle,9291,192932774.490,192934125.782,193844216,1,false
idle,9292,192953290.878,192954494.580,193864720,1,false
idle,9293,192973695.178,192975059.818,193885092,1,false
idle,9294,192994247.699,192995637.921,193905628,1,false
idle,9295,193014843.485,193020048.958,193926208,1,false
idle,9296,193035230.622,193036468.427,193946568,1,false
idle,9297,193055660.487,193056951.355,193966984,1,false
idle,9298,193076128.083,193077477.442,193987432,1,false
idle,9299,193096666.160,193097920.303,194007944,1,false
idle,9300,193117114.710,193118409.688,194028376,1,false
idle,9301,193137601.552,193138788.124,194048844,1,false
idle,9302,193157992.001,193159404.558,194069212,1,false
idle,9303,193178587.658,193179817.305,194089784,1,false
idle,9304,193199014.636,193200293.489,194110192,1,false
idle,9305,193219489.099,193220769.111,194130668,1,false
idle,9306,193239967.302,193241267.644,194151108,1,false
idle,9307,193260401.386,193261577.510,194171524,1,false
idle,9308,193280743.087,193282238.401,194191844,1,false
idle,9309,193301510.360,193302755.218,194212592,1,false
idle,9310,193321929.130,193323084.175,194232992,1,false
idle,9311,193342262.073,193343593.109,194253300,1,false
idle,9312,193362751.825,193363943.322,194273776,1,false
idle,9313,193383094.185,193384502.704,194294100,1,false
idle,9314,193403655.790,193404979.635,194314632,1,false
idle,9315,193424125.271,193425483.332,194335084,1,false
idle,9316,193444647.100,193445937.319,194355584,1,false
idle,9317,193465094.794,193466485.320,194376012,1,false
idle,9318,193485638.017,193486863.373,194396540,1,false
idle,9319,193506151.075,193507311.820,194417028,1,false
idle,9320,193526457.150,193527904.856,194437368,1,false
idle,9321,193547045.547,193548343.632,194457884,1,false
idle,9322,193567533.109,193568939.233,194478356,1,false
idle,9323,193588120.485,193589321.368,194498920,1,false
idle,9324,193608478.771,193609772.377,194519284,1,false
idle,9325,193628925.993,193630275.834,194539688,1,false
idle,9326,193649397.059,193650752.088,194560136,1,false
idle,9327,193669901.567,193671286.811,194580620,1,false
idle,9328,193690407.235,193691649.105,194601104,1,false
idle,9329,193710800.531,193712118.781,194621476,1,false
idle,9330,193731266.252,193732606.756,194641932,1,false
idle,9331,193751769.462,193753080.062,194662416,1,false
idle,9332,193772241.216,193773569.930,194682860,1,false
idle,9333,193792727.445,193794043.342,194703324,1,false
idle,9334,193813204.239,193814572.125,194723780,1,false
idle,9335,193833725.423,193835001.741,194744280,1,false
idle,9336,193854154.949,193855465.929,194764696,1,false
idle,9337,193874616.851,193876059.897,194785132,1,false
idle,9338,193895249.893,193896512.016,194805748,1,false
idle,9339,193915668.111,193916921.431,194826148,1,false
idle,9340,193936076.852,193937394.620,194846536,1,false
idle,9341,193956558.348,193957861.206,194866992,1,false
idle,9342,193977027.873,193978346.776,194887444,1,false
idle,9343,193997496.381,193998843.397,194907900,1,false
idle,9344,194018001.250,194019323.087,194928376,1,false
idle,9345,194038509.224,194039862.430,194948872,1,false
idle,9346,194059058.925,194060264.390,194969392,1,false
idle,9347,194079409.058,194080740.365,194989744,1,false
idle,9348,194099894.775,194101205.797,195010192,1,false
idle,9349,194120337.636,194121708.766,195030616,1,false
idle,9350,194140871.857,194142167.356,195051140,1,false
idle,9351,194161316.870,194162653.689,195071556,1,false
idle,9352,194181843.152,194183258.256,195092060,1,false
idle,9353,194202446.188,194203696.566,195112704,1,false
idle,9354,194222913.276,194224538.402,195133088,1,false
idle,9355,194243737.315,194248771.859,195153892,1,false
idle,9356,194263960.829,194265202.520,195174100,1,false
idle,9357,194284363.555,194285690.033,195194476,1,false
idle,9358,194304876.698,194306100.744,195214976,1,false
idle,9359,194325288.721,194326736.868,195235368,1,false
idle,9360,194345943.473,194347489.178,195255996,1,false
idle,9361,194366719.053,194371705.288,195276756,1,false
idle,9362,194386890.599,194388011.230,195296900,1,false
idle,9363,194407213.393,194408428.917,195317212,1,false
idle,9364,194427580.764,194428951.988,195337560,1,false
idle,9365,194448449.424,194454034.302,195358460,1,false
idle,9366,194469532.086,194474136.540,195379396,1,false
idle,9367,194489497.962,194494832.545,195399424,1,false
idle,9368,194510449.690,194515588.751,195420404,1,false
idle,9369,194531070.821,194535876.492,195440948,1,false
idle,9370,194551393.062,194555946.126,195461188,1,false
idle,9371,194572122.083,194576408.061,195481964,1,false
idle,9372,194592610.982,194596924.812,195502420,1,false
idle,9373,194613112.530,194617409.234,195522904,1,false
idle,9374,194633554.860,194637884.991,195543328,1,false
idle,9375,194654185.441,194658425.234,195563936,1,false
idle,9376,194674863.178,194679552.748,195584596,1,false
idle,9377,194695802.508,194699538.597,195605524,1,false
idle,9378,194716704.462,194719846.444,195626392,1,false
idle,9379,194736996.752,194740195.455,195646668,1,false
idle,9380,194757379.818,194760816.168,195667032,1,false
idle,9381,194777973.543,194781312.743,195687604,1,false
idle,9382,194798586.728,194801886.272,195708196,1,false
idle,9383,194819058.012,194822162.419,195728648,1,false
idle,9384,194839428.769,194842680.295,195749000,1,false
idle,9385,194859951.297,194863252.264,195769504,1,false
idle,9386,194880494.572,194883801.789,195790036,1,false
idle,9387,194901025.947,194904149.851,195810532,1,false
idle,9388,194921421.198,194924698.460,195830912,1,false
idle,9389,194941980.277,194945136.171,195851452,1,false
idle,9390,194962368.006,194965546.340,195871820,1,false
idle,9391,194982721.174,194986113.958,195892156,1,false
idle,9392,195003475.267,195006715.808,195912916,1,false
idle,9393,195024186.415,195027613.515,195933576,1,false
idle,9394,195044868.120,195047593.542,195954244,1,false
idle,9395,195065798.844,195068014.707,195975152,1,false
idle,9396,195086218.819,195088557.210,195995544,1,false
idle,9397,195106827.103,195109049.747,196016144,1,false
idle,9398,195127244.091,195129901.476,196036540,1,false
idle,9399,195148138.800,195150003.177,196057412,1,false
idle,9400,195169183.445,195170322.009,196078432,1,false
idle,9401,195189493.831,195190800.409,196098728,1,false
idle,9402,195209952.441,195211316.578,196119164,1,false
idle,9403,195230458.575,195231643.709,196139684,1,false
idle,9404,195250783.251,195252164.994,196159956,1,false
idle,9405,195271319.578,195272780.006,196180460,1,false
idle,9406,195291937.057,195293216.479,196201060,1,false
idle,9407,195312334.186,195313672.212,196221440,1,false
idle,9408,195332857.817,195334182.509,196241940,1,false
idle,9409,195353347.133,195354571.572,196262416,1,false
idle,9410,195373527.739,195375035.820,196282576,1,false
idle,9411,195394216.655,195395571.568,196303244,1,false
idle,9412,195414813.082,195416079.332,196323820,1,false
idle,9413,195435312.308,195436590.573,196344288,1,false
idle,9414,195455757.275,195457087.167,196364728,1,false
idle,9415,195476239.798,195477555.468,196385184,1,false
idle,9416,195496718.555,195498075.205,196405640,1,false
idle,9417,195517233.112,195518625.624,196426136,1,false
idle,9418,195537810.164,195539146.152,196446692,1,false
idle,9419,195558577.894,195564058.871,196467444,1,false
idle,9420,195579512.633,195584910.954,196488356,1,false
idle,9421,195600202.016,195604557.397,196509028,1,false
idle,9422,195620799.513,195624973.574,196529600,1,false
idle,9423,195641142.096,195645498.595,196549928,1,false
idle,9424,195661651.021,195665878.880,196570416,1,false
idle,9425,195682034.921,195686393.904,196590780,1,false
idle,9426,195702640.897,195706966.997,196611372,1,false
idle,9427,195723168.807,195727467.918,196631876,1,false
idle,9428,195743636.138,195747918.406,196652324,1,false
idle,9429,195764107.776,195768328.965,196672772,1,false
idle,9430,195784513.993,195788717.116,196693156,1,false
idle,9431,195804886.605,195809231.839,196713508,1,false
idle,9432,195825406.881,195829653.994,196734020,1,false
idle,9433,195845812.820,195850166.246,196754396,1,false
idle,9434,195866495.846,195870732.070,196774996,1,false
idle,9435,195886951.356,195891156.849,196795500,1,false
idle,9436,195907422.906,195911664.728,196815948,1,false
idle,9437,195927847.719,195932169.830,196836360,1,false
idle,9438,195948346.683,195952659.621,196856836,1,false
idle,9439,195968819.621,195973104.210,196877284,1,false
idle,9440,195989259.561,195993576.123,196897704,1,false
idle,9441,196009726.441,196013997.670,196918148,1,false
idle,9442,196030142.367,196034488.233,196938548,1,false
idle,9443,196050736.838,196054944.934,196959120,1,false
idle,9444,196071115.359,196075434.970,196979472,1,false
idle,9445,196091589.784,196095911.746,196999932,1,false
idle,9446,196112071.815,196116384.866,197020392,1,false
idle,9447,196132535.268,196136891.942,197040840,1,false
idle,9448,196153056.544,196157363.073,197061340,1,false
idle,9449,196173535.767,196177831.403,197081796,1,false
idle,9450,196194004.905,196198333.050,197102244,1,false
idle,9451,196214503.128,196218804.395,197122724,1,false
idle,9452,196234993.066,196239272.404,197143204,1,false
idle,9453,196255399.306,196259729.889,197163580,1,false
idle,9454,196276003.661,196280350.493,197184160,1,false
idle,9455,196296554.931,196300703.978,197204700,1,false
idle,9456,196316883.139,196321167.448,197225004,1,false
idle,9457,196337376.481,196341664.311,197245480,1,false
idle,9458,196357856.290,196362132.254,197265936,1,false
idle,9459,196378298.192,196382568.194,197286360,1,false
idle,9460,196398734.288,196403087.345,197306780,1,false
idle,9461,196419265.197,196423573.770,197327284,1,false
idle,9462,196439739.689,196444114.190,197347744,1,false
idle,9463,196460286.391,196464636.405,197368272,1,false
idle,9464,196480802.785,196485001.060,197388760,1,false
idle,9465,196501170.912,196505562.371,197409112,1,false
idle,9466,196521722.157,196526127.248,197429644,1,false
idle,9467,196542328.167,196546625.782,197450220,1,false
idle,9468,196562804.300,196566916.608,197470684,1,false
idle,9469,196583070.001,196587424.144,197490936,1,false
idle,9470,196603583.634,196607882.252,197511432,1,false
idle,9471,196624109.920,196628473.280,197531924,1,false
idle,9472,196644630.480,196648933.870,197552428,1,false
idle,9473,196665152.373,196669504.306,197572932,1,false
idle,9474,196685696.136,196689864.427,197593460,1,false
idle,9475,196706039.293,196710358.936,197613780,1,false
idle,9476,196726529.923,196730845.287,197634248,1,false
idle,9477,196747029.130,196751455.328,197654728,1,false
idle,9478,196767613.479,196771735.791,197675304,1,false
idle,9479,196787896.587,196792286.440,197695564,1,false
idle,9480,196808409.562,196812683.576,197716056,1,false
idle,9481,196828868.768,196833177.573,197736492,1,false
idle,9482,196849350.179,196853728.497,197756952,1,false
idle,9483,196869900.521,196874100.998,197777480,1,false
idle,9484,196890346.605,196894808.107,197797912,1,false
idle,9485,196910999.536,196915271.332,197818540,1,false
idle,9486,196931490.303,196935764.817,197839016,1,false
idle,9487,196951966.471,196956077.519,197859468,1,false
idle,9488,196972258.587,196976832.647,197879740,1,false
idle,9489,196993024.783,196997194.676,197900484,1,false
idle,9490,197013351.200,197017637.544,197920796,1,false
idle,9491,197033866.623,197038146.480,197941292,1,false
idle,9492,197054350.977,197058522.109,197961752,1,false
idle,9493,197074704.164,197079045.344,197982084,1,false
idle,9494,197095240.794,197099457.627,198002608,1,false
idle,9495,197115653.749,197119959.102,198022996,1,false
idle,9496,197136181.210,197140433.823,198043500,1,false
idle,9497,197156647.729,197161094.351,198063944,1,false
idle,9498,197177325.742,197181558.963,198084592,1,false
idle,9499,197197775.215,197202060.515,198105032,1,false
idle,9500,197218279.272,197222352.798,198125520,1,false
idle,9501,197238588.551,197242838.393,198145808,1,false
idle,9502,197259061.164,197263338.433,198166256,1,false
idle,9503,197279559.209,197284128.637,198186740,1,false
idle,9504,197300371.812,197304364.441,198207532,1,false
idle,9505,197320610.559,197324862.687,198227748,1,false
idle,9506,197341074.728,197345342.061,198248196,1,false
idle,9507,197361545.129,197365667.626,198268648,1,false
idle,9508,197381846.592,197386192.274,198288928,1,false
idle,9509,197402472.053,197406649.626,198309552,1,false
idle,9510,197422827.398,197427283.440,198329864,1,false
idle,9511,197443821.296,197448214.473,198350840,1,false
idle,9512,197464760.311,197468568.442,198371760,1,false
idle,9513,197484798.185,197488755.047,198391776,1,false
idle,9514,197504959.881,197509022.758,198411920,1,false
idle,9515,197525205.532,197529532.955,198432144,1,false
idle,9516,197545708.718,197549927.166,198452624,1,false
idle,9517,197566166.293,197570604.529,198473064,1,false
idle,9518,197587124.490,197591056.017,198493996,1,false
idle,9519,197607257.094,197611546.467,198514116,1,false
idle,9520,197627722.695,197631961.338,198534560,1,false
idle,9521,197648176.449,197652491.722,198554992,1,false
idle,9522,197668655.504,197672972.838,198575452,1,false
idle,9523,197689202.275,197693886.458,198595980,1,false
idle,9524,197709435.970,197714357.480,198616252,1,false
idle,9525,197729514.819,197734652.029,198636248,1,false
idle,9526,197749844.389,197754777.104,198656564,1,false
idle,9527,197769899.640,197771259.015,198676596,1,false
idle,9528,197790848.955,197795836.813,198697528,1,false
idle,9529,197811040.558,197812322.706,198717696,1,false
idle,9530,197831614.594,197836914.508,198738252,1,false
idle,9531,197852151.461,197857209.088,198758768,1,false
idle,9532,197872408.352,197873701.695,198779008,1,false
idle,9533,197892889.371,197894198.091,198799468,1,false
idle,9534,197913769.441,197918815.221,198820320,1,false
idle,9535,197934010.835,197939465.601,198840548,1,false
idle,9536,197954668.373,197959574.726,198861180,1,false
idle,9537,197974708.835,197976086.204,198881204,1,false
idle,9538,197995278.604,197996462.512,198901752,1,false
idle,9539,198015653.108,198016918.239,198922104,1,false
idle,9540,198036452.785,198041682.985,198942928,1,false
idle,9541,198056912.823,198062064.255,198963328,1,false
idle,9542,198077281.768,198082453.457,198983688,1,false
idle,9543,198097633.199,198098961.581,199004008,1,false
idle,9544,198118156.823,198119371.826,199024516,1,false
idle,9545,198138560.401,198139800.186,199044896,1,false
idle,9546,198158977.574,198160264.329,199065300,1,false
idle,9547,198179454.674,198180783.116,199085792,1,false
idle,9548,198199949.810,198201231.402,199106224,1,false
idle,9549,198220415.002,198221944.776,199126672,1,false
idle,9550,198241500.724,198246481.529,199147740,1,false
idle,9551,198261671.671,198266884.958,199167888,1,false
idle,9552,198282143.279,198287330.993,199188336,1,false
idle,9553,198302487.665,198303734.029,199208672,1,false
idle,9554,198322880.150,198324207.697,199229036,1,false
idle,9555,198343340.665,198344814.320,199249476,1,false
idle,9556,198363970.080,198365157.396,199270088,1,false
idle,9557,198384448.325,198389726.196,199290588,1,false
idle,9558,198404947.762,198410229.483,199311024,1,false
idle,9559,198425507.202,198430715.774,199331560,1,false
idle,9560,198445887.392,198447011.127,199351920,1,false
idle,9561,198466223.812,198467377.933,199372240,1,false
idle,9562,198486550.498,198487877.271,199392548,1,false
idle,9563,198507095.574,198508367.897,199413072,1,false
idle,9564,198527571.975,198528834.357,199433520,1,false
idle,9565,198548079.174,198549549.450,199454020,1,false
idle,9566,198568766.794,198569906.728,199474684,1,false
idle,9567,198589170.324,198590391.125,199495060,1,false
idle,9568,198609678.079,198610961.630,199515552,1,false
idle,9569,198630184.482,198631481.558,199536040,1,false
idle,9570,198650692.105,198656078.727,199556528,1,false
idle,9571,198671315.232,198676463.473,199577124,1,false
idle,9572,198691620.156,198692869.008,199597412,1,false
idle,9573,198712067.216,198713329.662,199617844,1,false
idle,9574,198732516.651,198733808.347,199638268,1,false
idle,9575,198752978.295,198754249.288,199658708,1,false
idle,9576,198773455.647,198774633.217,199679204,1,false
idle,9577,198793814.006,198795231.797,199699508,1,false
idle,9578,198814413.340,198815749.170,199720092,1,false
idle,9579,198834942.901,198836250.397,199740600,1,false
idle,9580,198855447.589,198860719.419,199761124,1,false
idle,9581,198875991.472,198881236.865,199781608,1,false
idle,9582,198896505.492,198901735.560,199802096,1,false
idle,9583,198916950.729,198922195.963,199822524,1,false
idle,9584,198937372.461,198938612.677,199842924,1,false
idle,9585,198957899.920,198963145.055,199863436,1,false
idle,9586,198978461.323,198983594.734,199884008,1,false
idle,9587,198998801.525,199000035.254,199904292,1,false
idle,9588,199019330.125,199024540.965,199924792,1,false
idle,9589,199039761.476,199040992.627,199945224,1,false
idle,9590,199060219.651,199061530.530,199965648,1,false
idle,9591,199080769.836,199086034.696,199986188,1,false
idle,9592,199101260.805,199106536.238,200006660,1,false
idle,9593,199121765.263,199126973.904,200027148,1,false
idle,9594,199142291.394,199147458.314,200047640,1,false
idle,9595,199162692.662,199168156.507,200068024,1,false
idle,9596,199183385.471,199188443.263,200088696,1,false
idle,9597,199203657.093,199208923.015,200108952,1,false
idle,9598,199224166.368,199229416.252,200129436,1,false
idle,9599,199244606.760,199249895.379,200149860,1,false
idle,9600,199265116.477,199270384.534,200170348,1,false
idle,9601,199285609.258,199290832.907,200190832,1,false
idle,9602,199306030.226,199311352.090,200211220,1,false
idle,9603,199326586.687,199331800.860,200231756,1,false
idle,9604,199347080.577,199352279.379,200252228,1,false
idle,9605,199367515.590,199372744.528,200272644,1,false
idle,9606,199387975.715,199393243.703,200293088,1,false
idle,9607,199408469.558,199413737.685,200313584,1,false
idle,9608,199428960.571,199434177.514,200334028,1,false
idle,9609,199449404.204,199454733.418,200354460,1,false
idle,9610,199469957.340,199475146.678,200374984,1,false
idle,9611,199490399.470,199495616.247,200395424,1,false
idle,9612,199510855.101,199516120.254,200415844,1,false
idle,9613,199531482.544,199536522.624,200436460,1,false
idle,9614,199551709.334,199552989.695,200456660,1,false
idle,9615,199572174.747,199573440.701,200477108,1,false
idle,9616,199592622.350,199593990.915,200497532,1,false
idle,9617,199613180.856,199614371.820,200518072,1,false
idle,9618,199633554.542,199634880.692,200538428,1,false
idle,9619,199654053.765,199655259.790,200558904,1,false
idle,9620,199674401.331,199675737.732,200579236,1,false
idle,9621,199694888.892,199696211.852,200599696,1,false
idle,9622,199715346.235,199716697.647,200620140,1,false
idle,9623,199735848.769,199737198.377,200640616,1,false
idle,9624,199756341.819,199757655.155,200661088,1,false
idle,9625,199776819.008,199778167.503,200681556,1,false
idle,9626,199797340.724,199798637.116,200702048,1,false
idle,9627,199817788.954,199819051.691,200722480,1,false
idle,9628,199838228.896,199839698.128,200742904,1,false
idle,9629,199858864.592,199860203.914,200763516,1,false
idle,9630,199879335.226,199880555.260,200783968,1,false
idle,9631,199899712.787,199901103.926,200804328,1,false
idle,9632,199920257.351,199921505.195,200824856,1,false
idle,9633,199940669.588,199942077.693,200845240,1,false
idle,9634,199961280.632,199962602.981,200865828,1,false
idle,9635,199981794.075,199983027.835,200886320,1,false
idle,9636,200002192.411,200003463.628,200906700,1,false
idle,9637,200022625.126,200023984.220,200927120,1,false
idle,9638,200043358.194,200048941.020,200947828,1,false
idle,9639,200064337.451,200069440.250,200968776,1,false
idle,9640,200084659.912,200089553.605,200989084,1,false
idle,9641,200104681.755,200106000.049,201009092,1,false
idle,9642,200125200.395,200130504.764,201029588,1,false
idle,9643,200145793.055,200150972.322,201050156,1,false
idle,9644,200166168.748,200171483.179,201070520,1,false
idle,9645,200186680.300,200191950.272,201091008,1,false
idle,9646,200207141.569,200212462.490,201111452,1,false
idle,9647,200227693.334,200232939.192,201131976,1,false
idle,9648,200248133.940,200253398.094,201152400,1,false
idle,9649,200268583.297,200273870.939,201172836,1,false
idle,9650,200289069.869,200294402.342,201193292,1,false
idle,9651,200309597.392,200314669.185,201213808,1,false
idle,9652,200329872.670,200331080.250,201234060,1,false
idle,9653,200350298.771,200351643.999,201254460,1,false
idle,9654,200370896.934,200372178.519,201275044,1,false
idle,9655,200391434.657,200396639.500,201295620,1,false
idle,9656,200411964.568,200417108.203,201316072,1,false
idle,9657,200432324.969,200433478.748,201336404,1,false
idle,9658,200452704.531,200454028.151,201356768,1,false
idle,9659,200473262.437,200474552.550,201377312,1,false
idle,9660,200493780.206,200495023.619,201397804,1,false
idle,9661,200514235.881,200515411.937,201418244,1,false
idle,9662,200534600.572,200535930.563,201438592,1,false
idle,9663,200555115.871,200556347.846,201459084,1,false
idle,9664,200575541.090,200576816.986,201479484,1,false
idle,9665,200595991.438,200597330.765,201499920,1,false
idle,9666,200616524.591,200617896.179,201520428,1,false
idle,9667,200637090.628,200638379.413,201540972,1,false
idle,9668,200657583.958,200658851.918,201561452,1,false
idle,9669,200678033.966,200679336.472,201581880,1,false
idle,9670,200698513.669,200699800.181,201602344,1,false
idle,9671,200718967.143,200720314.863,201622772,1,false
idle,9672,200739789.186,200744800.956,201643572,1,false
idle,9673,200760033.342,200761264.024,201663804,1,false
idle,9674,200780456.038,200781700.683,201684232,1,false
idle,9675,200800889.632,200802271.471,201704620,1,false
idle,9676,200821749.288,200826856.387,201725436,1,false
idle,9677,200842076.214,200847336.535,201745760,1,false
idle,9678,200862520.093,200867719.169,201766188,1,false
idle,9679,200882915.906,200884204.656,201786560,1,false
idle,9680,200903553.981,200909246.079,201807180,1,false
idle,9681,200923658.802,200925499.550,201827264,1,false
idle,9682,200943784.444,200945991.197,201847372,1,false
idle,9683,200964346.458,200966101.116,201867916,1,false
idle,9684,200985452.236,200990667.636,201889028,1,false
idle,9685,201005855.451,201010952.611,201909388,1,false
idle,9686,201026158.763,201027544.083,201929664,1,false
idle,9687,201047054.946,201052113.512,201950540,1,false
idle,9688,201067364.761,201072576.608,201970824,1,false
idle,9689,201087785.612,201093014.278,201991228,1,false
idle,9690,201108183.372,201109392.578,202011608,1,false
idle,9691,201128568.315,201129921.232,202031972,1,false
idle,9692,201149113.172,201150365.283,202052496,1,false
idle,9693,201169536.610,201170814.981,202072900,1,false
idle,9694,201189982.523,201191361.970,202093328,1,false
idle,9695,201210541.172,201211812.960,202113868,1,false
idle,9696,201230994.811,201232331.749,202134304,1,false
idle,9697,201251551.212,201256641.229,202154836,1,false
idle,9698,201271825.410,201273029.262,202175092,1,false
idle,9699,201292202.263,201293556.073,202195448,1,false
idle,9700,201312740.471,201313987.275,202215964,1,false
idle,9701,201333190.543,201334634.452,202236392,1,false
idle,9702,201353831.064,201355092.720,202257020,1,false
idle,9703,201374285.343,201375535.159,202277448,1,false
idle,9704,201394718.560,201396018.915,202297864,1,false
idle,9705,201415213.607,201416543.582,202318340,1,false
idle,9706,201435769.113,201437045.140,202338872,1,false
idle,9707,201456236.876,201457527.875,202359324,1,false
idle,9708,201476695.983,201478018.153,202379756,1,false
idle,9709,201497208.429,201498455.302,202400256,1,false
idle,9710,201517628.361,201518797.199,202420648,1,false
idle,9711,201537984.274,201539375.760,202440984,1,false
idle,9712,201558559.391,201559834.883,202461548,1,false
idle,9713,201579032.909,201580445.493,202481996,1,false
idle,9714,201599631.291,201600839.496,202502580,1,false
idle,9715,201620027.114,201621335.663,202522948,1,false
idle,9716,201640527.603,201641769.939,202543428,1,false
idle,9717,201660963.783,201662408.048,202563848,1,false
idle,9718,201681593.534,201682817.022,202584452,1,false
idle,9719,201702004.195,201703285.294,202604848,1,false
idle,9720,201722463.638,201723738.251,202625304,1,false
idle,9721,201742931.424,201744195.578,202645736,1,false
idle,9722,201763356.032,201764629.697,202666140,1,false
idle,9723,201783811.901,201785162.497,202686576,1,false
idle,9724,201804350.475,201805669.490,202707104,1,false
idle,9725,201824857.481,201826085.189,202727584,1,false
idle,9726,201845276.036,201846525.512,202747984,1,false
idle,9727,201865716.822,201867108.224,202768408,1,false
idle,9728,201886315.628,201887521.715,202788968,1,false
idle,9729,201906855.745,201907885.912,202809500,1,false
idle,9730,201927054.123,201928363.957,202829676,1,false
idle,9731,201947527.685,201948850.392,202850128,1,false
idle,9732,201968108.643,201969342.175,202870688,1,false
idle,9733,201988507.690,201989803.423,202891072,1,false
idle,9734,202008966.507,202010293.472,202911516,1,false
idle,9735,202029458.475,202030755.256,202932008,1,false
idle,9736,202049908.284,202051389.674,202952408,1,false
idle,9737,202070556.373,202071721.728,202973040,1,false
idle,9738,202090887.847,202092295.697,202993348,1,false
idle,9739,202111453.612,202112754.589,203013928,1,false
idle,9740,202131908.927,202133282.719,203034328,1,false
idle,9741,202152443.632,202153724.318,203054888,1,false
idle,9742,202172874.911,202174256.508,203075252,1,false
idle,9743,202193408.407,202194627.431,203095772,1,false
idle,9744,202213791.566,202215166.379,203116132,1,false
idle,9745,202234323.674,202235727.432,203136640,1,false
idle,9746,202254902.632,202256194.446,203157200,1,false
idle,9747,202275376.117,202276746.443,203177660,1,false
idle,9748,202295943.764,202297201.036,203198208,1,false
idle,9749,202316440.610,202321692.978,203218728,1,false
idle,9750,202336852.827,202337975.871,203239076,1,false
idle,9751,202357153.742,202358412.130,203259356,1,false
idle,9752,202377559.024,202378908.902,203279744,1,false
idle,9753,202398085.284,202399438.954,203300244,1,false
idle,9754,202418620.559,202419971.877,203320760,1,false
idle,9755,202439154.684,202440536.261,203341276,1,false
idle,9756,202459721.379,202460929.346,203361824,1,false
idle,9757,202480115.057,202481429.482,203382196,1,false
idle,9758,202500583.027,202501905.810,203402640,1,false
idle,9759,202521067.678,202522321.235,203423104,1,false
idle,9760,202541477.731,202542780.700,203443504,1,false
idle,9761,202561945.644,202563251.474,203463948,1,false
idle,9762,202582400.962,202583717.646,203484384,1,false
idle,9763,202602875.546,202604199.510,203504832,1,false
idle,9764,202623361.620,202624676.407,203525296,1,false
idle,9765,202643847.216,202645159.281,203545772,1,false
idle,9766,202664336.636,202665721.524,203566236,1,false
idle,9767,202684894.080,202686254.918,203586772,1,false
idle,9768,202705420.661,202706773.162,203607348,1,false
idle,9769,202726095.119,202731247.017,203627936,1,false
idle,9770,202746462.297,202747649.009,203648304,1,false
idle,9771,202766865.614,202768120.184,203668668,1,false
idle,9772,202787452.419,202788620.407,203689172,1,false
idle,9773,202807814.974,202809084.146,203709572,1,false
idle,9774,202828279.668,202829590.471,203730020,1,false
idle,9775,202848782.045,202850011.132,203750496,1,false
idle,9776,202869293.011,202870657.862,203770988,1,false
idle,9777,202889842.001,202891099.329,203791516,1,false
idle,9778,202910291.885,202911618.577,203811952,1,false
idle,9779,202930801.550,202932115.426,203832440,1,false
idle,9780,202951315.077,202952512.185,203852924,1,false
idle,9781,202971874.449,202977093.570,203873476,1,false
idle,9782,202992291.566,202997650.867,203893868,1,false
idle,9783,203012841.083,203018092.002,203914404,1,false
idle,9784,203033544.256,203038877.730,203935084,1,false
idle,9785,203054494.037,203059557.815,203956016,1,false
idle,9786,203075117.164,203079903.167,203976612,1,false
idle,9787,203096154.241,203100196.335,203997628,1,false
idle,9788,203116412.108,203120578.146,204017940,1,false
idle,9789,203136768.866,203140955.314,204038208,1,false
idle,9790,203157367.944,203161718.702,204058780,1,false
idle,9791,203178220.058,203182300.013,204079620,1,false
idle,9792,203198553.937,203202491.610,204099928,1,false
idle,9793,203218612.129,203222942.314,204119964,1,false
idle,9794,203239121.390,203243393.339,204140448,1,false
idle,9795,203259610.617,203263875.444,204160928,1,false
idle,9796,203280132.262,203284356.867,204181432,1,false
idle,9797,203300553.205,203304846.331,204201832,1,false
idle,9798,203321088.063,203325249.255,204222344,1,false
idle,9799,203341431.480,203345644.045,204242716,1,false
idle,9800,203361811.183,203366011.589,204263028,1,false
idle,9801,203382210.137,203386708.197,204283404,1,false
idle,9802,203402969.200,203407215.794,204304144,1,false
idle,9803,203423439.474,203427473.827,204324636,1,false
idle,9804,203443627.506,203447921.568,204344760,1,false
idle,9805,203464073.084,203468430.648,204365192,1,false
idle,9806,203484590.048,203489005.937,204385680,1,false
idle,9807,203505208.242,203509508.979,204406284,1,false
idle,9808,203525695.710,203529918.609,204426756,1,false
idle,9809,203546122.877,203550424.730,204447160,1,false
idle,9810,203566610.003,203570888.667,204467624,1,false
idle,9811,203587081.256,203591359.761,204488076,1,false
idle,9812,203607874.361,203612361.941,204508852,1,false
idle,9813,203628685.560,203632845.573,204529640,1,false
idle,9814,203649074.140,203652925.745,204550004,1,false
idle,9815,203670136.653,203673299.487,204571052,1,false
idle,9816,203690462.174,203693725.890,204591376,1,false
idle,9817,203710869.517,203714215.981,204611740,1,false
idle,9818,203731335.728,203734731.988,204632192,1,false
idle,9819,203751882.834,203755177.199,204652716,1,false
idle,9820,203772587.479,203775661.905,204673400,1,false
idle,9821,203792809.172,203796138.757,204693600,1,false
idle,9822,203813279.188,203816619.289,204714056,1,false
idle,9823,203833764.263,203837090.089,204734516,1,false
idle,9824,203854230.542,203857608.087,204754968,1,false
idle,9825,203874760.012,203877992.710,204775472,1,false
idle,9826,203895154.759,203898536.765,204795848,1,false
idle,9827,203915690.632,203919035.020,204816360,1,false
idle,9828,203936184.811,203939497.400,204836836,1,false
idle,9829,203956640.493,203960016.904,204857276,1,false
idle,9830,203977159.168,203980500.873,204877768,1,false
idle,9831,203997832.304,204000943.606,204898424,1,false
idle,9832,204018093.394,204021477.972,204918664,1,false
idle,9833,204038627.174,204042042.799,204939180,1,false
idle,9834,204059214.347,204062441.059,204959752,1,false
idle,9835,204079633.510,204082941.278,204980148,1,false
idle,9836,204100127.395,204103431.303,205000616,1,false
idle,9837,204120587.905,204123831.820,205021064,1,false
idle,9838,204141157.395,204144375.510,205041608,1,false
idle,9839,204161552.805,204164906.460,205061988,1,false
idle,9840,204182098.870,204185268.639,205082516,1,false
idle,9841,204202454.999,204205894.547,205102868,1,false
idle,9842,204223135.856,204226262.854,205123508,1,false
idle,9843,204243451.914,204246697.168,205143832,1,false
idle,9844,204263888.522,204267250.119,205164220,1,false
idle,9845,204284431.872,204287686.410,205184792,1,false
idle,9846,204304872.289,204308137.106,205205164,1,false
idle,9847,204325340.142,204328628.757,205225616,1,false
idle,9848,204345820.225,204349019.127,205246068,1,false
idle,9849,204366211.045,204369635.151,205266444,1,false
idle,9850,204386846.850,204390054.017,205287064,1,false
idle,9851,204407245.489,204410516.863,205307436,1,false
idle,9852,204427701.734,204431015.345,205327872,1,false
idle,9853,204448221.855,204451528.480,205348368,1,false
idle,9854,204468714.735,204471964.653,205368848,1,false
idle,9855,204489159.727,204492549.788,205389268,1,false
idle,9856,204509735.103,204513001.768,205409832,1,false
idle,9857,204530192.911,204533483.833,205430268,1,false
idle,9858,204550667.827,204553985.501,205450716,1,false
idle,9859,204571180.045,204574456.647,205471212,1,false
idle,9860,204591638.589,204594899.539,205491652,1,false
idle,9861,204612092.946,204615346.263,205512092,1,false
idle,9862,204632608.355,204635790.698,205532580,1,false
idle,9863,204652974.292,204656299.671,205552920,1,false
idle,9864,204673500.080,204676767.579,205573432,1,false
idle,9865,204693963.228,204697271.396,205593872,1,false
idle,9866,204714459.289,204717754.295,205614364,1,false
idle,9867,204734942.352,204738247.588,205634816,1,false
idle,9868,204755435.176,204758750.563,205655336,1,false
idle,9869,204775941.350,204779255.997,205675768,1,false
idle,9870,204796454.456,204799621.452,205696284,1,false
idle,9871,204816814.320,204820219.270,205716604,1,false
idle,9872,204837436.085,204840760.620,205737244,1,false
idle,9873,204857955.646,204861263.646,205757704,1,false
idle,9874,204878450.337,204881714.561,205778208,1,false
idle,9875,204898950.899,204902045.726,205798656,1,false
idle,9876,204919238.301,204922520.403,205818928,1,false
idle,9877,204939699.542,204942907.567,205839372,1,false
idle,9878,204960104.963,204963407.976,205859752,1,false
idle,9879,204980577.479,204983874.366,205880204,1,false
idle,9880,205001031.780,205004358.551,205900636,1,false
idle,9881,205021519.120,205024909.417,205921104,1,false
idle,9882,205042083.168,205045407.392,205941660,1,false
idle,9883,205062590.414,205065871.890,205962136,1,false
idle,9884,205083065.361,205086359.181,205982592,1,false
idle,9885,205103555.304,205106908.636,206003060,1,false
idle,9886,205124119.293,205127336.198,206023604,1,false
idle,9887,205144518.577,205147772.577,206043984,1,false
idle,9888,205164964.377,205168293.050,206064408,1,false
idle,9889,205185491.182,205188742.080,206084924,1,false
idle,9890,205205954.576,205209212.256,206105368,1,false
idle,9891,205226365.748,205229776.409,206125748,1,false
idle,9892,205246975.529,205250301.631,206146340,1,false
idle,9893,205267504.706,205270670.391,206166852,1,false
idle,9894,205287855.618,205291226.280,206187184,1,false
idle,9895,205308435.620,205311751.346,206207780,1,false
idle,9896,205328979.005,205332185.985,206228264,1,false
idle,9897,205349408.465,205352716.856,206248740,1,false
idle,9898,205369887.269,205372969.322,206269136,1,false
idle,9899,205390120.059,205393451.742,206289352,1,false
idle,9900,205410624.527,205414030.520,206309828,1,false
idle,9901,205431226.493,205434617.737,206330408,1,false
idle,9902,205451803.646,205455145.976,206350972,1,false
idle,9903,205472342.733,205475619.031,206371492,1,false
idle,9904,205492806.178,205496105.383,206391936,1,false
idle,9905,205513295.873,205516525.821,206412408,1,false
idle,9906,205533711.637,205537031.293,206432796,1,false
idle,9907,205554226.064,205557542.329,206453292,1,false
idle,9908,205574730.112,205577936.514,206473780,1,false
idle,9909,205595131.060,205598398.470,206494160,1,false
idle,9910,205615592.458,205618987.727,206514600,1,false
idle,9911,205636178.211,205639388.154,206535168,1,false
idle,9912,205656594.965,205659854.004,206555560,1,false
idle,9913,205677043.729,205680418.689,206575992,1,false
idle,9914,205697605.241,205700817.707,206596532,1,false
idle,9915,205718014.224,205721264.332,206616920,1,false
idle,9916,205738746.388,205741875.570,206637628,1,false
idle,9917,205759150.404,205762861.573,206658012,1,false
idle,9918,205780107.479,205782834.114,206678956,1,false
idle,9919,205801023.815,205803615.639,206699848,1,false
idle,9920,205821884.757,205823709.052,206720684,1,false
idle,9921,205842894.902,205844191.796,206741684,1,false
idle,9922,205863345.537,205864773.758,206762112,1,false
idle,9923,205883964.427,205889195.255,206782708,1,false
idle,9924,205904375.408,205905708.924,206803112,1,false
idle,9925,205924908.900,205930226.656,206823612,1,false
idle,9926,205945418.653,205950694.457,206844164,1,false
idle,9927,205966226.487,205971599.328,206864888,1,false
idle,9928,205987066.153,205992089.169,206885712,1,false
idle,9929,206007614.595,206012150.736,206906236,1,false
idle,9930,206028340.158,206032614.297,206926944,1,false
idle,9931,206048793.624,206052964.404,206947380,1,false
idle,9932,206069141.743,206073462.148,206967704,1,false
idle,9933,206089798.953,206094037.131,206988340,1,false
idle,9934,206110347.089,206114644.128,207008876,1,false
idle,9935,206130838.887,206135036.631,207029348,1,false
idle,9936,206151207.796,206155475.458,207049692,1,false
idle,9937,206171690.118,206175966.069,207070152,1,false
idle,9938,206192380.381,206196795.341,207090828,1,false
idle,9939,206213015.265,206216869.757,207111440,1,false
idle,9940,206234070.468,206237253.917,207132472,1,false
idle,9941,206254447.116,206257787.687,207152856,1,false
idle,9942,206274955.406,206278248.399,207173312,1,false
idle,9943,206295396.392,206298678.070,207193740,1,false
idle,9944,206315822.865,206319224.392,207214140,1,false
idle,9945,206336363.373,206339692.292,207234660,1,false
idle,9946,206356851.951,206360147.692,207255132,1,false
idle,9947,206377444.537,206380762.011,207275732,1,false
idle,9948,206397976.212,206401216.726,207296212,1,false
idle,9949,206418418.812,206421703.634,207316700,1,false
idle,9950,206438954.853,206442186.005,207337160,1,false
idle,9951,206459374.387,206462625.018,207357568,1,false
idle,9952,206479807.467,206483048.624,207377972,1,false
idle,9953,206500205.478,206503546.740,207398352,1,false
idle,9954,206520703.234,206524020.000,207418820,1,false
idle,9955,206541180.529,206544407.599,207439284,1,false
idle,9956,206561555.977,206564844.753,207459640,1,false
idle,9957,206581999.461,206585363.799,207480060,1,false
idle,9958,206602516.626,206605952.116,207500556,1,false
idle,9959,206623102.129,206626447.336,207521124,1,false
idle,9960,206643592.312,206646932.518,207541596,1,false
idle,9961,206664082.446,206667477.967,207562060,1,false
idle,9962,206684637.292,206687822.403,207582592,1,false
idle,9963,206704971.454,206708425.494,207602908,1,false
idle,9964,206725570.960,206728853.118,207623492,1,false
idle,9965,206745993.599,206749329.208,207643892,1,false
idle,9966,206766469.760,206769797.312,207664352,1,false
idle,9967,206787179.119,206790447.089,207685036,1,false
idle,9968,206807673.779,206810868.035,207705512,1,false
idle,9969,206828079.503,206831371.537,207725900,1,false
idle,9970,206848576.762,206852196.568,207746376,1,false
idle,9971,206869529.038,206872874.803,207767308,1,false
idle,9972,206890122.869,206892812.210,207787872,1,false
idle,9973,206911045.022,206913256.283,207808784,1,false
idle,9974,206931466.122,206933861.338,207829192,1,false
idle,9975,206952126.741,206954265.674,207849820,1,false
idle,9976,206972421.360,206974589.005,207870156,1,false
idle,9977,206992795.293,206995013.575,207890456,1,false
idle,9978,207013217.798,207015607.542,207910860,1,false
idle,9979,207033808.583,207036055.712,207931424,1,false
idle,9980,207054283.576,207056435.288,207951884,1,false
idle,9981,207074623.508,207077033.176,207972204,1,false
idle,9982,207095326.873,207097641.620,207992876,1,false
idle,9983,207115841.235,207117822.503,208013384,1,false
idle,9984,207136013.913,207138419.689,208033528,1,false
idle,9985,207156608.462,207158848.724,208054100,1,false
idle,9986,207177034.991,207179356.887,208074516,1,false
idle,9987,207197537.724,207199868.639,208094996,1,false
idle,9988,207218079.695,207220324.823,208115520,1,false
idle,9989,207238524.370,207240703.172,208135940,1,false
idle,9990,207258900.099,207261187.377,208156300,1,false
idle,9991,207279516.567,207281660.105,208176896,1,false
idle,9992,207299820.070,207302214.418,208197180,1,false
idle,9993,207320335.615,207322630.970,208217676,1,false
idle,9994,207340798.770,207343120.920,208238112,1,false
idle,9995,207361309.154,207363621.593,208258600,1,false
idle,9996,207381774.342,207384124.347,208279052,1,false
idle,9997,207402345.946,207404695.456,208299604,1,false
idle,9998,207422909.064,207425163.869,208320148,1,false
idle,9999,207443615.278,207445950.012,208340828,1,false
