condition,trial,host_write_us,host_recv_us,dev_rise_us,n_events,overflow
load,0,2182928.863,2185778.887,3284760,1,false
load,1,2203955.505,2206794.789,3305520,1,false
load,2,2224944.620,2226776.848,3326492,1,false
load,3,2245935.532,2252777.113,3347468,1,false
load,4,2266938.638,2272779.771,3368440,1,false
load,5,2287932.825,2292780.635,3389412,1,false
load,6,2308930.907,2312775.882,3410392,1,false
load,7,2329928.311,2333777.507,3431372,1,false
load,8,2350937.857,2354779.587,3452360,1,false
load,9,2371939.680,2374779.295,3473344,1,false
load,10,2392934.004,2394782.624,3494316,1,false
load,11,2413933.325,2420771.288,3515296,1,false
load,12,2434920.354,2440773.686,3536260,1,false
load,13,2455929.460,2460789.198,3557244,1,false
load,14,2476942.308,2481771.691,3578236,1,false
load,15,2497923.729,2501778.818,3599204,1,false
load,16,2518936.622,2521782.012,3620188,1,false
load,17,2539935.243,2541775.016,3641172,1,false
load,18,2560930.038,2562288.930,3662144,1,false
load,19,2581447.686,2582774.593,3682640,1,false
load,20,2601933.199,2604771.190,3703108,1,false
load,21,2622923.656,2628770.932,3724076,1,false
load,22,2643923.669,2649773.842,3745060,1,false
load,23,2664931.449,2669772.268,3766048,1,false
load,24,2685920.739,2690772.559,3787008,1,false
load,25,2706942.944,2710774.323,3808020,1,false
load,26,2727934.347,2730778.350,3828988,1,false
load,27,2748926.487,2750772.020,3849960,1,false
load,28,2769922.330,2772771.348,3870928,1,false
load,29,2790921.649,2796769.743,3891908,1,false
load,30,2811888.635,2816773.726,3912880,1,false
load,31,2832928.330,2836771.953,3933876,1,false
load,32,2853932.293,2857770.910,3954864,1,false
load,33,2874924.419,2877771.991,3975832,1,false
load,34,2895929.346,2898773.595,3996820,1,false
load,35,2916933.844,2919772.833,4017800,1,false
load,36,2937939.014,2939773.662,4038788,1,false
load,37,2958932.170,2963772.032,4059764,1,false
load,38,2979937.141,2984771.796,4080744,1,false
load,39,3000938.563,3004815.805,4101720,1,false
load,40,3021955.791,3025786.985,4122720,1,false
load,41,3042949.588,3045770.625,4143692,1,false
load,42,3063973.896,3066791.236,4164700,1,false
load,43,3084937.086,3086779.103,4185644,1,false
load,44,3105952.470,3107797.745,4206636,1,false
load,45,3126966.057,3131774.214,4227628,1,false
load,46,3147934.024,3152123.757,4248584,1,false
load,47,3168326.831,3173956.135,4268948,1,false
load,48,3188870.119,3193073.747,4289512,1,false
load,49,3209275.683,3213491.811,4309868,1,false
load,50,3229650.994,3234788.693,4330212,1,false
load,51,3249955.757,3254809.763,4350496,1,false
load,52,3270983.917,3276768.453,4371500,1,false
load,53,3291954.323,3295809.780,4392452,1,false
load,54,3312959.162,3316787.190,4413436,1,false
load,55,3333953.056,3336798.123,4434416,1,false
load,56,3354975.994,3357792.177,4455408,1,false
load,57,3375952.788,3377321.957,4476372,1,false
load,58,3396522.140,3397823.772,4496916,1,false
load,59,3416999.492,3418295.360,4517376,1,false
load,60,3437461.934,3438788.295,4537812,1,false
load,61,3457958.902,3459254.547,4558292,1,false
load,62,3478436.975,3479703.545,4578756,1,false
load,63,3498877.492,3500180.038,4599204,1,false
load,64,3522611.337,3524756.122,4622888,1,false
load,65,3543060.383,3545231.794,4643316,1,false
load,66,3563442.041,3565707.461,4663676,1,false
load,67,3583869.608,3589161.164,4684128,1,false
load,68,3605861.277,3610737.493,4706104,1,false
load,69,3625885.534,3632776.829,4726084,1,false
load,70,3645904.915,3647633.687,4746064,1,false
load,71,3666825.708,3668788.336,4766960,1,false
load,72,3687022.228,3689770.223,4787132,1,false
load,73,3707981.489,3709778.645,4808072,1,false
load,74,3729023.211,3733776.425,4829092,1,false
load,75,3749975.805,3754778.991,4850028,1,false
load,76,3770967.622,3774772.088,4870992,1,false
load,77,3791957.685,3796776.685,4891964,1,false
load,78,3812992.707,3816773.575,4912984,1,false
load,79,3833938.995,3836475.144,4933904,1,false
load,80,3854651.729,3857772.231,4954600,1,false
load,81,3874947.199,3878771.797,4974876,1,false
load,82,3895940.102,3898641.003,4995848,1,false
load,83,3916814.264,3918776.125,5016720,1,false
load,84,3936947.836,3939085.856,5036812,1,false
load,85,3957307.021,3959636.346,5057152,1,false
load,86,3977804.815,3979786.610,5077632,1,false
load,87,3997986.040,4000644.147,5097796,1,false
load,88,4021857.654,4024528.034,5121688,1,false
load,89,4042715.216,4044966.493,5142484,1,false
load,90,4063122.539,4065396.986,5162868,1,false
load,91,4083555.405,4085929.930,5183280,1,false
load,92,4104095.096,4109769.420,5203800,1,false
load,93,4124955.413,4127792.382,5224640,1,false
load,94,4145955.310,4147774.511,5245620,1,false
load,95,4166938.179,4172983.312,5266580,1,false
load,96,4187152.213,4188276.315,5286784,1,false
load,97,4207436.941,4208758.072,5307044,1,false
load,98,4227936.162,4229247.330,5327520,1,false
load,99,4248377.412,4249730.835,5347936,1,false
load,100,4268885.332,4270200.751,5368452,1,false
load,101,4289398.058,4290676.724,5388928,1,false
load,102,4309809.327,4311164.090,5409324,1,false
load,103,4330317.172,4331663.503,5429804,1,false
load,104,4350800.023,4352164.606,5450264,1,false
load,105,4371317.353,4372798.835,5470760,1,false
load,106,4391950.645,4393786.580,5491372,1,false
load,107,4412935.959,4417770.559,5512336,1,false
load,108,4436869.078,4438788.610,5536280,1,false
load,109,4461801.702,4467412.745,5561160,1,false
load,110,4482580.882,4487786.524,5581916,1,false
load,111,4502971.604,4507789.697,5602288,1,false
load,112,4523945.831,4528279.084,5623244,1,false
load,113,4544465.805,4548728.355,5643740,1,false
load,114,4564874.192,4569214.810,5664160,1,false
load,115,4585339.789,4589692.190,5684572,1,false
load,116,4605863.397,4610577.495,5705124,1,false
load,117,4626751.607,4630633.383,5725948,1,false
load,118,4647751.269,4651134.703,5746924,1,false
load,119,4668275.386,4671664.738,5767432,1,false
load,120,4688803.641,4692775.257,5787932,1,false
load,121,4708966.263,4712771.627,5808080,1,false
load,122,4729947.339,4733468.944,5829040,1,false
load,123,4750862.667,4753864.342,5849984,1,false
load,124,4770999.062,4774290.886,5870056,1,false
load,125,4791421.885,4794770.027,5890456,1,false
load,126,4811940.879,4815785.010,5910952,1,false
load,127,4832943.569,4835788.928,5931932,1,false
load,128,4853945.576,4856178.281,5952912,1,false
load,129,4874310.623,4876785.256,5973260,1,false
load,130,4894947.116,4897793.823,5993884,1,false
load,131,4915954.508,4917781.911,6014864,1,false
load,132,4936940.181,4942768.753,6035828,1,false
load,133,4957933.011,4963792.970,6056800,1,false
load,134,4978938.242,4983781.596,6077788,1,false
load,135,4999938.193,5003771.495,6098768,1,false
load,136,5020923.647,5025764.689,6119728,1,false
load,137,5041869.811,5045778.769,6140688,1,false
load,138,5062943.213,5065791.001,6161712,1,false
load,139,5083949.807,5085774.163,6182696,1,false
load,140,5104935.377,5111778.809,6203660,1,false
load,141,5125932.591,5131781.559,6224636,1,false
load,142,5146953.862,5151772.053,6245636,1,false
load,143,5167930.586,5171774.636,6266600,1,false
load,144,5188935.215,5192775.315,6287580,1,false
load,145,5209931.507,5213785.194,6308552,1,false
load,146,5230965.246,5233773.411,6329568,1,false
load,147,5251928.122,5254774.113,6350508,1,false
load,148,5272944.277,5279775.966,6371504,1,false
load,149,5293938.431,5299775.599,6392484,1,false
load,150,5314945.938,5319783.868,6413472,1,false
load,151,5335941.795,5340784.678,6434444,1,false
load,152,5356937.417,5360775.674,6455416,1,false
load,153,5377940.479,5380779.580,6476400,1,false
load,154,5398946.529,5400771.016,6497384,1,false
load,155,5419926.432,5421771.782,6518348,1,false
load,156,5440927.945,5445691.711,6539328,1,false
load,157,5461863.726,5466202.042,6560276,1,false
load,158,5482352.151,5486789.139,6580704,1,false
load,159,5502961.593,5507781.377,6601296,1,false
load,160,5523934.884,5527774.316,6622252,1,false
load,161,5544922.433,5548776.590,6643212,1,false
load,162,5566118.243,5568776.722,6664396,1,false
load,163,5586928.570,5589777.469,6685184,1,false
load,164,5607927.652,5609778.556,6706160,1,false
load,165,5628078.268,5630943.611,6726292,1,false
load,166,5649102.887,5650782.379,6747296,1,false
load,167,5669955.508,5671775.809,6768124,1,false
load,168,5690938.204,5695783.341,6789092,1,false
load,169,5711943.066,5716776.548,6810076,1,false
load,170,5732737.623,5736771.108,6830856,1,false
load,171,5752941.041,5757023.360,6851036,1,false
load,172,5773191.445,5777802.648,6871264,1,false
load,173,5793954.237,5798784.605,6892008,1,false
load,174,5814944.384,5818779.252,6912980,1,false
load,175,5835949.826,5839775.321,6933956,1,false
load,176,5856949.777,5861769.267,6954936,1,false
load,177,5877932.228,5880792.986,6975896,1,false
load,178,5898941.732,5900778.148,6996888,1,false
load,179,5919944.169,5925779.011,7017880,1,false
load,180,5940947.401,5945782.761,7038856,1,false
load,181,5961962.405,5966818.873,7059848,1,false
load,182,5982959.824,5986777.413,7080828,1,false
load,183,6003937.707,6007774.698,7101784,1,false
load,184,6024929.126,6027774.475,7122748,1,false
load,185,6045867.309,6048774.560,7143704,1,false
load,186,6066929.073,6068773.582,7164712,1,false
load,187,6087932.177,6093182.230,7185700,1,false
load,188,6108285.343,6113770.137,7206028,1,false
load,189,6128917.231,6135772.650,7226644,1,false
load,190,6149928.648,6155520.379,7247636,1,false
load,191,6170652.059,6174778.954,7268332,1,false
load,192,6190917.810,6195777.870,7288580,1,false
load,193,6211934.373,6215783.189,7309576,1,false
load,194,6232940.548,6236784.144,7330556,1,false
load,195,6253944.907,6256775.355,7351544,1,false
load,196,6274930.654,6277778.005,7372512,1,false
load,197,6295975.657,6300776.777,7393540,1,false
load,198,6316949.535,6319772.106,7414492,1,false
load,199,6337941.622,6343767.880,7435456,1,false
load,200,6358921.433,6364217.805,7456416,1,false
load,201,6379380.657,6384777.912,7476856,1,false
load,202,6399941.821,6405779.790,7497400,1,false
load,203,6420949.168,6425773.473,7518384,1,false
load,204,6441946.359,6445927.578,7539364,1,false
load,205,6462081.059,6466772.003,7559480,1,false
load,206,6483005.373,6487770.173,7580380,1,false
load,207,6503928.980,6507686.179,7601288,1,false
load,208,6524799.068,6528770.626,7622136,1,false
load,209,6544922.717,6548775.061,7642240,1,false
load,210,6565928.309,6568899.022,7663228,1,false
load,211,6586056.356,6589453.960,7683336,1,false
load,212,6606556.046,6610006.955,7703816,1,false
load,213,6627171.556,6630770.532,7724408,1,false
load,214,6647929.339,6651771.300,7745144,1,false
load,215,6668925.055,6670930.240,7766124,1,false
load,216,6689062.032,6692033.697,7786240,1,false
load,217,6709196.327,6712613.756,7806352,1,false
load,218,6729786.655,6733768.980,7826912,1,false
load,219,6749921.465,6753773.219,7847036,1,false
load,220,6770924.143,6773770.193,7868020,1,false
load,221,6791916.184,6794770.391,7888992,1,false
load,222,6812929.082,6819672.259,7909980,1,false
load,223,6833803.171,6839791.923,7930856,1,false
load,224,6853943.117,6859768.118,7950952,1,false
load,225,6874929.043,6879598.814,7971924,1,false
load,226,6895714.245,6899792.961,7992692,1,false
load,227,6915925.373,6920776.964,8012880,1,false
load,228,6936926.965,6940777.190,8033856,1,false
load,229,6957933.116,6961775.852,8054852,1,false
load,230,6978929.199,6981774.721,8075816,1,false
load,231,6999925.572,7002776.897,8096796,1,false
load,232,7020927.122,7022776.774,8117780,1,false
load,233,7041930.991,7043778.926,8138772,1,false
load,234,7062930.632,7067775.039,8159736,1,false
load,235,7083930.978,7088777.386,8180716,1,false
load,236,7104936.079,7108777.586,8201700,1,false
load,237,7125930.119,7129777.834,8222676,1,false
load,238,7146934.251,7151766.360,8243668,1,false
load,239,7167930.198,7172767.679,8264636,1,false
load,240,7188930.168,7190589.001,8285620,1,false
load,241,7209747.008,7211297.566,8306416,1,false
load,242,7230485.320,7235801.267,8327132,1,false
load,243,7250947.401,7256795.792,8347572,1,false
load,244,7271960.264,7276787.357,8368560,1,false
load,245,7292948.987,7297787.102,8389532,1,false
load,246,7313949.429,7317784.935,8410516,1,false
load,247,7334942.260,7338779.214,8431484,1,false
load,248,7355930.472,7359769.297,8452452,1,false
load,249,7376926.882,7379780.414,8473432,1,false
load,250,7397944.179,7399783.662,8494428,1,false
load,251,7418938.147,7424773.554,8515400,1,false
load,252,7445119.028,7448782.045,8541556,1,false
load,253,7465942.849,7469772.581,8562360,1,false
load,254,7486922.792,7489773.206,8583316,1,false
load,255,7507921.017,7510772.538,8604292,1,false
load,256,7528927.709,7530793.346,8625280,1,false
load,257,7549960.393,7555775.115,8646296,1,false
load,258,7570933.447,7575778.185,8667248,1,false
load,259,7591925.304,7596775.896,8688216,1,false
load,260,7612919.997,7616775.542,8709192,1,false
load,261,7633925.888,7637777.922,8730176,1,false
load,262,7654921.702,7657775.528,8751156,1,false
load,263,7675921.466,7678777.809,8772132,1,false
load,264,7696942.666,7698777.637,8793132,1,false
load,265,7717939.828,7723772.278,8814112,1,false
load,266,7738921.428,7743777.620,8835068,1,false
load,267,7759937.385,7763993.477,8856060,1,false
load,268,7780155.334,7784424.676,8876264,1,false
load,269,7800572.907,7804987.699,8896656,1,false
load,270,7821151.009,7825410.767,8917220,1,false
load,271,7841588.584,7847777.236,8937632,1,false
load,272,7863806.094,7866779.717,8959844,1,false
load,273,7883925.824,7889769.544,8979932,1,false
load,274,7904927.145,7907776.389,9000916,1,false
load,275,7925927.583,7928776.747,9021892,1,false
load,276,7946912.139,7948777.418,9042860,1,false
load,277,7967951.992,7973767.873,9063872,1,false
load,278,7988919.632,7993777.725,9084828,1,false
load,279,8009927.062,8014779.544,9105808,1,false
load,280,8030935.547,8034774.419,9126796,1,false
load,281,8050999.521,8054786.893,9146844,1,false
load,282,8071943.623,8075774.955,9167764,1,false
load,283,8092926.434,8095725.981,9188724,1,false
load,284,8113964.088,8116549.343,9209744,1,false
load,285,8134030.960,8136778.252,9229796,1,false
load,286,8154950.734,8157270.227,9250688,1,false
load,287,8175436.596,8177773.911,9271156,1,false
load,288,8195932.827,8198782.885,9291632,1,false
load,289,8217700.203,8222770.802,9313380,1,false
load,290,8237939.994,8239777.140,9333604,1,false
load,291,8258948.173,8263774.431,9354592,1,false
load,292,8279938.759,8284786.531,9375556,1,false
load,293,8300948.165,8304650.900,9396548,1,false
load,294,8321807.281,8329191.780,9417392,1,false
load,295,8342356.444,8345787.407,9437912,1,false
load,296,8362931.422,8366786.150,9458472,1,false
load,297,8383945.763,8386776.375,9479464,1,false
load,298,8404924.350,8407778.431,9500424,1,false
load,299,8425943.145,8427782.295,9521420,1,false
load,300,8446933.584,8448784.507,9542392,1,false
load,301,8467940.518,8472775.497,9563376,1,false
load,302,8488926.415,8493113.991,9584340,1,false
load,303,8509268.969,8513780.917,9604664,1,false
load,304,8529937.815,8534777.603,9625320,1,false
load,305,8550925.812,8554775.983,9646276,1,false
load,306,8571926.765,8575780.549,9667264,1,false
load,307,8592928.533,8595777.365,9688244,1,false
load,308,8613942.930,8616434.129,9709236,1,false
load,309,8634583.058,8636792.728,9729856,1,false
load,310,8654954.488,8656850.728,9750204,1,false
load,311,8674962.331,8677341.333,9770192,1,false
load,312,8695466.030,8697793.470,9790680,1,false
load,313,8715962.728,8718308.050,9811156,1,false
load,314,8736462.494,8738782.609,9831636,1,false
load,315,8756938.387,8759202.122,9852088,1,false
load,316,8777383.502,8779725.303,9872512,1,false
load,317,8797852.414,8800202.855,9893008,1,false
load,318,8818371.753,8820795.526,9913464,1,false
load,319,8838953.288,8841206.161,9934024,1,false
load,320,8859380.040,8861616.544,9954432,1,false
load,321,8879749.300,8882782.130,9974776,1,false
load,322,8899932.704,8902588.148,9994944,1,false
load,323,8920733.182,8923094.921,10015724,1,false
load,324,8941243.137,8943570.573,10036212,1,false
load,325,8961735.896,8964038.872,10056688,1,false
load,326,8982158.749,8984790.001,10077088,1,false
load,327,9002942.813,9005599.963,10097852,1,false
load,328,9023731.950,9025776.177,10118628,1,false
load,329,9043925.261,9046775.168,10138792,1,false
load,330,9064942.428,9066775.524,10159792,1,false
load,331,9085934.406,9092763.698,10180760,1,false
load,332,9106879.057,9111779.720,10201708,1,false
load,333,9127941.844,9132780.284,10222728,1,false
load,334,9148946.463,9152779.631,10243716,1,false
load,335,9170000.761,9173778.532,10264752,1,false
load,336,9190934.541,9193774.933,10285656,1,false
load,337,9211937.234,9214250.336,10306644,1,false
load,338,9232366.364,9234781.107,10327056,1,false
load,339,9252930.639,9255774.983,10347596,1,false
load,340,9273926.397,9275784.636,10368572,1,false
load,341,9294939.407,9300769.442,10389560,1,false
load,342,9315920.517,9320775.319,10410524,1,false
load,343,9336929.914,9341780.361,10431512,1,false
load,344,9357928.735,9361773.897,10452496,1,false
load,345,9378944.242,9381803.924,10473496,1,false
load,346,9399961.101,9402306.025,10494484,1,false
load,347,9420460.685,9422793.807,10514960,1,false
load,348,9440951.097,9443209.464,10535436,1,false
load,349,9461371.858,9464938.173,10555832,1,false
load,350,9482089.626,9484791.747,10576532,1,false
load,351,9502947.635,9504780.195,10597364,1,false
load,352,9523933.811,9525787.517,10618332,1,false
load,353,9544947.141,9549727.005,10639332,1,false
load,354,9565868.055,9571772.396,10660256,1,false
load,355,9586917.918,9590774.459,10681252,1,false
load,356,9607946.221,9611947.292,10702268,1,false
load,357,9628082.025,9631860.246,10722380,1,false
load,358,9649020.767,9653775.177,10743300,1,false
load,359,9669956.999,9672871.813,10764216,1,false
load,360,9689975.421,9693782.595,10784212,1,false
load,361,9710923.389,9714773.280,10805140,1,false
load,362,9731924.595,9735772.928,10826128,1,false
load,363,9752948.097,9755772.979,10847128,1,false
load,364,9773930.150,9776064.452,10868088,1,false
load,365,9794217.775,9795767.748,10888352,1,false
load,366,9814916.701,9817771.735,10909036,1,false
load,367,9835935.173,9841773.155,10930036,1,false
load,368,9856922.959,9861771.721,10950996,1,false
load,369,9877868.575,9882774.549,10971944,1,false
load,370,9898934.680,9903172.463,10992964,1,false
load,371,9919282.979,9922772.799,11013300,1,false
load,372,9939926.243,9944770.072,11033920,1,false
load,373,9960921.901,9964766.324,11054892,1,false
load,374,9981915.610,9985127.039,11075864,1,false
load,375,10002280.066,10004798.632,11096208,1,false
load,376,10022938.923,10025601.643,11116856,1,false
load,377,10043726.612,10046244.098,11137624,1,false
load,378,10064398.373,10066771.872,11158272,1,false
load,379,10084919.226,10086930.181,11178776,1,false
load,380,10105059.461,10107769.479,11198896,1,false
load,381,10125924.728,10127864.738,11219736,1,false
load,382,10145964.693,10147801.572,11239760,1,false
load,383,10166940.308,10168817.677,11260708,1,false
load,384,10187938.754,10193829.229,11281688,1,false
load,385,10208943.657,10214332.813,11302676,1,false
load,386,10229479.579,10233869.068,11323196,1,false
load,387,10250034.651,10254846.454,11343720,1,false
load,388,10271016.528,10275574.346,11364688,1,false
load,389,10291754.471,10296303.597,11385400,1,false
load,390,10312493.633,10316788.344,11406124,1,false
load,391,10332961.011,10337656.174,11426572,1,false
load,392,10353792.357,10357769.225,11447388,1,false
load,393,10373933.679,10378774.382,11467508,1,false
load,394,10394931.447,10398780.688,11488488,1,false
load,395,10415927.746,10419089.421,11509456,1,false
load,396,10436208.912,10439260.741,11529716,1,false
load,397,10456416.112,10460087.873,11549900,1,false
load,398,10477230.661,10480771.002,11570704,1,false
load,399,10497921.094,10501771.035,11591372,1,false
load,400,10518926.789,10522767.028,11612356,1,false
load,401,10539922.410,10544984.482,11633340,1,false
load,402,10560131.458,10561425.386,11653528,1,false
load,403,10580567.285,10581867.309,11673936,1,false
load,404,10600994.672,10602376.244,11694344,1,false
load,405,10621491.171,10622824.467,11714824,1,false
load,406,10641986.035,10645765.584,11735288,1,false
load,407,10662936.048,10670764.335,11756228,1,false
load,408,10683879.538,10688386.824,11777152,1,false
load,409,10704525.217,10708872.516,11797772,1,false
load,410,10725026.026,10729358.238,11818256,1,false
load,411,10745531.011,10751767.967,11838736,1,false
load,412,10765927.853,10771202.546,11859116,1,false
load,413,10786355.568,10791802.002,11879524,1,false
load,414,10806925.395,10812776.212,11900076,1,false
load,415,10827922.690,10832250.507,11921048,1,false
load,416,10848420.829,10853607.623,11941528,1,false
load,417,10868765.790,10872867.303,11961852,1,false
load,418,10889012.097,10894772.536,11982080,1,false
load,419,10909917.557,10914771.104,12002964,1,false
load,420,10930920.635,10934812.169,12023948,1,false
load,421,10951946.743,10955774.194,12044952,1,false
load,422,10972920.299,10976772.741,12065904,1,false
load,423,10993921.100,10996087.461,12086884,1,false
load,424,11014205.261,11017769.374,12107152,1,false
load,425,11034919.224,11036788.368,12127844,1,false
load,426,11055924.504,11058769.449,12148824,1,false
load,427,11076944.858,11081570.960,12169824,1,false
load,428,11097727.876,11102094.448,12190588,1,false
load,429,11118242.212,11122511.314,12211088,1,false
load,430,11138688.124,11143050.323,12231508,1,false
load,431,11159218.127,11163764.900,12252016,1,false
load,432,11179924.519,11183982.092,12272704,1,false
load,433,11200129.340,11204469.938,12292896,1,false
load,434,11220634.771,11224977.754,12313380,1,false
load,435,11241144.910,11245767.765,12333872,1,false
load,436,11261922.525,11265960.267,12354624,1,false
load,437,11282067.898,11286390.099,12374748,1,false
load,438,11302495.884,11306876.989,12395160,1,false
load,439,11323008.374,11327334.687,12415652,1,false
load,440,11343495.790,11347837.344,12436120,1,false
load,441,11363991.454,11369765.202,12456596,1,false
load,442,11384936.174,11390778.374,12477520,1,false
load,443,11405933.044,11409257.529,12498492,1,false
load,444,11426371.164,11429723.982,12518912,1,false
load,445,11446851.816,11450190.412,12539404,1,false
load,446,11467341.919,11470694.642,12559840,1,false
load,447,11487846.177,11491173.368,12580368,1,false
load,448,11508328.425,11511653.119,12600792,1,false
load,449,11528801.919,11534769.398,12621244,1,false
load,450,11548874.473,11552616.506,12641312,1,false
load,451,11569740.194,11573074.184,12662140,1,false
load,452,11590231.047,11593546.846,12682608,1,false
load,453,11610657.671,11614299.768,12703020,1,false
load,454,11631451.254,11634794.909,12723796,1,false
load,455,11651966.115,11655779.115,12744284,1,false
load,456,11671989.514,11676787.512,12764292,1,false
load,457,11692929.660,11697048.975,12785216,1,false
load,458,11713184.025,11717000.441,12805448,1,false
load,459,11734139.203,11738276.542,12826380,1,false
load,460,11754428.568,11758025.847,12846652,1,false
load,461,11775150.959,11779772.726,12867348,1,false
load,462,11795932.130,11799207.711,12888112,1,false
load,463,11816353.308,11820128.150,12908516,1,false
load,464,11837281.788,11840037.219,12929424,1,false
load,465,11858145.098,11859772.970,12950264,1,false
load,466,11878926.735,11880244.666,12971032,1,false
load,467,11899358.627,11900768.404,12991440,1,false
load,468,11919920.943,11921179.738,13011984,1,false
load,469,11940330.650,11942771.158,13032372,1,false
load,470,11960924.992,11963229.765,13052948,1,false
load,471,11981354.305,11983087.862,13073348,1,false
load,472,12002222.559,12007897.884,13094200,1,false
load,473,12023017.790,12027961.294,13114972,1,false
load,474,12043058.550,12045773.607,13134996,1,false
load,475,12063924.240,12068798.556,13155844,1,false
load,476,12084967.329,12089782.005,13176860,1,false
load,477,12105934.668,12110779.003,13197812,1,false
load,478,12126940.200,12130780.186,13218792,1,false
load,479,12147928.104,12150777.925,13239764,1,false
load,480,12168925.522,12171776.720,13260744,1,false
load,481,12189929.332,12191776.824,13281724,1,false
load,482,12210923.108,12212779.448,13302696,1,false
load,483,12231933.134,12236778.602,13323684,1,false
load,484,12252963.295,12257779.758,13344696,1,false
load,485,12273923.887,12277775.568,13365636,1,false
load,486,12294922.986,12298774.895,13386612,1,false
load,487,12315927.221,12318778.269,13407600,1,false
load,488,12336936.414,12341773.285,13428588,1,false
load,489,12357930.333,12359780.246,13449564,1,false
load,490,12378946.037,12385771.549,13470552,1,false
load,491,12399028.567,12401773.007,13490616,1,false
load,492,12419939.650,12425782.502,13511508,1,false
load,493,12440936.521,12445788.618,13532488,1,false
load,494,12460948.910,12466773.133,13552476,1,false
load,495,12481924.894,12486778.535,13573432,1,false
load,496,12502933.159,12507781.078,13594416,1,false
load,497,12523931.931,12527775.096,13615396,1,false
load,498,12544924.996,12548778.227,13636364,1,false
load,499,12565929.554,12568781.712,13657356,1,false
load,500,12586932.976,12589776.337,13678340,1,false
load,501,12607925.497,12609777.159,13699316,1,false
load,502,12628928.531,12634781.474,13720288,1,false
load,503,12649934.412,12654776.950,13741276,1,false
load,504,12670931.446,12675785.481,13762256,1,false
load,505,12691940.700,12695780.217,13783244,1,false
load,506,12712933.213,12716777.146,13804212,1,false
load,507,12733925.859,12736779.716,13825188,1,false
load,508,12754926.496,12756781.067,13846164,1,false
load,509,12775936.842,12777778.259,13867156,1,false
load,510,12796930.823,12802773.004,13888128,1,false
load,511,12817923.725,12822784.966,13909100,1,false
load,512,12838941.664,12842776.558,13930100,1,false
load,513,12859968.696,12863781.688,13951108,1,false
load,514,12880936.036,12884773.157,13972056,1,false
load,515,12901923.565,12904777.213,13993024,1,false
load,516,12922939.112,12924781.216,14014012,1,false
load,517,12943929.508,12945778.924,14034988,1,false
load,518,12964933.493,12969771.411,14055964,1,false
load,519,12985944.361,12990244.320,14076952,1,false
load,520,13006367.984,13010733.416,14097360,1,false
load,521,13026870.918,13031203.224,14117852,1,false
load,522,13047371.830,13051786.454,14138332,1,false
load,523,13067943.733,13072778.200,14158872,1,false
load,524,13088933.295,13092778.683,14179844,1,false
load,525,13109937.476,13115767.729,14200840,1,false
load,526,13130932.932,13133784.856,14221804,1,false
load,527,13151938.978,13154778.052,14242796,1,false
load,528,13172934.185,13175765.569,14263768,1,false
load,529,13193866.591,13195775.900,14284696,1,false
load,530,13214925.576,13219781.534,14305720,1,false
load,531,13235940.034,13240776.281,14326712,1,false
load,532,13256933.102,13262770.973,14347688,1,false
load,533,13277956.631,13284783.773,14368688,1,false
load,534,13298960.421,13301783.044,14389672,1,false
load,535,13319942.388,13322129.076,14410624,1,false
load,536,13340293.792,13342469.060,14430964,1,false
load,537,13360631.364,13362954.850,14451280,1,false
load,538,13381088.695,13383425.733,14471716,1,false
load,539,13401858.548,13403958.694,14492488,1,false
load,540,13422065.867,13424380.133,14512656,1,false
load,541,13442504.743,13444858.587,14533076,1,false
load,542,13463005.119,13465341.351,14553556,1,false
load,543,13483508.073,13486793.387,14574032,1,false
load,544,13503954.114,13506295.398,14594460,1,false
load,545,13524446.181,13526799.411,14614936,1,false
load,546,13544944.077,13547281.991,14635416,1,false
load,547,13565446.610,13567761.415,14655896,1,false
load,548,13585932.681,13590785.927,14676360,1,false
load,549,13606942.874,13608692.061,14697352,1,false
load,550,13627859.538,13629205.521,14718268,1,false
load,551,13648355.426,13649678.948,14738724,1,false
load,552,13668793.799,13671773.032,14759152,1,false
load,553,13688925.860,13691428.866,14779256,1,false
load,554,13709573.119,13711852.829,14799884,1,false
load,555,13730001.149,13731969.018,14820296,1,false
load,556,13750075.216,13752792.362,14840348,1,false
load,557,13770953.008,13772777.337,14861196,1,false
load,558,13791923.763,13793778.839,14882156,1,false
load,559,13812958.036,13817777.341,14903140,1,false
load,560,13833927.842,13838778.592,14924112,1,false
load,561,13854928.652,13858782.401,14945096,1,false
load,562,13875939.228,13879778.557,14966084,1,false
load,563,13896929.854,13899777.749,14987048,1,false
load,564,13917927.167,13920785.133,15008032,1,false
load,565,13938952.813,13940777.166,15029032,1,false
load,566,13959932.483,13961779.613,15049992,1,false
load,567,13980952.471,13985556.049,15070996,1,false
load,568,14001669.663,14005982.947,15091696,1,false
load,569,14021744.927,14026445.724,15111748,1,false
load,570,14042600.382,14047764.102,15132584,1,false
load,571,14062871.526,14067436.084,15152840,1,false
load,572,14083583.519,14087940.211,15173528,1,false
load,573,14104160.596,14108769.614,15194080,1,false
load,574,14124928.008,14128948.095,15214824,1,false
load,575,14145067.432,14149359.432,15234948,1,false
load,576,14165495.685,14169858.469,15255364,1,false
load,577,14185995.190,14190445.701,15275840,1,false
load,578,14206580.467,14210812.362,15296404,1,false
load,579,14226938.748,14231792.252,15316740,1,false
load,580,14247951.523,14251776.929,15337732,1,false
load,581,14268933.164,14272791.107,15358688,1,false
load,582,14289938.712,14292778.202,15379676,1,false
load,583,14310943.739,14315771.800,15400660,1,false
load,584,14331927.184,14333779.005,15421624,1,false
load,585,14352937.627,14354778.054,15442616,1,false
load,586,14373946.215,14378775.348,15463604,1,false
load,587,14394939.051,14399788.636,15484580,1,false
load,588,14415943.547,14420768.091,15505556,1,false
load,589,14436868.622,14440774.249,15526472,1,false
load,590,14457934.539,14460662.688,15547512,1,false
load,591,14478794.392,14481107.242,15568352,1,false
load,592,14499264.294,14501666.506,15588804,1,false
load,593,14519794.523,14522063.524,15609312,1,false
load,594,14540224.556,14542551.222,15629720,1,false
load,595,14560706.494,14563072.029,15650180,1,false
load,596,14581233.538,14583512.013,15670692,1,false
load,597,14601663.745,14603971.367,15691100,1,false
load,598,14622122.213,14624460.836,15711540,1,false
load,599,14642636.100,14644965.119,15732028,1,false
load,600,14663125.161,14665474.812,15752496,1,false
load,601,14683656.934,14685954.640,15773016,1,false
load,602,14704116.511,14706417.346,15793448,1,false
load,603,14724578.247,14726937.218,15813888,1,false
load,604,14745106.064,14747335.746,15834400,1,false
load,605,14765499.404,14767840.658,15854772,1,false
load,606,14786004.818,14788309.487,15875260,1,false
load,607,14806467.313,14812110.100,15895700,1,false
load,608,14827265.254,14829248.992,15916480,1,false
load,609,14847435.896,14849736.815,15936628,1,false
load,610,14867948.091,14870223.852,15957124,1,false
load,611,14888380.128,14890731.288,15977536,1,false
load,612,14908865.398,14911212.542,15998016,1,false
load,613,14929353.378,14931672.356,16018472,1,false
load,614,14949791.338,14952145.724,16038896,1,false
load,615,14970318.013,14972635.975,16059400,1,false
load,616,14990798.058,14993128.817,16079852,1,false
load,617,15011285.667,15013573.802,16100320,1,false
load,618,15031737.822,15034081.058,16120752,1,false
load,619,15052232.001,15054564.861,16141228,1,false
load,620,15072726.680,15075044.389,16161700,1,false
load,621,15093196.898,15095504.918,16182148,1,false
load,622,15113673.447,15115988.041,16202604,1,false
load,623,15134146.171,15136458.260,16223060,1,false
load,624,15154612.342,15156957.064,16243508,1,false
load,625,15175104.700,15177420.341,16263976,1,false
load,626,15195570.487,15197935.640,16284428,1,false
load,627,15216087.387,15218387.377,16304916,1,false
load,628,15240460.642,15242946.984,16329268,1,false
load,629,15261133.125,15263429.153,16349920,1,false
load,630,15281612.824,15283945.141,16370380,1,false
load,631,15302094.143,15304771.545,16390844,1,false
load,632,15322916.909,15324857.284,16411640,1,false
load,633,15343494.066,15345409.406,16432212,1,false
load,634,15366332.901,15370444.678,16455020,1,false
load,635,15386606.136,15390416.853,16475268,1,false
load,636,15407573.100,15410959.785,16496216,1,false
load,637,15428112.639,15431375.638,16516736,1,false
load,638,15448526.341,15451842.153,16537136,1,false
load,639,15469012.407,15472339.108,16557600,1,false
load,640,15489497.085,15492811.190,16578068,1,false
load,641,15509965.613,15513289.995,16598512,1,false
load,642,15530412.619,15533773.683,16618940,1,false
load,643,15550926.145,15554784.121,16639428,1,false
load,644,15571937.480,15574784.774,16660424,1,false
load,645,15594836.671,15599316.683,16683336,1,false
load,646,15615476.745,15619795.182,16703916,1,false
load,647,15635941.016,15640245.972,16724368,1,false
load,648,15656851.508,15660735.615,16745276,1,false
load,649,15677859.853,15681203.614,16766256,1,false
load,650,15698368.050,15702767.781,16786736,1,false
load,651,15718938.096,15722155.086,16807276,1,false
load,652,15739360.432,15742630.318,16827680,1,false
load,653,15759797.010,15763792.408,16848100,1,false
load,654,15779952.918,15783780.442,16868236,1,false
load,655,15800928.181,15804522.682,16889188,1,false
load,656,15821687.103,15824783.064,16909924,1,false
load,657,15841954.117,15845557.812,16930172,1,false
load,658,15862708.744,15865777.220,16950912,1,false
load,659,15882932.592,15886406.643,16971112,1,false
load,660,15903556.497,15906484.264,16991712,1,false
load,661,15923599.035,15926936.410,17011736,1,false
load,662,15944070.429,15947427.055,17032200,1,false
load,663,15964577.653,15967943.510,17052688,1,false
load,664,15985078.718,15988385.256,17073168,1,false
load,665,16005510.758,16008844.268,17093568,1,false
load,666,16026006.777,16029786.344,17114048,1,false
load,667,16046940.611,16051768.450,17134960,1,false
load,668,16067930.030,16070794.236,17155936,1,false
load,669,16088951.952,16090778.987,17176936,1,false
load,670,16109924.697,16111776.869,17197884,1,false
load,671,16130925.997,16136775.574,17218868,1,false
load,672,16151922.989,16156776.609,17239840,1,false
load,673,16172933.527,16176778.259,17260836,1,false
load,674,16193944.205,16197787.336,17281820,1,false
load,675,16214949.072,16217781.060,17302808,1,false
load,676,16235956.136,16238781.230,17323792,1,false
load,677,16256936.205,16258780.254,17344748,1,false
load,678,16277983.107,16279781.782,17365776,1,false
load,679,16298968.211,16303771.525,17386736,1,false
load,680,16319941.458,16324806.961,17407696,1,false
load,681,16340965.259,16344781.469,17428700,1,false
load,682,16361935.405,16365775.903,17449648,1,false
load,683,16382930.725,16385779.015,17470620,1,false
load,684,16403928.643,16406779.641,17491604,1,false
load,685,16424935.553,16426778.716,17512592,1,false
load,686,16445926.881,16447793.319,17533560,1,false
load,687,16466948.882,16471785.522,17554560,1,false
load,688,16487938.131,16492779.248,17575532,1,false
load,689,16508935.431,16514765.620,17596504,1,false
load,690,16529920.802,16533786.884,17617472,1,false
load,691,16550934.279,16553605.645,17638460,1,false
load,692,16571728.172,16574107.085,17659236,1,false
load,693,16592603.952,16594577.525,17680092,1,false
load,694,16612739.339,16615087.830,17700212,1,false
load,695,16633234.753,16635545.948,17720680,1,false
load,696,16653664.137,16656021.243,17741092,1,false
load,697,16674163.783,16676480.215,17761576,1,false
load,698,16694606.053,16696988.086,17781996,1,false
load,699,16715152.496,16717519.465,17802520,1,false
load,700,16735689.459,16738774.601,17823040,1,false
load,701,16755946.743,16758786.437,17843276,1,false
load,702,16776103.239,16782773.519,17863400,1,false
load,703,16796929.388,16799776.248,17884216,1,false
load,704,16817934.629,16820793.825,17905204,1,false
load,705,16838948.965,16840779.788,17926196,1,false
load,706,16859951.345,16865801.410,17947176,1,false
load,707,16880947.741,16885782.483,17968156,1,false
load,708,16901943.422,16908772.078,17989124,1,false
load,709,16922938.165,16926802.374,18010104,1,false
load,710,16943938.343,16947775.149,18031084,1,false
load,711,16964894.283,16967794.199,18052020,1,false
load,712,16985943.409,16987776.860,18073052,1,false
load,713,17006939.640,17008790.078,18094020,1,false
load,714,17027948.142,17033798.847,18115012,1,false
load,715,17048928.912,17053811.546,18135964,1,false
load,716,17069956.401,17073836.976,18156980,1,false
load,717,17089974.203,17094249.999,18176976,1,false
load,718,17110431.350,17114742.593,18197416,1,false
load,719,17130848.594,17135247.024,18217840,1,false
load,720,17151432.510,17155721.708,18238368,1,false
load,721,17171861.237,17176216.052,18258792,1,false
load,722,17192367.615,17196805.410,18279268,1,false
load,723,17212979.067,17217149.128,18299864,1,false
load,724,17233331.374,17237634.359,18320196,1,false
load,725,17253798.040,17259783.091,18340636,1,false
load,726,17273946.917,17278586.596,18360768,1,false
load,727,17294756.298,17299072.341,18381560,1,false
load,728,17315234.561,17319554.664,18402016,1,false
load,729,17335730.258,17340046.513,18422496,1,false
load,730,17356210.831,17360503.882,18442952,1,false
load,731,17376723.923,17381384.980,18463444,1,false
load,732,17397556.279,17401781.543,18484252,1,false
load,733,17417937.797,17422782.998,18504616,1,false
load,734,17438934.184,17442778.410,18525596,1,false
load,735,17459813.028,17463373.322,18546520,1,false
load,736,17480549.412,17483787.355,18567176,1,false
load,737,17500954.633,17504798.701,18587556,1,false
load,738,17521960.438,17524775.793,18608544,1,false
load,739,17542925.371,17545502.838,18629480,1,false
load,740,17563659.065,17565789.753,18650196,1,false
load,741,17583944.835,17585779.511,18670468,1,false
load,742,17604931.659,17606778.253,18691428,1,false
load,743,17625954.503,17631774.619,18712432,1,false
load,744,17646936.126,17651780.591,18733388,1,false
load,745,17667927.106,17672777.796,18754368,1,false
load,746,17688928.917,17695510.613,18775344,1,false
load,747,17709697.713,17712795.971,18796096,1,false
load,748,17729982.835,17733775.307,18816360,1,false
load,749,17750931.208,17753778.395,18837280,1,false
load,750,17771931.915,17774780.598,18858260,1,false
load,751,17792931.877,17794747.318,18879248,1,false
load,752,17813855.503,17815778.375,18900160,1,false
load,753,17833895.993,17835781.864,18920172,1,false
load,754,17854938.123,17856778.026,18941192,1,false
load,755,17875931.808,17880783.302,18962164,1,false
load,756,17896931.568,17901773.290,18983144,1,false
load,757,17917941.438,17921778.559,19004128,1,false
load,758,17938943.972,17943768.733,19025116,1,false
load,759,17959924.794,17962773.404,19046076,1,false
load,760,17980928.176,17983769.825,19067064,1,false
load,761,18001914.882,18004770.066,19088024,1,false
load,762,18022921.005,18025771.097,19109008,1,false
load,763,18043922.976,18049769.717,19129992,1,false
load,764,18064922.883,18070666.609,19150968,1,false
load,765,18085795.322,18089765.869,19171820,1,false
load,766,18105916.112,18110774.085,19191920,1,false
load,767,18126933.959,18130769.905,19212920,1,false
load,768,18147920.974,18151770.755,19233888,1,false
load,769,18168927.995,18171768.970,19254876,1,false
load,770,18189942.879,18192778.448,19275872,1,false
load,771,18210940.891,18212774.210,19296852,1,false
load,772,18231925.503,18237765.045,19317812,1,false
load,773,18252917.105,18257768.075,19338784,1,false
load,774,18273921.301,18278772.170,19359768,1,false
load,775,18294924.225,18298766.959,19380748,1,false
load,776,18315914.876,18319771.468,19401716,1,false
load,777,18336924.862,18339768.253,19422708,1,false
load,778,18357918.141,18360169.455,19443684,1,false
load,779,18378342.072,18380392.124,19464084,1,false
load,780,18398570.212,18400839.956,19484296,1,false
load,781,18418994.789,18421284.943,19504692,1,false
load,782,18439444.189,18441805.447,19525124,1,false
load,783,18459964.745,18462265.880,19545624,1,false
load,784,18480949.621,18482789.429,19566600,1,false
load,785,18501973.633,18503236.956,19587596,1,false
load,786,18522401.943,18523722.039,19608004,1,false
load,787,18542972.665,18544195.374,19628552,1,false
load,788,18563378.924,18564675.155,19648944,1,false
load,789,18583797.617,18585143.567,19669408,1,false
load,790,18604322.376,18605614.616,19689840,1,false
load,791,18624797.929,18626098.829,19710364,1,false
load,792,18645258.848,18646572.853,19730740,1,false
load,793,18665732.286,18667049.005,19751188,1,false
load,794,18686234.259,18687539.374,19771688,1,false
load,795,18706702.342,18708010.174,19792124,1,false
load,796,18727213.909,18728511.473,19812608,1,false
load,797,18747665.757,18748973.289,19833044,1,false
load,798,18768148.376,18769448.275,19853512,1,false
load,799,18788612.319,18790009.728,19873964,1,false
load,800,18809160.699,18810402.423,19894480,1,false
load,801,18829582.410,18830930.206,19914884,1,false
load,802,18850116.395,18851364.647,19935396,1,false
load,803,18870541.619,18872789.823,19955804,1,false
load,804,18890955.408,18892774.164,19976200,1,false
load,805,18911932.812,18917779.878,19997152,1,false
load,806,18932938.408,18937777.711,20018136,1,false
load,807,18953952.223,18958777.984,20039128,1,false
load,808,18974928.008,18978775.090,20060084,1,false
load,809,18995939.836,18999774.330,20081080,1,false
load,810,19016985.636,19019778.279,20102104,1,false
load,811,19037937.011,19040774.948,20123032,1,false
load,812,19058935.984,19060778.236,20144016,1,false
load,813,19079942.526,19085773.952,20165000,1,false
load,814,19100964.359,19105789.859,20186000,1,false
load,815,19121962.479,19127771.322,20206984,1,false
load,816,19142925.850,19147768.674,20227920,1,false
load,817,19163921.420,19167770.204,20248892,1,false
load,818,19184920.432,19188770.861,20269868,1,false
load,819,19205927.279,19208767.478,20290856,1,false
load,820,19226948.559,19229778.736,20311860,1,false
load,821,19247959.610,19253445.617,20332848,1,false
load,822,19268633.409,19274778.140,20353500,1,false
load,823,19288964.761,19294784.769,20373816,1,false
load,824,19309966.635,19315780.054,20394796,1,false
load,825,19330946.064,19335777.299,20415756,1,false
load,826,19351928.091,19356775.181,20436716,1,false
load,827,19372925.283,19375780.167,20457696,1,false
load,828,19393955.969,19396779.912,20478700,1,false
load,829,19414925.329,19416773.962,20499660,1,false
load,830,19435930.182,19437774.190,20520636,1,false
load,831,19456927.648,19461770.323,20541616,1,false
load,832,19477915.653,19482777.834,20562580,1,false
load,833,19498927.073,19502773.912,20583572,1,false
load,834,19519921.601,19523772.779,20604544,1,false
load,835,19540934.634,19543776.294,20625540,1,false
load,836,19561928.848,19564776.839,20646516,1,false
load,837,19582931.463,19584774.235,20667496,1,false
load,838,19603924.922,19605775.277,20688472,1,false
load,839,19624927.971,19629779.437,20709452,1,false
load,840,19645931.095,19650775.087,20730432,1,false
load,841,19666931.359,19670774.267,20751416,1,false
load,842,19687921.997,19691778.464,20772380,1,false
load,843,19708929.962,19711775.270,20793372,1,false
load,844,19729930.199,19732779.247,20814352,1,false
load,845,19750939.025,19752775.280,20835348,1,false
load,846,19771942.045,19777769.954,20856324,1,false
load,847,19792923.627,19797773.766,20877280,1,false
load,848,19813924.951,19818774.404,20898264,1,false
load,849,19834925.509,19838775.223,20919240,1,false
load,850,19855922.459,19859772.112,20940224,1,false
load,851,19876923.013,19879774.409,20961200,1,false
load,852,19897919.406,19900776.595,20982180,1,false
load,853,19918927.303,19920773.573,21003168,1,false
load,854,19939921.056,19945772.431,21024136,1,false
load,855,19960920.756,19965774.750,21045120,1,false
load,856,19981922.615,19986775.142,21066092,1,false
load,857,20002924.246,20006774.276,21087084,1,false
load,858,20023924.806,20027777.329,21108056,1,false
load,859,20044935.648,20047777.989,21129052,1,false
load,860,20065929.054,20068776.070,21150024,1,false
load,861,20086929.027,20088959.416,21171004,1,false
load,862,20107106.774,20109783.303,21191164,1,false
load,863,20127932.550,20129774.530,21211968,1,false
load,864,20148923.616,20154773.773,21232932,1,false
load,865,20169934.221,20174773.192,21253920,1,false
load,866,20190917.361,20195775.356,21274892,1,false
load,867,20211926.434,20215777.996,21295876,1,false
load,868,20232925.037,20236773.829,21316860,1,false
load,869,20253921.043,20256773.609,21337836,1,false
load,870,20274927.120,20276775.897,21358820,1,false
load,871,20295929.426,20297776.779,21379800,1,false
load,872,20316923.864,20321773.211,21400772,1,false
load,873,20337929.472,20344768.457,21421752,1,false
load,874,20358915.137,20362775.112,21442728,1,false
load,875,20379939.981,20383795.017,21463728,1,false
load,876,20400965.435,20403777.131,21484728,1,false
load,877,20421944.912,20424774.204,21505692,1,false
load,878,20442933.619,20444776.879,21526660,1,false
load,879,20463938.709,20465774.656,21547644,1,false
load,880,20484929.543,20489772.547,21568616,1,false
load,881,20505935.712,20510777.417,21589596,1,false
load,882,20526943.320,20530775.061,21610584,1,false
load,883,20547947.049,20551775.630,21631572,1,false
load,884,20568923.210,20571776.440,21652524,1,false
load,885,20589934.190,20592776.228,21673516,1,false
load,886,20610926.409,20612777.637,21694488,1,false
load,887,20631956.449,20633772.803,21715504,1,false
load,888,20653002.889,20657777.738,21736524,1,false
load,889,20673932.002,20678776.723,21757432,1,false
load,890,20694924.164,20698772.484,21778400,1,false
load,891,20715934.075,20719171.392,21799388,1,false
load,892,20736322.863,20739774.803,21819764,1,false
load,893,20756935.764,20760774.612,21840356,1,false
load,894,20777924.666,20780787.799,21861324,1,false
load,895,20798966.654,20801777.079,21882344,1,false
load,896,20819927.993,20821773.204,21903284,1,false
load,897,20840925.619,20842773.598,21924260,1,false
load,898,20861947.861,20866782.171,21945268,1,false
load,899,20882939.993,20887777.913,21966240,1,false
load,900,20903938.991,20907773.542,21987216,1,false
load,901,20924930.079,20928781.920,22008180,1,false
load,902,20945939.791,20948774.861,22029172,1,false
load,903,20967112.779,20969771.816,22050328,1,false
load,904,20987923.344,20989777.073,22071120,1,false
load,905,21008936.751,21014771.707,22092112,1,false
load,906,21029922.141,21034785.592,22113072,1,false
load,907,21050971.447,21055787.212,22134104,1,false
load,908,21071947.265,21075775.204,22155064,1,false
load,909,21092935.318,21096118.231,22176024,1,false
load,910,21113271.473,21116777.415,22196344,1,false
load,911,21133932.800,21137775.362,22216984,1,false
load,912,21154941.529,21157775.449,22237976,1,false
load,913,21175937.017,21178777.681,22258944,1,false
load,914,21196929.129,21198774.202,22279920,1,false
load,915,21217943.514,21223776.918,22300908,1,false
load,916,21237972.776,21239792.861,22320916,1,false
load,917,21258992.908,21264776.709,22341920,1,false
load,918,21279948.738,21284781.925,22362856,1,false
load,919,21301130.228,21304787.729,22384016,1,false
load,920,21321943.646,21325781.434,22404812,1,false
load,921,21342943.914,21345783.393,22425792,1,false
load,922,21363953.894,21366782.447,22446780,1,false
load,923,21384937.881,21386784.377,22467744,1,false
load,924,21405955.235,21407777.648,22488740,1,false
load,925,21426927.937,21431778.835,22509696,1,false
load,926,21447935.964,21452778.424,22530680,1,false
load,927,21468929.008,21472779.534,22551648,1,false
load,928,21489930.155,21493399.183,22572632,1,false
load,929,21510550.653,21513777.577,22593236,1,false
load,930,21530933.356,21534779.342,22613596,1,false
load,931,21551939.955,21554784.988,22634584,1,false
load,932,21572932.854,21575312.591,22655556,1,false
load,933,21593468.412,21595801.661,22676072,1,false
load,934,21613971.335,21616787.371,22696556,1,false
load,935,21634940.400,21636777.739,22717504,1,false
load,936,21655926.628,21657778.129,22738464,1,false
load,937,21676940.082,21682771.742,22759460,1,false
load,938,21697925.834,21703777.019,22780428,1,false
load,939,21718936.000,21723773.727,22801424,1,false
load,940,21739932.836,21743785.863,22822392,1,false
load,941,21760945.180,21764771.542,22843384,1,false
load,942,21781940.821,21785774.533,22864356,1,false
load,943,21802928.336,21804809.502,22885328,1,false
load,944,21823947.076,21830771.732,22906328,1,false
load,945,21844923.248,21850241.897,22927280,1,false
load,946,21865355.284,21871780.495,22947696,1,false
load,947,21885943.042,21891773.394,22968256,1,false
load,948,21906926.926,21911988.534,22989224,1,false
load,949,21927145.801,21932116.048,23009420,1,false
load,950,21947269.226,21953770.814,23029528,1,false
load,951,21967927.170,21973769.881,23050164,1,false
load,952,21988943.149,21993782.487,23071156,1,false
load,953,22009942.410,22014770.750,23092136,1,false
load,954,22030892.560,22035779.903,23113064,1,false
load,955,22051944.546,22055794.171,23134100,1,false
load,956,22072955.618,22076773.943,23155088,1,false
load,957,22093941.164,22096771.607,23176048,1,false
load,958,22114930.988,22121771.124,23197020,1,false
load,959,22135929.643,22141770.675,23218000,1,false
load,960,22156923.408,22161968.028,23238976,1,false
load,961,22177143.287,22182782.188,23259176,1,false
load,962,22197947.329,22202771.796,23279964,1,false
load,963,22218920.814,22223795.545,23300912,1,false
load,964,22239951.617,22242794.272,23321924,1,false
load,965,22260960.740,22263784.026,23342912,1,false
load,966,22281972.578,22283789.983,23363896,1,false
load,967,22301983.071,22304787.442,23383888,1,false
load,968,22322958.235,22324782.514,23404844,1,false
load,969,22343932.299,22345779.854,23425804,1,false
load,970,22364934.041,22369691.916,23446784,1,false
load,971,22385854.808,22390173.447,23467680,1,false
load,972,22406326.843,22410668.938,23488132,1,false
load,973,22426793.295,22431146.453,23508652,1,false
load,974,22447299.662,22451622.907,23529068,1,false
load,975,22467775.417,22472089.601,23549528,1,false
load,976,22488248.226,22492574.643,23569976,1,false
load,977,22508735.073,22513066.420,23590444,1,false
load,978,22529225.504,22533546.038,23610912,1,false
load,979,22549652.929,22554013.225,23631320,1,false
load,980,22570163.426,22574496.862,23651812,1,false
load,981,22590646.067,22596765.226,23672272,1,false
load,982,22610916.078,22615452.591,23692520,1,false
load,983,22631574.535,22635918.620,23713160,1,false
load,984,22652076.162,22656394.056,23733648,1,false
load,985,22672506.647,22676924.785,23754056,1,false
load,986,22693389.583,22697792.449,23774920,1,false
load,987,22713959.488,22717848.856,23795464,1,false
load,988,22735012.404,22738324.334,23816496,1,false
load,989,22755444.590,22759805.257,23836912,1,false
load,990,22775949.849,22779779.443,23857388,1,false
load,991,22796931.695,22799776.258,23878356,1,false
load,992,22817929.795,22821768.117,23899332,1,false
load,993,22838869.982,22840778.907,23920256,1,false
load,994,22859929.833,22861782.073,23941292,1,false
load,995,22880937.100,22887765.878,23962276,1,false
load,996,22901868.079,22906779.486,23983192,1,false
load,997,22921881.750,22926773.568,24003184,1,false
load,998,22942927.856,22947779.741,24024216,1,false
load,999,22963933.088,22968770.528,24045192,1,false
load,1000,22984924.482,22988779.907,24066164,1,false
load,1001,23005943.393,23008788.055,24087164,1,false
load,1002,23026950.037,23029779.845,24108152,1,false
load,1003,23047943.987,23049779.212,24129120,1,false
load,1004,23068942.187,23070780.378,24150096,1,false
load,1005,23089941.887,23094776.855,24171076,1,false
load,1006,23110933.142,23115783.261,24192048,1,false
load,1007,23131938.653,23135779.518,24213040,1,false
load,1008,23152928.799,23157769.199,24234008,1,false
load,1009,23173931.204,23176778.789,24254992,1,false
load,1010,23194938.297,23199769.529,24275980,1,false
load,1011,23215922.357,23217557.887,24296936,1,false
load,1012,23236722.746,23238546.370,24317724,1,false
load,1013,23257723.424,23262597.127,24338704,1,false
load,1014,23282807.503,23287886.065,24363808,1,false
load,1015,23303020.183,23307779.631,24383948,1,false
load,1016,23323947.631,23328794.375,24404860,1,false
load,1017,23344941.760,23348779.593,24425832,1,false
load,1018,23365991.175,23369106.391,24446856,1,false
load,1019,23386263.518,23391776.480,24467112,1,false
load,1020,23406931.904,23410777.475,24487760,1,false
load,1021,23427941.324,23430784.805,24508752,1,false
load,1022,23448069.866,23451776.171,24528860,1,false
load,1023,23468945.122,23472771.016,24549712,1,false
load,1024,23489939.389,23492779.896,24570688,1,false
load,1025,23510952.429,23512780.224,24591680,1,false
load,1026,23531946.369,23537774.968,24612648,1,false
load,1027,23552944.714,23559036.913,24633632,1,false
load,1028,23573153.388,23578775.604,24653828,1,false
load,1029,23593935.395,23598726.743,24674584,1,false
load,1030,23614870.502,23619769.715,24695496,1,false
load,1031,23635924.566,23639784.420,24716532,1,false
load,1032,23656937.541,23660816.597,24737524,1,false
load,1033,23677978.606,23680644.879,24758548,1,false
load,1034,23698805.819,23701781.431,24779400,1,false
load,1035,23718942.056,23721781.573,24799460,1,false
load,1036,23739936.323,23742783.337,24820440,1,false
load,1037,23760939.134,23762505.803,24841424,1,false
load,1038,23781660.867,23782779.516,24862124,1,false
load,1039,23801928.409,23803782.092,24882376,1,false
load,1040,23822935.787,23828778.362,24903356,1,false
load,1041,23843930.875,23848783.541,24924336,1,false
load,1042,23864928.438,23869783.256,24945304,1,false
load,1043,23885935.139,23889778.421,24966292,1,false
load,1044,23906928.792,23909778.627,24987264,1,false
load,1045,23926948.102,23930781.569,25007272,1,false
load,1046,23947926.157,23950722.352,25028224,1,false
load,1047,23967995.906,23971385.107,25048272,1,false
load,1048,23988531.233,23991792.470,25068788,1,false
load,1049,24008948.362,24012779.015,25089188,1,false
load,1050,24029927.601,24032778.557,25110148,1,false
load,1051,24050926.795,24053781.206,25131124,1,false
load,1052,24071932.621,24073777.585,25152112,1,false
load,1053,24092927.542,24094778.321,25173088,1,false
load,1054,24113929.579,24118777.973,25194068,1,false
load,1055,24134931.661,24139779.919,25215044,1,false
load,1056,24155928.512,24159775.205,25236028,1,false
load,1057,24176926.112,24180778.659,25257004,1,false
load,1058,24197934.550,24200779.217,25277992,1,false
load,1059,24218927.768,24221822.074,25298968,1,false
load,1060,24239969.260,24241502.473,25319984,1,false
load,1061,24260657.355,24261951.195,25340648,1,false
load,1062,24281113.133,24282434.543,25361092,1,false
load,1063,24301858.951,24302911.700,25381808,1,false
load,1064,24322072.153,24323389.523,25402004,1,false
load,1065,24342555.172,24343923.140,25422472,1,false
load,1066,24363076.887,24364391.745,25442972,1,false
load,1067,24383547.770,24384921.934,25463420,1,false
load,1068,24404074.189,24405312.035,25483932,1,false
load,1069,24424466.000,24425784.740,25504300,1,false
load,1070,24444936.152,24446269.425,25524756,1,false
load,1071,24465436.088,24466749.055,25545228,1,false
load,1072,24485908.089,24487215.863,25565684,1,false
load,1073,24506414.071,24507704.947,25586172,1,false
load,1074,24526855.247,24528213.225,25606592,1,false
load,1075,24547367.799,24548656.912,25627080,1,false
load,1076,24567964.660,24569166.280,25647660,1,false
load,1077,24588321.131,24589785.362,25667996,1,false
load,1078,24608940.912,24610781.821,25688592,1,false
load,1079,24629929.702,24634782.748,25709564,1,false
load,1080,24650932.772,24655775.735,25730552,1,false
load,1081,24671926.390,24675777.156,25751524,1,false
load,1082,24692920.298,24696779.966,25772492,1,false
load,1083,24713929.661,24716777.079,25793480,1,false
load,1084,24734980.083,24737779.801,25814512,1,false
load,1085,24755939.219,24757777.603,25835452,1,false
load,1086,24776942.319,24778779.146,25856432,1,false
load,1087,24797929.531,24802775.880,25877404,1,false
load,1088,24818926.505,24823551.372,25898376,1,false
load,1089,24839704.507,24843777.824,25919136,1,false
load,1090,24859928.671,24864780.965,25939336,1,false
load,1091,24880934.154,24884551.069,25960328,1,false
load,1092,24901704.389,24904999.379,25981076,1,false
load,1093,24922178.087,24925473.289,26001520,1,false
load,1094,24942627.797,24945983.875,26021956,1,false
load,1095,24963133.641,24966441.279,26042440,1,false
load,1096,24983591.337,24986910.975,26062880,1,false
load,1097,25004064.892,25007386.789,26083340,1,false
load,1098,25024536.415,25027921.425,26103784,1,false
load,1099,25045080.597,25048362.671,26124312,1,false
load,1100,25065515.653,25068830.064,26144724,1,false
load,1101,25085974.033,25089342.789,26165160,1,false
load,1102,25106492.690,25109819.783,26185664,1,false
load,1103,25126972.373,25130286.457,26206120,1,false
load,1104,25147441.596,25150786.895,26226568,1,false
load,1105,25168119.483,25171422.882,26247224,1,false
load,1106,25188569.487,25191735.881,26267660,1,false
load,1107,25208855.873,25212210.898,26287920,1,false
load,1108,25229400.378,25232693.583,26308448,1,false
load,1109,25249851.867,25253164.319,26328888,1,false
load,1110,25270323.860,25273667.843,26349332,1,false
load,1111,25290805.055,25294142.315,26369840,1,false
load,1112,25311301.005,25314612.497,26390268,1,false
load,1113,25331778.798,25335095.616,26410720,1,false
load,1114,25352251.834,25355573.395,26431176,1,false
load,1115,25372718.850,25376035.954,26451636,1,false
load,1116,25393199.237,25396522.568,26472088,1,false
load,1117,25413676.951,25416991.763,26492548,1,false
load,1118,25434145.158,25437461.452,26512996,1,false
load,1119,25454616.493,25457952.055,26533444,1,false
load,1120,25475109.186,25478418.354,26553920,1,false
load,1121,25495533.621,25498910.827,26574324,1,false
load,1122,25516086.050,25519394.572,26594852,1,false
load,1123,25536510.955,25539912.416,26615260,1,false
load,1124,25557070.026,25560349.877,26635800,1,false
load,1125,25577504.274,25580818.483,26656208,1,false
load,1126,25597926.607,25601309.421,26676612,1,false
load,1127,25618485.731,25621771.005,26697148,1,false
load,1128,25638917.877,25642263.443,26717564,1,false
load,1129,25659418.468,25662727.582,26738048,1,false
load,1130,25679849.367,25683202.794,26758464,1,false
load,1131,25700353.595,25703688.039,26778936,1,false
load,1132,25720840.953,25724156.890,26799420,1,false
load,1133,25741277.138,25744643.155,26819824,1,false
load,1134,25761796.147,25765147.334,26840384,1,false
load,1135,25782293.553,25785797.168,26860804,1,false
load,1136,25802964.486,25806781.433,26881460,1,false
load,1137,25823936.600,25826776.456,26902404,1,false
load,1138,25844927.979,25847776.150,26923376,1,false
load,1139,25865931.648,25867778.326,26944364,1,false
load,1140,25886931.523,25888780.100,26965332,1,false
load,1141,25907928.602,25912781.190,26986316,1,false
load,1142,25928929.495,25933781.221,27007300,1,false
load,1143,25949289.492,25953778.665,27027636,1,false
load,1144,25969932.090,25974783.604,27048260,1,false
load,1145,25990940.571,25994780.768,27069248,1,false
load,1146,26011930.926,26015777.598,27090212,1,false
load,1147,26032929.103,26035776.176,27111192,1,false
load,1148,26053923.596,26056778.808,27132164,1,false
load,1149,26074928.261,26076780.282,27153148,1,false
load,1150,26095932.761,26101776.121,27174132,1,false
load,1151,26116924.832,26121782.550,27195112,1,false
load,1152,26137933.468,26142778.739,27216092,1,false
load,1153,26158928.495,26162782.125,27237064,1,false
load,1154,26179938.346,26183778.550,27258056,1,false
load,1155,26200927.198,26203780.209,27279032,1,false
load,1156,26221005.052,26224785.941,27299080,1,false
load,1157,26241937.222,26244775.044,27320000,1,false
load,1158,26262930.768,26265777.171,27340968,1,false
load,1159,26283922.227,26285779.289,27361944,1,false
load,1160,26304935.069,26310774.075,27382932,1,false
load,1161,26325929.181,26330782.836,27403908,1,false
load,1162,26346932.961,26351780.925,27424892,1,false
load,1163,26367929.201,26371778.706,27445860,1,false
load,1164,26388929.603,26392777.650,27466848,1,false
load,1165,26409925.530,26412775.202,27487824,1,false
load,1166,26430921.955,26432776.408,27508792,1,false
load,1167,26451924.288,26453774.212,27529776,1,false
load,1168,26472922.166,26478780.158,27550756,1,false
load,1169,26493928.600,26498774.663,27571744,1,false
load,1170,26514924.639,26519778.199,27592720,1,false
load,1171,26535929.246,26539774.177,27613696,1,false
load,1172,26556925.469,26559778.609,27634680,1,false
load,1173,26577929.199,26582772.687,27655656,1,false
load,1174,26598921.481,26600780.115,27676632,1,false
load,1175,26619935.827,26621781.174,27697628,1,false
load,1176,26640932.173,26645774.646,27718604,1,false
load,1177,26661923.192,26666779.436,27739572,1,false
load,1178,26682927.834,26686776.011,27760556,1,false
load,1179,26703926.204,26707778.939,27781536,1,false
load,1180,26724933.605,26727778.282,27802520,1,false
load,1181,26745927.113,26748783.285,27823488,1,false
load,1182,26766944.229,26768625.643,27844488,1,false
load,1183,26787788.950,26789077.187,27865376,1,false
load,1184,26808214.111,26809559.570,27885728,1,false
load,1185,26828718.310,26830035.502,27906200,1,false
load,1186,26849148.893,26850512.719,27926612,1,false
load,1187,26869655.693,26871033.524,27947104,1,false
load,1188,26890148.381,26891505.885,27967576,1,false
load,1189,26910646.614,26911952.031,27988052,1,false
load,1190,26931077.068,26932472.774,28008472,1,false
load,1191,26951573.788,26952948.440,28028948,1,false
load,1192,26972128.055,26973412.169,28049472,1,false
load,1193,26992838.970,26993885.010,28070168,1,false
load,1194,27012983.706,27014342.270,28090292,1,false
load,1195,27033499.116,27034913.456,28110784,1,false
load,1196,27054068.430,27055315.382,28131344,1,false
load,1197,27074426.885,27076765.605,28151672,1,false
load,1198,27094922.243,27096313.122,28172144,1,false
load,1199,27115422.433,27116789.126,28192628,1,false
load,1200,27135989.624,27137246.844,28213176,1,false
load,1201,27156399.669,27157720.506,28233568,1,false
load,1202,27176846.263,27178202.942,28253996,1,false
load,1203,27197349.745,27198694.466,28274476,1,false
load,1204,27217847.821,27219157.844,28294956,1,false
load,1205,27238277.209,27239652.117,28315364,1,false
load,1206,27258788.800,27260116.242,28335912,1,false
load,1207,27279274.644,27280591.294,28356320,1,false
load,1208,27299696.832,27302769.921,28376724,1,false
load,1209,27319935.252,27321795.355,28396944,1,false
load,1210,27340965.415,27342054.650,28417948,1,false
load,1211,27361176.469,27362518.933,28438136,1,false
load,1212,27381668.439,27383764.765,28458612,1,false
load,1213,27401866.656,27403464.974,28478796,1,false
load,1214,27422587.644,27423947.976,28499500,1,false
load,1215,27443793.661,27448525.011,28520736,1,false
load,1216,27464665.959,27468987.608,28541528,1,false
load,1217,27485151.948,27489491.448,28561996,1,false
load,1218,27505649.985,27509946.657,28582476,1,false
load,1219,27526078.653,27530461.298,28602884,1,false
load,1220,27546580.524,27550909.664,28623368,1,false
load,1221,27567015.062,27571412.366,28643776,1,false
load,1222,27587575.156,27592765.604,28664320,1,false
load,1223,27607917.722,27612375.300,28684640,1,false
load,1224,27628493.419,27632923.619,28705204,1,false
load,1225,27649067.899,27653333.595,28725752,1,false
load,1226,27669492.590,27673804.158,28746160,1,false
load,1227,27689930.908,27694267.532,28766576,1,false
load,1228,27710431.756,27714792.216,28787056,1,false
load,1229,27730930.815,27735255.382,28807536,1,false
load,1230,27751412.543,27755725.974,28827996,1,false
load,1231,27771842.664,27776200.548,28848416,1,false
load,1232,27792338.822,27796708.994,28868888,1,false
load,1233,27812856.578,27817128.840,28889376,1,false
load,1234,27833288.985,27837641.070,28909792,1,false
load,1235,27853833.453,27858093.722,28930324,1,false
load,1236,27874260.307,27878620.032,28950728,1,false
load,1237,27894778.183,27899094.529,28971204,1,false
load,1238,27915228.698,27919559.574,28991656,1,false
load,1239,27935661.369,27940047.653,29012068,1,false
load,1240,27956150.067,27960502.496,29032536,1,false
load,1241,27976661.327,27981009.117,29053028,1,false
load,1242,27997162.103,28001484.586,29073504,1,false
load,1243,28017585.877,28021948.481,29093916,1,false
load,1244,28038082.677,28042414.618,29114396,1,false
load,1245,28058579.392,28062923.727,29134868,1,false
load,1246,28079075.063,28083387.928,29155348,1,false
load,1247,28099512.172,28103901.531,29175752,1,false
load,1248,28120013.716,28124344.928,29196232,1,false
load,1249,28140495.276,28144805.181,29216704,1,false
load,1250,28160926.673,28165313.527,29237116,1,false
load,1251,28181426.775,28185777.820,29257588,1,false
load,1252,28201936.087,28206243.509,29278080,1,false
load,1253,28222388.487,28226794.528,29298512,1,false
load,1254,28242942.756,28247207.045,29319048,1,false
load,1255,28263359.082,28267686.236,29339440,1,false
load,1256,28283848.687,28288186.198,29359912,1,false
load,1257,28304344.795,28308669.405,29380388,1,false
load,1258,28324799.470,28329137.024,29400868,1,false
load,1259,28345313.833,28350765.514,29421316,1,false
load,1260,28365930.141,28370087.383,29441916,1,false
load,1261,28386222.919,28390580.344,29462184,1,false
load,1262,28406719.855,28411027.466,29482668,1,false
load,1263,28427156.681,28431513.271,29503080,1,false
load,1264,28447655.820,28451997.303,29523564,1,false
load,1265,28468147.398,28472469.307,29544032,1,false
load,1266,28488624.784,28492977.103,29564488,1,false
load,1267,28509086.363,28513447.953,29584936,1,false
load,1268,28529588.103,28533901.754,29605416,1,false
load,1269,28550012.627,28554386.036,29625820,1,false
load,1270,28570510.169,28574899.874,29646296,1,false
load,1271,28591010.714,28595399.764,29666772,1,false
load,1272,28611516.514,28615812.353,29687256,1,false
load,1273,28631937.184,28636326.115,29707656,1,false
load,1274,28652438.536,28656786.236,29728144,1,false
load,1275,28672934.938,28677300.801,29748620,1,false
load,1276,28693434.669,28697741.630,29769104,1,false
load,1277,28713940.292,28718235.521,29789580,1,false
load,1278,28734374.678,28738717.954,29810004,1,false
load,1279,28754855.560,28759811.745,29830456,1,false
load,1280,28774924.226,28779783.176,29850512,1,false
load,1281,28795940.449,28800781.411,29871504,1,false
load,1282,28816932.504,28820779.389,29892472,1,false
load,1283,28837934.365,28841779.959,29913460,1,false
load,1284,28858937.906,28861784.931,29934436,1,false
load,1285,28879944.798,28882784.754,29955432,1,false
load,1286,28900946.734,28902780.841,29976408,1,false
load,1287,28921935.385,28923777.263,29997380,1,false
load,1288,28942931.905,28947787.649,30018356,1,false
load,1289,28963937.823,28968783.237,30039336,1,false
load,1290,28984949.284,28988777.499,30060328,1,false
load,1291,29005934.236,29009778.166,30081300,1,false
load,1292,29026923.801,29029785.968,30102264,1,false
load,1293,29047942.310,29050778.630,30123260,1,false
load,1294,29068926.929,29070779.712,30144228,1,false
load,1295,29089947.218,29095057.873,30165224,1,false
load,1296,29110215.808,29111409.547,30185484,1,false
load,1297,29130571.112,29131898.511,30205804,1,false
load,1298,29151056.349,29152407.460,30226272,1,false
load,1299,29171565.628,29172898.777,30246760,1,false
load,1300,29192064.993,29193336.984,30267244,1,false
load,1301,29212502.570,29213815.826,30287660,1,false
load,1302,29232929.132,29234284.277,30308072,1,false
load,1303,29253426.065,29254775.910,30328548,1,false
load,1304,29273926.765,29275249.068,30349028,1,false
load,1305,29294414.776,29295718.631,30369488,1,false
load,1306,29314843.001,29316229.731,30389904,1,false
load,1307,29335351.213,29336690.671,30410388,1,false
load,1308,29355861.580,29357764.892,30430872,1,false
load,1309,29376915.118,29381743.337,30451916,1,false
load,1310,29397857.593,29402242.348,30472832,1,false
load,1311,29418354.707,29422718.345,30493312,1,false
load,1312,29438856.830,29443198.971,30513796,1,false
load,1313,29459355.561,29463718.630,30534272,1,false
load,1314,29479853.606,29484152.479,30554752,1,false
load,1315,29500280.679,29504648.671,30575160,1,false
load,1316,29520791.878,29525098.429,30595704,1,false
load,1317,29541218.239,29545604.609,30616060,1,false
load,1318,29561741.536,29566091.296,30636568,1,false
load,1319,29582234.686,29586541.360,30657032,1,false
load,1320,29602666.322,29607041.591,30677444,1,false
load,1321,29623209.829,29627500.348,30697968,1,false
load,1322,29643636.507,29648002.762,30718376,1,false
load,1323,29664142.575,29668462.583,30738860,1,false
load,1324,29684568.938,29688941.035,30759272,1,false
load,1325,29705079.129,29709438.509,30779756,1,false
load,1326,29725590.225,29729908.927,30800252,1,false
load,1327,29746065.540,29750408.137,30820696,1,false
load,1328,29766580.113,29770899.502,30841200,1,false
load,1329,29787011.179,29791340.610,30861608,1,false
load,1330,29807509.886,29813769.803,30882088,1,false
load,1331,29827923.940,29832293.556,30902480,1,false
load,1332,29848500.292,29852809.517,30923040,1,false
load,1333,29868934.947,29873248.709,30943448,1,false
load,1334,29889354.767,29893714.896,30963848,1,false
load,1335,29909861.808,29914210.354,30984344,1,false
load,1336,29930511.974,29935769.599,31004972,1,false
load,1337,29950927.322,29955158.302,31025364,1,false
load,1338,29971283.361,29975646.000,31045700,1,false
load,1339,29991791.376,29996148.720,31066232,1,false
load,1340,30012303.118,30018768.965,31086680,1,false
load,1341,30032870.837,30037069.577,31107232,1,false
load,1342,30053227.401,30057539.306,31127568,1,false
load,1343,30073653.062,30078030.573,31147972,1,false
load,1344,30094164.209,30098536.588,31168460,1,false
load,1345,30114660.735,30120767.468,31188944,1,false
load,1346,30134872.861,30139478.091,31209124,1,false
load,1347,30155596.168,30159937.043,31229828,1,false
load,1348,30176083.554,30180426.784,31250296,1,false
load,1349,30196590.746,30200940.063,31270784,1,false
load,1350,30217088.172,30221382.042,31291268,1,false
load,1351,30237516.910,30241905.189,31311672,1,false
load,1352,30258018.877,30262388.450,31332160,1,false
load,1353,30278534.406,30282897.013,31352648,1,false
load,1354,30299087.444,30303316.627,31373184,1,false
load,1355,30319437.779,30323820.302,31393516,1,false
load,1356,30339935.877,30344287.666,31413996,1,false
load,1357,30360443.892,30364792.914,31434488,1,false
load,1358,30380946.364,30385250.545,31454956,1,false
load,1359,30401379.686,30405723.127,31475380,1,false
load,1360,30421854.500,30426195.994,31495832,1,false
load,1361,30442356.798,30446675.432,31516312,1,false
load,1362,30462790.205,30467157.512,31536772,1,false
load,1363,30483301.351,30487635.842,31557216,1,false
load,1364,30503793.144,30508107.241,31577732,1,false
load,1365,30524220.102,30528602.953,31598100,1,false
load,1366,30544718.234,30549076.237,31618572,1,false
load,1367,30565216.814,30569540.575,31639056,1,false
load,1368,30585716.735,30590767.600,31659528,1,false
load,1369,30605932.313,30611769.530,31679728,1,false
load,1370,30626932.535,30630987.203,31700704,1,false
load,1371,30647144.246,30651464.328,31720900,1,false
load,1372,30667572.482,30671926.230,31741316,1,false
load,1373,30688087.785,30692426.216,31761808,1,false
load,1374,30708584.179,30712903.731,31782284,1,false
load,1375,30729021.039,30733374.391,31802696,1,false
load,1376,30749519.985,30753904.692,31823176,1,false
load,1377,30770008.564,30774347.237,31843648,1,false
load,1378,30790524.013,30797779.004,31864136,1,false
load,1379,30810935.649,30815285.041,31884532,1,false
load,1380,30831453.027,30835756.511,31905040,1,false
load,1381,30851928.968,30856260.674,31925484,1,false
load,1382,30872423.016,30876716.847,31945956,1,false
load,1383,30892853.242,30897212.139,31966364,1,false
load,1384,30913351.716,30917704.408,31986852,1,false
load,1385,30933856.103,30938155.773,32007336,1,false
load,1386,30954282.317,30958632.997,32027736,1,false
load,1387,30974791.743,30979136.465,32048280,1,false
load,1388,30995283.069,30999648.573,32068696,1,false
load,1389,31015795.369,31020070.642,32089232,1,false
load,1390,31036223.527,31040542.657,32109600,1,false
load,1391,31056656.895,31061071.513,32130016,1,false
load,1392,31077222.419,31081539.439,32150560,1,false
load,1393,31097652.172,31102017.586,32170968,1,false
load,1394,31118157.447,31122492.530,32191456,1,false
load,1395,31138728.475,31142970.862,32212004,1,false
load,1396,31159090.901,31163446.531,32232348,1,false
load,1397,31179592.818,31183932.674,32252832,1,false
load,1398,31200092.566,31204406.328,32273304,1,false
load,1399,31220532.546,31224908.881,32293724,1,false
load,1400,31241111.321,31245376.650,32314288,1,false
load,1401,31261627.046,31265939.162,32334776,1,false
load,1402,31282117.038,31286347.195,32355252,1,false
load,1403,31302539.842,31306815.152,32375656,1,false
load,1404,31322960.438,31329772.485,32396060,1,false
load,1405,31343940.422,31347789.377,32417016,1,false
load,1406,31364944.356,31368250.247,32437996,1,false
load,1407,31385373.963,31388715.233,32458408,1,false
load,1408,31405858.831,31409193.572,32478872,1,false
load,1409,31426351.273,31429664.672,32499352,1,false
load,1410,31446861.939,31450156.203,32519836,1,false
load,1411,31467284.958,31470640.705,32540244,1,false
load,1412,31487794.597,31491118.980,32560768,1,false
load,1413,31508271.694,31511589.778,32581184,1,false
load,1414,31528711.774,31533769.999,32601612,1,false
load,1415,31548917.306,31552561.928,32621792,1,false
load,1416,31569712.922,31573022.010,32642568,1,false
load,1417,31590135.006,31593505.294,32662972,1,false
load,1418,31610651.422,31614003.324,32683468,1,false
load,1419,31631159.333,31634456.912,32703952,1,false
load,1420,31651588.669,31654940.625,32724368,1,false
load,1421,31672093.580,31675404.253,32744848,1,false
load,1422,31692520.532,31695913.302,32765256,1,false
load,1423,31713076.723,31716354.401,32785800,1,false
load,1424,31733500.512,31736889.607,32806196,1,false
load,1425,31754004.870,31757327.688,32826676,1,false
load,1426,31774478.674,31777805.575,32847136,1,false
load,1427,31794945.422,31798273.466,32867584,1,false
load,1428,31815441.421,31818753.640,32888056,1,false
load,1429,31835869.049,31839248.781,32908464,1,false
load,1430,31856374.994,31859718.421,32928948,1,false
load,1431,31876940.381,31880226.451,32949492,1,false
load,1432,31897365.630,31900684.651,32969904,1,false
load,1433,31917792.141,31921185.764,32990344,1,false
load,1434,31938363.632,31941634.119,33010860,1,false
load,1435,31958794.864,31962120.195,33031308,1,false
load,1436,31979236.735,31982586.931,33051696,1,false
load,1437,31999736.389,32003062.808,33072184,1,false
load,1438,32020218.162,32023586.124,33092632,1,false
load,1439,32040714.432,32044063.797,33113112,1,false
load,1440,32061216.818,32064510.895,33133596,1,false
load,1441,32081661.423,32085028.929,33154020,1,false
load,1442,32102160.846,32105496.508,33174496,1,false
load,1443,32122655.273,32126797.604,33194968,1,false
load,1444,32142971.598,32146448.393,33215264,1,false
load,1445,32163601.256,32166943.188,33235880,1,false
load,1446,32184087.229,32187413.895,33256344,1,false
load,1447,32204579.596,32209770.529,33276816,1,false
load,1448,32224927.291,32228383.859,33297140,1,false
load,1449,32245519.896,32248891.861,33317720,1,false
load,1450,32265595.689,32269767.136,33337772,1,false
load,1451,32285909.995,32289800.484,33358064,1,false
load,1452,32306947.085,32310303.177,33379088,1,false
load,1453,32327455.658,32330780.665,33399568,1,false
load,1454,32347943.131,32351233.821,33420036,1,false
load,1455,32368603.606,32372778.018,33440616,1,false
load,1456,32388934.125,32392186.248,33460992,1,false
load,1457,32409351.853,32412671.360,33481392,1,false
load,1458,32429852.274,32435766.373,33501872,1,false
load,1459,32449863.638,32453631.146,33521864,1,false
load,1460,32470797.670,32474764.333,33542804,1,false
load,1461,32490869.928,32494600.645,33562828,1,false
load,1462,32511751.402,32516771.097,33583688,1,false
load,1463,32531932.289,32537767.084,33603852,1,false
load,1464,32552922.356,32556006.815,33624820,1,false
load,1465,32573140.795,32576492.079,33645012,1,false
load,1466,32593652.665,32596984.146,33665508,1,false
load,1467,32614152.765,32617467.768,33685988,1,false
load,1468,32634577.582,32637933.974,33706396,1,false
load,1469,32655089.417,32658399.009,33726884,1,false
load,1470,32675562.597,32678901.336,33747336,1,false
load,1471,32696064.729,32699373.830,33767820,1,false
load,1472,32716498.408,32719901.155,33788232,1,false
load,1473,32737056.072,32741770.043,33808768,1,false
load,1474,32757929.356,32760808.122,33829624,1,false
load,1475,32778948.675,32781298.237,33850624,1,false
load,1476,32799449.470,32801786.367,33871104,1,false
load,1477,32819940.437,32822232.185,33891572,1,false
load,1478,32840853.857,32843767.085,33912464,1,false
load,1479,32860865.491,32863191.989,33932456,1,false
load,1480,32881365.804,32883697.302,33952940,1,false
load,1481,32901865.618,32904183.726,33973416,1,false
load,1482,32922291.332,32924626.802,33993824,1,false
load,1483,32942802.108,32945783.780,34014344,1,false
load,1484,32962935.034,32965617.618,34034424,1,false
load,1485,32983795.766,32986098.788,34055308,1,false
load,1486,33004226.804,33006544.406,34075676,1,false
load,1487,33024657.459,33027055.082,34096092,1,false
load,1488,33045168.513,33047540.390,34116588,1,false
load,1489,33065671.693,33068028.198,34137068,1,false
load,1490,33086158.703,33088498.947,34157536,1,false
load,1491,33106659.836,33108962.718,34178008,1,false
load,1492,33127084.319,33129417.283,34198416,1,false
load,1493,33147583.031,33149927.715,34218896,1,false
load,1494,33168096.136,33170411.780,34239388,1,false
load,1495,33188522.819,33190886.355,34259796,1,false
load,1496,33209010.462,33211369.678,34280260,1,false
load,1497,33229510.138,33231887.554,34300740,1,false
load,1498,33250009.272,33252342.360,34321220,1,false
load,1499,33270480.479,33272797.023,34341676,1,false
load,1500,33290925.547,33293297.793,34362096,1,false
load,1501,33311422.162,33313775.231,34382576,1,false
load,1502,33331924.108,33334221.708,34403060,1,false
load,1503,33352348.336,33354713.931,34423464,1,false
load,1504,33372853.414,33375188.203,34443944,1,false
load,1505,33393345.972,33395681.618,34464416,1,false
load,1506,33413853.250,33416157.484,34484908,1,false
load,1507,33434280.004,33436621.605,34505316,1,false
load,1508,33454779.321,33457947.309,34525848,1,false
load,1509,33475174.579,33478324.928,34546176,1,false
load,1510,33495488.723,33498783.634,34566464,1,false
load,1511,33515937.028,33519772.839,34586888,1,false
load,1512,33536922.123,33540788.976,34607860,1,false
load,1513,33557947.568,33560771.745,34628864,1,false
load,1514,33578934.817,33581363.697,34649824,1,false
load,1515,33599517.745,33604501.979,34670396,1,false
load,1516,33619660.319,33620920.258,34690512,1,false
load,1517,33640088.065,33642769.237,34710920,1,false
load,1518,33660927.121,33666764.295,34731744,1,false
load,1519,33681927.342,33687765.082,34752716,1,false
load,1520,33702861.633,33706960.012,34773632,1,false
load,1521,33723069.398,33727414.160,34793828,1,false
load,1522,33743567.304,33747892.713,34814312,1,false
load,1523,33764054.160,33768423.909,34834764,1,false
load,1524,33784605.498,33788887.887,34855300,1,false
load,1525,33805016.971,33809365.685,34875692,1,false
load,1526,33825512.482,33829821.863,34896168,1,false
load,1527,33845940.806,33850338.680,34916572,1,false
load,1528,33866446.029,33870821.436,34937060,1,false
load,1529,33886938.111,33891263.959,34957532,1,false
load,1530,33907858.593,33912767.150,34978432,1,false
load,1531,33928881.269,33932234.383,34999436,1,false
load,1532,33949382.017,33952799.033,35019908,1,false
load,1533,33969964.864,33973780.380,35040480,1,false
load,1534,33990960.486,33993769.524,35061424,1,false
load,1535,34011925.101,34014774.437,35082396,1,false
load,1536,34032927.970,34034773.104,35103376,1,false
load,1537,34053948.095,34055106.222,35124380,1,false
load,1538,34074233.541,34075582.564,35144640,1,false
load,1539,34094736.282,34096064.696,35165132,1,false
load,1540,34115235.136,34116551.130,35185608,1,false
load,1541,34135670.157,34137013.710,35206016,1,false
load,1542,34156162.999,34157484.399,35226496,1,false
load,1543,34176649.187,34177974.595,35246956,1,false
load,1544,34197081.523,34198454.191,35267368,1,false
load,1545,34217579.782,34218934.914,35287852,1,false
load,1546,34238106.682,34239425.553,35308360,1,false
load,1547,34258613.661,34261782.466,35328836,1,false
load,1548,34278971.454,34280366.266,35349176,1,false
load,1549,34299556.854,34300904.240,35369744,1,false
load,1550,34320088.811,34321329.148,35390260,1,false
load,1551,34340486.058,34341810.544,35410632,1,false
load,1552,34360953.983,34362284.371,35431088,1,false
load,1553,34381445.868,34384770.529,35451556,1,false
load,1554,34401931.848,34403221.703,35472020,1,false
load,1555,34422363.146,34423719.239,35492428,1,false
load,1556,34442863.100,34444764.588,35512916,1,false
load,1557,34463926.899,34468749.190,35533956,1,false
load,1558,34484874.217,34489236.534,35554880,1,false
load,1559,34505374.917,34509711.405,35575364,1,false
load,1560,34525842.662,34530237.177,35595812,1,false
load,1561,34546385.056,34550712.811,35616328,1,false
load,1562,34566878.211,34571189.600,35636804,1,false
load,1563,34587347.890,34591665.662,35657260,1,false
load,1564,34607793.166,34612177.476,35677712,1,false
load,1565,34628326.596,34632585.130,35698192,1,false
load,1566,34648849.236,34653094.584,35718700,1,false
load,1567,34669256.043,34673575.986,35739084,1,false
load,1568,34689850.794,34694088.373,35759660,1,false
load,1569,34710285.961,34714768.862,35780076,1,false
load,1570,34730922.565,34735007.903,35800684,1,false
load,1571,34751170.419,34755499.067,35820920,1,false
load,1572,34771659.365,34775982.468,35841388,1,false
load,1573,34792132.455,34798773.007,35861844,1,false
load,1574,34812920.091,34816940.814,35882608,1,false
load,1575,34833109.667,34837418.969,35902776,1,false
load,1576,34853566.611,34857882.140,35923220,1,false
load,1577,34874108.266,34878395.034,35943732,1,false
load,1578,34894545.789,34898897.649,35964160,1,false
load,1579,34915049.266,34919338.950,35984632,1,false
load,1580,34935507.418,34939798.614,36005072,1,false
load,1581,34955951.388,34960264.342,36025504,1,false
load,1582,34976433.876,34980758.218,36045964,1,false
load,1583,34996922.205,35001234.499,36066432,1,false
load,1584,35017385.547,35021717.800,36086872,1,false
load,1585,35037897.111,35042177.583,36107368,1,false
load,1586,35058399.038,35062666.545,36127844,1,false
load,1587,35078803.460,35083170.501,36148248,1,false
load,1588,35099321.494,35103616.229,36168732,1,false
load,1589,35119775.494,35124098.785,36189216,1,false
load,1590,35140260.311,35144582.560,36209628,1,false
load,1591,35160734.906,35165063.560,36230092,1,false
load,1592,35181242.936,35185525.659,36250572,1,false
load,1593,35201692.201,35206012.764,36271008,1,false
load,1594,35222166.117,35226526.279,36291456,1,false
load,1595,35242681.306,35247006.256,36311948,1,false
load,1596,35263163.457,35267483.492,36332412,1,false
load,1597,35283648.541,35287929.202,36352880,1,false
load,1598,35304106.002,35308400.877,36373316,1,false
load,1599,35324559.843,35328903.266,36393744,1,false
load,1600,35345084.233,35349361.819,36414252,1,false
load,1601,35365524.623,35369891.113,36434672,1,false
load,1602,35386053.739,35390359.060,36455184,1,false
load,1603,35406507.423,35410800.897,36475612,1,false
load,1604,35426950.821,35431304.260,36496036,1,false
load,1605,35447481.782,35453767.704,36516548,1,false
load,1606,35467912.957,35472265.127,36536960,1,false
load,1607,35488421.307,35492709.793,36557448,1,false
load,1608,35508851.277,35513207.388,36577860,1,false
load,1609,35529355.543,35533671.000,36598344,1,false
load,1610,35549845.795,35554176.907,36618816,1,false
load,1611,35570338.340,35574661.128,36639288,1,false
load,1612,35590791.712,35595177.743,36659744,1,false
load,1613,35611333.459,35615582.279,36680244,1,false
load,1614,35631746.681,35636108.842,36700636,1,false
load,1615,35652275.475,35656575.461,36721140,1,false
load,1616,35672732.495,35677036.344,36741584,1,false
load,1617,35693234.993,35697536.560,36762060,1,false
load,1618,35713691.253,35718012.217,36782508,1,false
load,1619,35734168.226,35738494.075,36802952,1,false
load,1620,35754647.599,35758990.517,36823420,1,false
load,1621,35775145.608,35779445.358,36843896,1,false
load,1622,35795626.689,35799935.627,36864356,1,false
load,1623,35816093.248,35820408.906,36884804,1,false
load,1624,35836564.332,35840876.751,36905260,1,false
load,1625,35857030.107,35861361.486,36925704,1,false
load,1626,35877538.824,35881888.835,36946184,1,false
load,1627,35898061.559,35902317.463,36966692,1,false
load,1628,35918495.510,35922785.992,36987100,1,false
load,1629,35938936.328,35943276.493,37007528,1,false
load,1630,35959426.685,35963767.847,37027992,1,false
load,1631,35979916.454,35984231.782,37048460,1,false
load,1632,36000395.698,36004695.976,37068928,1,false
load,1633,36020867.622,36025178.686,37089380,1,false
load,1634,36041331.007,36045673.377,37109820,1,false
load,1635,36061832.030,36066134.445,37130304,1,false
load,1636,36082293.003,36089765.566,37150748,1,false
load,1637,36102921.770,36107101.036,37171352,1,false
load,1638,36123252.400,36127571.310,37191660,1,false
load,1639,36143776.058,36148051.191,37212220,1,false
load,1640,36164226.057,36168527.588,37232596,1,false
load,1641,36184679.940,36189009.583,37253032,1,false
load,1642,36205170.801,36209528.239,37273504,1,false
load,1643,36225686.841,36229968.370,37293996,1,false
load,1644,36246120.863,36250442.702,37314412,1,false
load,1645,36266624.402,36270912.979,37334896,1,false
load,1646,36287070.795,36291406.735,37355316,1,false
load,1647,36307563.950,36311906.945,37375800,1,false
load,1648,36328054.102,36332368.857,37396264,1,false
load,1649,36348518.740,36352876.351,37416712,1,false
load,1650,36369032.995,36373315.540,37437204,1,false
load,1651,36389471.833,36393786.306,37457620,1,false
load,1652,36409930.357,36414274.456,37478060,1,false
load,1653,36430442.738,36434779.531,37498548,1,false
load,1654,36450939.094,36455273.757,37519036,1,false
load,1655,36471437.133,36475738.680,37539516,1,false
load,1656,36491845.812,36496234.369,37559896,1,false
load,1657,36512395.702,36516717.075,37580428,1,false
load,1658,36532862.008,36537173.350,37600872,1,false
load,1659,36553330.533,36557652.391,37621316,1,false
load,1660,36573843.558,36578168.226,37641812,1,false
load,1661,36594321.967,36598618.956,37662272,1,false
load,1662,36614779.654,36619100.348,37682756,1,false
load,1663,36635325.486,36639567.076,37703236,1,false
load,1664,36655727.469,36660054.865,37723628,1,false
load,1665,36676210.859,36680551.070,37744080,1,false
load,1666,36696704.212,36701009.579,37764548,1,false
load,1667,36717177.456,36721501.536,37785012,1,false
load,1668,36737663.661,36741950.940,37805476,1,false
load,1669,36758105.863,36762445.171,37825896,1,false
load,1670,36778603.336,36782911.283,37846376,1,false
load,1671,36799066.437,36803396.627,37866812,1,false
load,1672,36819586.649,36823903.285,37887320,1,false
load,1673,36840057.890,36844357.519,37907768,1,false
load,1674,36860531.697,36864907.431,37928224,1,false
load,1675,36881072.624,36885305.907,37948740,1,false
load,1676,36901469.983,36905796.011,37969120,1,false
load,1677,36921952.381,36926260.915,37989580,1,false
load,1678,36942412.511,36946752.749,38010020,1,false
load,1679,36962912.655,36967218.418,38030504,1,false
load,1680,36983381.096,36987693.677,38050952,1,false
load,1681,37003851.307,37008769.398,38071400,1,false
load,1682,37023874.283,37028686.865,38091400,1,false
load,1683,37044855.276,37049159.103,38112368,1,false
load,1684,37065307.053,37069628.722,38132800,1,false
load,1685,37085792.446,37090096.921,38153288,1,false
load,1686,37106253.095,37110568.035,38173712,1,false
load,1687,37126726.182,37131057.322,38194164,1,false
load,1688,37147213.820,37151528.558,38214620,1,false
load,1689,37167686.120,37172004.711,38235080,1,false
load,1690,37188170.041,37194780.840,38255536,1,false
load,1691,37208928.673,37212979.319,38276276,1,false
load,1692,37229150.344,37233807.102,38296480,1,false
load,1693,37250004.599,37253988.747,38317308,1,false
load,1694,37270179.141,37274416.863,38337464,1,false
load,1695,37290608.490,37294936.532,38357876,1,false
load,1696,37311134.741,37315429.158,38378384,1,false
load,1697,37331604.960,37335945.523,38398836,1,false
load,1698,37352109.598,37356366.713,38419316,1,false
load,1699,37372527.959,37376805.938,38439720,1,false
load,1700,37392938.939,37397322.942,38460108,1,false
load,1701,37413446.852,37417787.695,38480600,1,false
load,1702,37433942.123,37440764.427,38501076,1,false
load,1703,37454865.694,37458742.163,38521980,1,false
load,1704,37475859.583,37479231.044,38542948,1,false
load,1705,37496372.343,37499670.040,38563444,1,false
load,1706,37516795.604,37520168.076,38583864,1,false
load,1707,37537300.707,37540656.240,38604332,1,false
load,1708,37557793.643,37561145.763,38624828,1,false
load,1709,37578304.960,37581624.925,38645288,1,false
load,1710,37598377.131,37602125.492,38665344,1,false
load,1711,37619229.768,37622568.127,38686184,1,false
load,1712,37639724.124,37643059.578,38706656,1,false
load,1713,37660214.417,37665765.190,38727124,1,false
load,1714,37680917.977,37684010.178,38747808,1,false
load,1715,37701145.178,37704500.796,38768012,1,false
load,1716,37721652.152,37724978.004,38788504,1,false
load,1717,37742093.627,37745446.739,38808920,1,false
load,1718,37762609.171,37765936.499,38829420,1,false
load,1719,37783088.238,37786396.136,38849880,1,false
load,1720,37803523.097,37806901.351,38870288,1,false
load,1721,37824017.616,37827352.561,38890772,1,false
load,1722,37844507.764,37848765.151,38911240,1,false
load,1723,37864939.514,37868302.641,38931656,1,false
load,1724,37885453.512,37888799.985,38952136,1,false
load,1725,37905937.905,37909264.737,38972604,1,false
load,1726,37926368.216,37929748.890,38993016,1,false
load,1727,37946879.966,37951769.253,39013508,1,false
load,1728,37966890.294,37970729.347,39033496,1,false
load,1729,37987854.751,37991172.071,39054444,1,false
load,1730,38008286.985,38011683.313,39074856,1,false
load,1731,38028797.129,38032157.934,39095364,1,false
load,1732,38049301.957,38052613.479,39115828,1,false
load,1733,38069788.450,38073087.862,39136328,1,false
load,1734,38089819.670,38093590.827,39156304,1,false
load,1735,38110746.018,38114041.181,39177292,1,false
load,1736,38131223.748,38135768.507,39197668,1,false
load,1737,38151917.963,38155006.116,39218348,1,false
load,1738,38172131.114,38175518.808,39238540,1,false
load,1739,38192696.554,38198767.603,39259084,1,false
load,1740,38212918.279,38216457.013,39279284,1,false
load,1741,38233706.971,38236965.941,39300052,1,false
load,1742,38254083.485,38257430.489,39320416,1,false
load,1743,38274590.881,38277893.129,39340904,1,false
load,1744,38295017.000,38298404.709,39361308,1,false
load,1745,38315529.416,38319769.005,39381800,1,false
load,1746,38335931.120,38339370.720,39402184,1,false
load,1747,38356513.385,38359885.776,39422740,1,false
load,1748,38377026.427,38380302.722,39443240,1,false
load,1749,38397458.632,38400769.556,39463644,1,false
load,1750,38417938.441,38421260.131,39484108,1,false
load,1751,38438371.654,38441710.971,39504524,1,false
load,1752,38458858.933,38462217.808,39524992,1,false
load,1753,38479366.756,38482708.689,39545472,1,false
load,1754,38499868.837,38505775.708,39565952,1,false
load,1755,38519886.775,38523656.013,39585952,1,false
load,1756,38540795.461,38544146.241,39606860,1,false
load,1757,38561302.235,38564622.577,39627328,1,false
load,1758,38581745.728,38585091.924,39647824,1,false
load,1759,38602235.185,38605568.055,39668224,1,false
load,1760,38622731.056,38626767.705,39688704,1,false
load,1761,38642922.133,38646551.243,39708868,1,false
load,1762,38663705.185,38667048.944,39729632,1,false
load,1763,38684208.351,38687482.393,39750116,1,false
load,1764,38704643.756,38707948.238,39770532,1,false
load,1765,38725068.321,38728456.710,39790932,1,false
load,1766,38745594.424,38748922.660,39811448,1,false
load,1767,38766101.306,38769408.214,39831928,1,false
load,1768,38786526.540,38789893.144,39852336,1,false
load,1769,38807018.939,38810351.531,39872808,1,false
load,1770,38827514.752,38832766.659,39893288,1,false
load,1771,38847933.895,38851326.648,39913684,1,false
load,1772,38868437.604,38871809.581,39934172,1,false
load,1773,38888945.325,38892263.635,39954656,1,false
load,1774,38909379.447,38912768.137,39975072,1,false
load,1775,38930003.114,38933217.786,39995672,1,false
load,1776,38950358.665,38953704.666,40016012,1,false
load,1777,38970858.932,38974198.327,40036488,1,false
load,1778,38991350.919,38994717.649,40056960,1,false
load,1779,39011861.295,39015145.042,40077456,1,false
load,1780,39032398.224,39035630.252,40097964,1,false
load,1781,39052798.979,39056089.259,40118364,1,false
load,1782,39073215.727,39076570.850,40138744,1,false
load,1783,39093714.808,39098767.719,40159224,1,false
load,1784,39113951.210,39117531.261,40179440,1,false
load,1785,39134673.223,39138002.012,40200144,1,false
load,1786,39155160.106,39158487.584,40220612,1,false
load,1787,39175660.490,39179009.977,40241088,1,false
load,1788,39196167.557,39199440.255,40261580,1,false
load,1789,39216601.458,39219923.467,40281992,1,false
load,1790,39237075.408,39240409.572,40302448,1,false
load,1791,39257854.575,39260882.141,40323200,1,false
load,1792,39277998.915,39281392.114,40343328,1,false
load,1793,39298548.686,39303766.519,40363856,1,false
load,1794,39318941.007,39322346.443,40384232,1,false
load,1795,39339513.748,39342869.866,40404784,1,false
load,1796,39360014.868,39363409.076,40425268,1,false
load,1797,39380568.112,39383783.565,40445792,1,false
load,1798,39400925.721,39404226.821,40466132,1,false
load,1799,39421365.631,39424758.268,40486552,1,false
load,1800,39441867.434,39445209.233,40507032,1,false
load,1801,39462372.346,39465685.565,40527524,1,false
load,1802,39482855.148,39486185.175,40547984,1,false
load,1803,39503289.503,39506663.326,40568396,1,false
load,1804,39523790.912,39527116.085,40588896,1,false
load,1805,39544225.505,39547617.308,40609296,1,false
load,1806,39564737.839,39568105.509,40629792,1,false
load,1807,39585253.297,39588582.558,40650280,1,false
load,1808,39605749.100,39609803.148,40670824,1,false
load,1809,39625945.708,39629544.210,40690936,1,false
load,1810,39646666.503,39650000.492,40711632,1,false
load,1811,39667158.263,39670482.869,40732104,1,false
load,1812,39687642.846,39693768.653,40752568,1,false
load,1813,39707917.663,39711452.847,40772824,1,false
load,1814,39728591.224,39731912.027,40793484,1,false
load,1815,39749016.558,39752404.971,40813888,1,false
load,1816,39769515.110,39772883.740,40834360,1,false
load,1817,39790011.427,39793334.687,40854836,1,false
load,1818,39810510.499,39813870.212,40875324,1,false
load,1819,39831026.520,39834294.925,40895812,1,false
load,1820,39851456.363,39854784.944,40916228,1,false
load,1821,39871936.833,39875249.315,40936688,1,false
load,1822,39892369.291,39895767.953,40957096,1,false
load,1823,39912929.191,39916222.349,40977648,1,false
load,1824,39933355.075,39936693.722,40998048,1,false
load,1825,39953867.456,39957166.004,41018532,1,false
load,1826,39974305.426,39977653.058,41038960,1,false
load,1827,39994802.422,39998805.356,41059432,1,false
load,1828,40014940.219,40020764.599,41079556,1,false
load,1829,40035876.910,40039106.634,41100468,1,false
load,1830,40056232.798,40059562.167,41120804,1,false
load,1831,40076725.615,40080079.898,41141280,1,false
load,1832,40097234.948,40100521.432,41161764,1,false
load,1833,40117664.158,40121036.034,41182172,1,false
load,1834,40138154.842,40141533.026,41202640,1,false
load,1835,40158656.759,40161974.391,41223132,1,false
load,1836,40179258.979,40182539.909,41243708,1,false
load,1837,40199688.178,40202911.280,41264120,1,false
load,1838,40220077.055,40223414.032,41284480,1,false
load,1839,40240581.058,40243920.730,41304964,1,false
load,1840,40261097.746,40264400.539,41325468,1,false
load,1841,40281526.575,40285048.269,41345872,1,false
load,1842,40302081.687,40305386.196,41366412,1,false
load,1843,40322519.932,40326780.873,41386832,1,false
load,1844,40342950.683,40346775.926,41407240,1,false
load,1845,40363964.030,40367590.074,41428232,1,false
load,1846,40384799.557,40387449.687,41449056,1,false
load,1847,40405589.916,40408670.513,41469816,1,false
load,1848,40425795.735,40428574.997,41490020,1,false
load,1849,40446730.695,40448788.050,41510924,1,false
load,1850,40466938.155,40469774.621,41531100,1,false
load,1851,40487932.243,40489778.206,41552080,1,false
load,1852,40508927.806,40510771.909,41573056,1,false
load,1853,40529937.259,40534733.857,41594040,1,false
load,1854,40550853.133,40555773.126,41614944,1,false
load,1855,40570864.321,40575771.966,41634932,1,false
load,1856,40591918.665,40596772.627,41655960,1,false
load,1857,40612925.107,40617772.407,41676956,1,false
load,1858,40633927.571,40637792.637,41697936,1,false
load,1859,40654945.028,40658172.313,41718928,1,false
load,1860,40675328.870,40679777.699,41739292,1,false
load,1861,40695923.625,40699524.472,41759876,1,false
load,1862,40716688.796,40720771.867,41780612,1,false
load,1863,40736922.479,40739857.768,41800828,1,false
load,1864,40756960.583,40760184.547,41820848,1,false
load,1865,40777338.583,40780774.537,41841200,1,false
load,1866,40797926.091,40801767.755,41861776,1,false
load,1867,40818926.497,40821775.809,41882752,1,false
load,1868,40839943.580,40842682.203,41903748,1,false
load,1869,40860792.596,40862772.610,41924592,1,false
load,1870,40880935.501,40883025.997,41944704,1,false
load,1871,40901145.369,40903770.153,41964888,1,false
load,1872,40921867.730,40924291.422,41985596,1,false
load,1873,40942458.330,40944283.496,42006160,1,false
load,1874,40963492.542,40966780.161,42027176,1,false
load,1875,40983926.975,40985274.152,42047596,1,false
load,1876,41004527.145,41005703.659,42068168,1,false
load,1877,41024864.539,41026200.063,42088488,1,false
load,1878,41045366.850,41046661.004,42108968,1,false
load,1879,41065816.465,41067172.747,42129396,1,false
load,1880,41086311.240,41087666.047,42149872,1,false
load,1881,41106794.959,41108116.858,42170352,1,false
load,1882,41127228.327,41128622.742,42190752,1,false
load,1883,41147795.535,41149043.872,42211308,1,false
load,1884,41168198.173,41169553.673,42231684,1,false
load,1885,41188708.952,41190042.202,42252188,1,false
load,1886,41209203.999,41210513.683,42272648,1,false
load,1887,41229697.967,41230988.861,42293120,1,false
load,1888,41250146.498,41251471.654,42313548,1,false
load,1889,41270574.747,41274766.854,42333952,1,false
load,1890,41290917.289,41292432.650,42354280,1,false
load,1891,41311564.092,41312885.550,42374904,1,false
load,1892,41331989.904,41333389.606,42395308,1,false
load,1893,41352546.207,41355764.020,42415848,1,false
load,1894,41372876.589,41374348.061,42436156,1,false
load,1895,41393519.217,41394905.810,42456780,1,false
load,1896,41414020.428,41415290.982,42477268,1,false
load,1897,41434457.545,41435795.786,42497680,1,false
load,1898,41454946.321,41456241.925,42518152,1,false
load,1899,41475375.723,41476732.583,42538564,1,false
load,1900,41495932.467,41497231.138,42559096,1,false
load,1901,41516365.954,41517698.897,42579512,1,false
load,1902,41536851.836,41538163.429,42599980,1,false
load,1903,41557340.751,41558670.687,42620444,1,false
load,1904,41577789.959,41579116.671,42640884,1,false
load,1905,41598286.029,41599606.337,42661344,1,false
load,1906,41618778.323,41620080.882,42681852,1,false
load,1907,41639233.559,41640566.262,42702260,1,false
load,1908,41659718.243,41661028.298,42722732,1,false
load,1909,41680156.596,41681513.089,42743144,1,false
load,1910,41700657.317,41701989.810,42763624,1,false
load,1911,41721145.508,41722471.891,42784088,1,false
load,1912,41741629.319,41742949.022,42804548,1,false
load,1913,41762099.880,41763429.138,42824996,1,false
load,1914,41782588.887,41783907.478,42845468,1,false
load,1915,41803085.547,41804766.694,42865944,1,false
load,1916,41823877.886,41828966.113,42886716,1,false
load,1917,41844091.366,41846766.024,42906916,1,false
load,1918,41864949.121,41869897.352,42927752,1,false
load,1919,41885080.893,41886328.021,42947868,1,false
load,1920,41905437.347,41906788.064,42968204,1,false
load,1921,41925947.839,41927763.440,42988692,1,false
load,1922,41946934.902,41951862.252,43009664,1,false
load,1923,41967000.826,41968257.938,43029700,1,false
load,1924,41987417.340,41988731.582,43050100,1,false
load,1925,42007846.521,42009216.065,43070512,1,false
load,1926,42028365.092,42029655.836,43091008,1,false
load,1927,42048791.669,42050164.248,43111428,1,false
load,1928,42069363.400,42070655.647,43131960,1,false
load,1929,42089797.868,42091134.311,43152392,1,false
load,1930,42110438.867,42111616.608,43173004,1,false
load,1931,42130794.775,42132039.704,43193352,1,false
load,1932,42151148.820,42152799.388,43213672,1,false
load,1933,42171971.759,42173782.110,43234476,1,false
load,1934,42192938.767,42197780.895,43255424,1,false
load,1935,42213950.118,42218777.720,43276412,1,false
load,1936,42234937.132,42238781.447,43297376,1,false
load,1937,42255939.960,42259463.906,43318360,1,false
load,1938,42276620.411,42279794.808,43339024,1,false
load,1939,42296944.285,42300777.511,43359328,1,false
load,1940,42317933.610,42320782.058,43380292,1,false
load,1941,42338957.496,42341351.472,43401276,1,false
load,1942,42359503.829,42361781.220,43421828,1,false
load,1943,42379947.913,42382779.012,43442248,1,false
load,1944,42400934.136,42402779.490,43463212,1,false
load,1945,42421930.396,42427776.312,43484192,1,false
load,1946,42442953.476,42447450.963,43505196,1,false
load,1947,42463602.492,42468781.324,43525820,1,false
load,1948,42483939.420,42488780.129,43546140,1,false
load,1949,42504931.851,42509779.063,43567116,1,false
load,1950,42525927.462,42529785.125,43588088,1,false
load,1951,42546946.678,42550775.999,43609080,1,false
load,1952,42567930.163,42570781.930,43630052,1,false
load,1953,42588936.291,42591776.443,43651036,1,false
load,1954,42609928.519,42611777.708,43672012,1,false
load,1955,42630936.186,42636458.837,43692992,1,false
load,1956,42651616.197,42656321.490,43713652,1,false
load,1957,42672449.265,42676878.559,43734460,1,false
load,1958,42693011.518,42697318.700,43755000,1,false
load,1959,42713439.196,42717912.998,43775412,1,false
load,1960,42734092.849,42738276.504,43796048,1,false
load,1961,42754435.355,42758745.231,43816368,1,false
load,1962,42774849.712,42779226.932,43836768,1,false
load,1963,42795386.413,42799679.663,43857280,1,false
load,1964,42815792.791,42820164.464,43877676,1,false
load,1965,42836326.196,42840655.864,43898176,1,false
load,1966,42856791.109,42861128.235,43918632,1,false
load,1967,42877299.994,42881595.978,43939104,1,false
load,1968,42897777.130,42902084.941,43959592,1,false
load,1969,42918235.879,42922632.186,43980012,1,false
load,1970,42938792.443,42943040.531,44000552,1,false
load,1971,42959212.114,42963517.428,44020948,1,false
load,1972,42979729.620,42984002.811,44041440,1,false
load,1973,43000177.328,43004466.520,44061868,1,false
load,1974,43020617.996,43024952.890,44082296,1,false
load,1975,43041119.149,43045454.157,44102772,1,false
load,1976,43061606.660,43065907.468,44123240,1,false
load,1977,43082040.842,43086402.892,44143656,1,false
load,1978,43102561.773,43106862.105,44164152,1,false
load,1979,43123014.554,43127382.511,44184596,1,false
load,1980,43143537.496,43147903.282,44205088,1,false
load,1981,43164053.886,43168305.257,44225588,1,false
load,1982,43184462.910,43188784.203,44245980,1,false
load,1983,43204955.371,43209247.277,44266452,1,false
load,1984,43225422.729,43229784.490,44286896,1,false
load,1985,43245964.715,43250246.208,44307420,1,false
load,1986,43266442.902,43270744.183,44327880,1,false
load,1987,43286869.606,43291204.720,44348284,1,false
load,1988,43307372.726,43311667.684,44368768,1,false
load,1989,43327802.393,43332174.818,44389180,1,false
load,1990,43348330.681,43352630.480,44409688,1,false
load,1991,43368790.879,43373111.804,44430136,1,false
load,1992,43389266.490,43393597.799,44450580,1,false
load,1993,43409771.088,43414093.338,44471096,1,false
load,1994,43430241.763,43434515.598,44491520,1,false
load,1995,43450665.234,43455036.573,44511916,1,false
load,1996,43471205.937,43475514.432,44532440,1,false
load,1997,43491663.694,43495950.527,44552880,1,false
load,1998,43512113.782,43516473.712,44573308,1,false
load,1999,43532633.991,43536949.561,44593812,1,false
load,2000,43553099.842,43557435.070,44614256,1,false
load,2001,43573589.616,43577911.586,44634724,1,false
load,2002,43594062.728,43598386.310,44655180,1,false
load,2003,43614553.646,43618881.331,44675652,1,false
load,2004,43635034.635,43639338.309,44696108,1,false
load,2005,43655491.827,43659883.649,44716548,1,false
load,2006,43676031.263,43680304.830,44737068,1,false
load,2007,43696455.876,43700774.580,44757472,1,false
load,2008,43716934.916,43721266.359,44777928,1,false
load,2009,43737414.773,43741746.253,44798392,1,false
load,2010,43757865.895,43762230.934,44818820,1,false
load,2011,43778399.251,43782685.721,44839336,1,false
load,2012,43798797.580,43803171.131,44859716,1,false
load,2013,43819382.595,43823661.703,44880272,1,false
load,2014,43839797.214,43844121.224,44900668,1,false
load,2015,43860274.937,43864608.477,44921128,1,false
load,2016,43880775.518,43885070.811,44941636,1,false
load,2017,43901219.317,43905562.054,44962036,1,false
load,2018,43921717.141,43926025.695,44982516,1,false
load,2019,43942185.341,43946519.451,45002964,1,false
load,2020,43962707.810,43967002.988,45023468,1,false
load,2021,43983164.320,43987484.303,45043900,1,false
load,2022,44003638.482,44007949.904,45064352,1,false
load,2023,44024109.020,44028451.008,45084808,1,false
load,2024,44044638.439,44048892.011,45105300,1,false
load,2025,44065051.958,44069387.033,45125712,1,false
load,2026,44085541.499,44089875.594,45146184,1,false
load,2027,44106026.800,44110351.289,45166636,1,false
load,2028,44126514.516,44130881.948,45187108,1,false
load,2029,44147048.185,44151303.447,45207624,1,false
load,2030,44167492.822,44171869.042,45228052,1,false
load,2031,44188029.221,44192292.885,45248568,1,false
load,2032,44208465.326,44212745.518,45268984,1,false
load,2033,44228852.490,44233228.309,45289352,1,false
load,2034,44249358.160,44253720.807,45309828,1,false
load,2035,44269888.619,44274222.977,45330344,1,false
load,2036,44290380.716,44294676.819,45350812,1,false
load,2037,44310864.965,44315169.971,45371276,1,false
load,2038,44331296.077,44335650.790,45391696,1,false
load,2039,44351792.287,44356094.427,45412176,1,false
load,2040,44372225.225,44376594.076,45432580,1,false
load,2041,44392727.758,44397797.825,45453128,1,false
load,2042,44412960.071,44417775.977,45473280,1,false
load,2043,44433937.260,44438782.135,45494236,1,false
load,2044,44454933.310,44458778.485,45515216,1,false
load,2045,44475938.247,44479781.293,45536188,1,false
load,2046,44496935.155,44499776.144,45557172,1,false
load,2047,44517926.492,44520784.142,45578144,1,false
load,2048,44538939.583,44540779.002,45599132,1,false
load,2049,44559954.465,44565774.746,45620128,1,false
load,2050,44581003.774,44585782.184,45641156,1,false
load,2051,44601934.692,44606779.844,45662064,1,false
load,2052,44622933.408,44626780.227,45683048,1,false
load,2053,44643932.154,44647785.583,45704024,1,false
load,2054,44664938.681,44667779.205,45725008,1,false
load,2055,44685932.729,44688784.812,45745976,1,false
load,2056,44706939.391,44708358.056,45766964,1,false
load,2057,44727513.467,44728869.058,45787524,1,false
load,2058,44748026.453,44749305.856,45808012,1,false
load,2059,44768459.053,44769775.179,45828428,1,false
load,2060,44788932.751,44790256.724,45848876,1,false
load,2061,44809420.616,44810728.892,45869348,1,false
load,2062,44829843.201,44831200.497,45889748,1,false
load,2063,44850364.558,44851679.312,45910252,1,false
load,2064,44870792.871,44872154.346,45930664,1,false
load,2065,44891299.999,44892650.435,45951152,1,false
load,2066,44911802.644,44913110.494,45971632,1,false
load,2067,44932232.087,44933604.700,45992040,1,false
load,2068,44952730.528,44954071.075,46012584,1,false
load,2069,44973226.660,44974556.362,46033000,1,false
load,2070,44993717.754,44995046.937,46053468,1,false
load,2071,45014219.575,45015533.692,46073952,1,false
load,2072,45034647.776,45036024.127,46094360,1,false
load,2073,45055211.430,45056490.520,46114896,1,false
load,2074,45075638.523,45076977.800,46135312,1,false
load,2075,45096141.881,45097463.196,46155800,1,false
load,2076,45116618.350,45117929.863,46176248,1,false
load,2077,45137088.565,45138382.993,46196696,1,false
load,2078,45157517.218,45158894.743,46217108,1,false
load,2079,45178011.235,45179375.180,46237584,1,false
load,2080,45198527.658,45199862.530,46258072,1,false
load,2081,45219009.346,45220297.563,46278540,1,false
load,2082,45239431.240,45240866.805,46298944,1,false
load,2083,45260007.224,45261291.412,46319492,1,false
load,2084,45280433.249,45281764.586,46339900,1,false
load,2085,45300915.470,45302253.998,46360368,1,false
load,2086,45321411.730,45323764.646,46380848,1,false
load,2087,45341870.768,45343204.612,46401284,1,false
load,2088,45362374.728,45363672.330,46421764,1,false
load,2089,45382792.870,45384153.689,46442168,1,false
load,2090,45403298.165,45404645.323,46462648,1,false
load,2091,45423792.768,45425105.562,46483120,1,false
load,2092,45444223.591,45445606.826,46503532,1,false
load,2093,45464733.703,45466052.438,46524092,1,false
load,2094,45485172.839,45486768.073,46544440,1,false
load,2095,45505926.447,45507032.290,46565176,1,false
load,2096,45526182.557,45527511.281,46585412,1,false
load,2097,45546666.742,45547983.394,46605876,1,false
load,2098,45567168.755,45568463.278,46626356,1,false
load,2099,45587623.984,45588929.346,46646788,1,false
load,2100,45608092.101,45609427.069,46667244,1,false
load,2101,45628587.581,45629886.190,46687720,1,false
load,2102,45649041.891,45650380.204,46708152,1,false
load,2103,45669590.419,45670851.283,46728680,1,false
load,2104,45690011.443,45691322.377,46749080,1,false
load,2105,45710487.294,45711895.172,46769536,1,false
load,2106,45731052.281,45732305.953,46790076,1,false
load,2107,45751461.526,45752783.019,46810464,1,false
load,2108,45771945.573,45774766.590,46830932,1,false
load,2109,45792926.232,45797860.683,46851892,1,false
load,2110,45813004.879,45814193.931,46871956,1,false
load,2111,45833350.310,45834712.971,46892280,1,false
load,2112,45853848.039,45855162.121,46912760,1,false
load,2113,45874308.893,45875639.022,46933200,1,false
load,2114,45894793.694,45896120.674,46953668,1,false
load,2115,45915289.132,45916629.485,46974136,1,false
load,2116,45935789.427,45938090.994,46994624,1,false
load,2117,45956230.909,45958771.456,47015040,1,false
load,2118,45976927.481,45978055.264,47035716,1,false
load,2119,45997207.152,45998538.176,47055976,1,false
load,2120,46017688.496,46019022.605,47076436,1,false
load,2121,46038188.647,46039464.387,47096920,1,false
load,2122,46058617.636,46059973.264,47117328,1,false
load,2123,46079144.580,46080457.399,47137828,1,false
load,2124,46099612.595,46100926.982,47158292,1,false
load,2125,46120082.380,46121379.498,47178732,1,false
load,2126,46140533.797,46141896.316,47199164,1,false
load,2127,46161126.792,46162339.674,47219740,1,false
load,2128,46181508.498,46182847.911,47240092,1,false
load,2129,46202003.250,46203330.976,47260568,1,false
load,2130,46222479.754,46223862.644,47281028,1,false
load,2131,46243033.637,46244833.459,47301556,1,false
load,2132,46264061.415,46269801.040,47322568,1,false
load,2133,46284976.671,46289798.865,47343464,1,false
load,2134,46305972.555,46310793.351,47364436,1,false
load,2135,46326955.520,46330781.021,47385400,1,false
load,2136,46347933.011,46350776.054,47406364,1,false
load,2137,46368929.196,46371776.034,47427332,1,false
load,2138,46389928.341,46391775.348,47448312,1,false
load,2139,46410926.077,46412779.590,47469296,1,false
load,2140,46431943.075,46436767.534,47490284,1,false
load,2141,46452921.331,46457270.270,47511244,1,false
load,2142,46473424.829,46477732.009,47531732,1,false
load,2143,46493846.507,46498224.341,47552136,1,false
load,2144,46514376.128,46518677.839,47572644,1,false
load,2145,46534846.096,46539153.261,47593092,1,false
load,2146,46555309.539,46559654.350,47613532,1,false
load,2147,46575794.281,46580162.527,47634000,1,false
load,2148,46596315.851,46600599.799,47654500,1,false
load,2149,46616766.571,46621081.173,47674956,1,false
load,2150,46637240.623,46641581.901,47695384,1,false
load,2151,46657763.191,46662067.693,47715916,1,false
load,2152,46678233.575,46682546.760,47736336,1,false
load,2153,46698709.269,46703014.328,47756796,1,false
load,2154,46719165.300,46723506.260,47777228,1,false
load,2155,46739670.858,46743983.051,47797712,1,false
load,2156,46760160.526,46764469.670,47818188,1,false
load,2157,46780638.941,46784934.233,47838644,1,false
load,2158,46801321.436,46805420.873,47859304,1,false
load,2159,46821571.917,46825895.697,47879540,1,false
load,2160,46842048.898,46846391.671,47899992,1,false
load,2161,46862545.549,46866850.727,47920468,1,false
load,2162,46883007.715,46887318.813,47940912,1,false
load,2163,46903484.815,46907853.851,47961364,1,false
load,2164,46924007.771,46928295.197,47981868,1,false
load,2165,46944459.660,46948771.322,48002304,1,false
load,2166,46964923.256,46969230.001,48022744,1,false
load,2167,46985382.920,46989723.219,48043188,1,false
load,2168,47005853.458,47010189.200,48063644,1,false
load,2169,47026345.334,47030677.299,48084108,1,false
load,2170,47046855.531,47051141.586,48104600,1,false
load,2171,47067296.076,47071637.736,48125020,1,false
load,2172,47087789.366,47092133.044,48145492,1,false
load,2173,47108282.615,47112581.574,48165968,1,false
load,2174,47128767.281,47133065.319,48186456,1,false
load,2175,47149222.468,47153621.246,48206872,1,false
load,2176,47169768.771,47174027.061,48227416,1,false
load,2177,47190183.639,47194540.653,48247788,1,false
load,2178,47210688.755,47214990.828,48268268,1,false
load,2179,47231147.530,47235453.402,48288716,1,false
load,2180,47251607.389,47255925.471,48309156,1,false
load,2181,47272082.172,47276422.937,48329604,1,false
load,2182,47292580.040,47296911.633,48350080,1,false
load,2183,47313077.278,47317370.481,48370564,1,false
load,2184,47333526.343,47337857.233,48390988,1,false
load,2185,47354010.541,47358337.518,48411460,1,false
load,2186,47374486.362,47378860.741,48431908,1,false
load,2187,47395013.156,47399337.624,48452420,1,false
load,2188,47415501.146,47419859.220,48472888,1,false
load,2189,47436011.891,47440241.642,48493376,1,false
load,2190,47456398.614,47460711.242,48513744,1,false
load,2191,47476857.376,47481216.818,48534180,1,false
load,2192,47497366.943,47501712.834,48554672,1,false
load,2193,47517868.408,47522154.583,48575152,1,false
load,2194,47538311.860,47542668.731,48595580,1,false
load,2195,47558791.781,47563175.797,48616044,1,false
load,2196,47579339.042,47583594.993,48636564,1,false
load,2197,47599749.590,47604073.353,48656992,1,false
load,2198,47620243.499,47624590.662,48677428,1,false
load,2199,47640741.216,47645073.045,48697964,1,false
load,2200,47661245.011,47665550.313,48718388,1,false
load,2201,47681705.952,47685997.871,48738832,1,false
load,2202,47702158.925,47706504.127,48759264,1,false
load,2203,47722663.841,47726972.171,48779752,1,false
load,2204,47743175.869,47747480.210,48800248,1,false
load,2205,47763641.818,47767951.554,48820688,1,false
load,2206,47784116.897,47788420.460,48841140,1,false
load,2207,47804571.218,47808894.256,48861576,1,false
load,2208,47825062.306,47829378.679,48882052,1,false
load,2209,47845531.604,47849845.938,48902500,1,false
load,2210,47866040.178,47870342.101,48922988,1,false
load,2211,47886526.270,47890858.808,48943456,1,false
load,2212,47907013.304,47911286.148,48963916,1,false
load,2213,47927441.706,47931789.978,48984324,1,false
load,2214,47947949.782,47952221.478,49004812,1,false
load,2215,47968375.299,47972719.560,49025224,1,false
load,2216,47988850.177,47993185.880,49045672,1,false
load,2217,48009336.702,48013672.570,49066144,1,false
load,2218,48029876.411,48034144.458,49086660,1,false
load,2219,48050296.031,48054627.536,49107056,1,false
load,2220,48070783.662,48075115.827,49127528,1,false
load,2221,48091599.337,48095596.861,49148320,1,false
load,2222,48111749.491,48116106.287,49168488,1,false
load,2223,48132259.625,48136549.357,49188944,1,false
load,2224,48152705.073,48157015.528,49209376,1,false
load,2225,48173170.061,48177499.284,49229812,1,false
load,2226,48193653.017,48197999.254,49250288,1,false
load,2227,48214155.221,48218455.015,49270764,1,false
load,2228,48234616.717,48238970.677,49291196,1,false
load,2229,48255119.778,48259413.943,49311680,1,false
load,2230,48275566.406,48279887.132,49332112,1,false
load,2231,48296059.308,48300375.417,49352588,1,false
load,2232,48316535.383,48320844.880,49373044,1,false
load,2233,48337003.104,48341355.343,49393488,1,false
load,2234,48357505.090,48361857.950,49413968,1,false
load,2235,48378011.384,48382282.447,49434456,1,false
load,2236,48398437.797,48402752.842,49454864,1,false
load,2237,48418899.506,48423243.701,49475304,1,false
load,2238,48439397.794,48443763.594,49495784,1,false
load,2239,48459909.301,48464229.096,49516276,1,false
load,2240,48480383.958,48484683.208,49536728,1,false
load,2241,48500864.220,48505156.938,49557188,1,false
load,2242,48521307.031,48525625.084,49577620,1,false
load,2243,48541790.601,48546169.548,49598076,1,false
load,2244,48562333.342,48566604.087,49618604,1,false
load,2245,48582755.997,48587093.801,49639028,1,false
load,2246,48603251.475,48607579.458,49659476,1,false
load,2247,48623739.526,48628061.811,49679992,1,false
load,2248,48644311.538,48648504.660,49700504,1,false
load,2249,48664657.461,48669010.460,49720824,1,false
load,2250,48685161.999,48689515.389,49741312,1,false
load,2251,48705669.413,48709971.416,49761796,1,false
load,2252,48726132.107,48730459.967,49782244,1,false
load,2253,48746634.304,48750922.458,49802716,1,false
load,2254,48767074.768,48771408.542,49823140,1,false
load,2255,48787567.490,48791888.272,49843608,1,false
load,2256,48808041.055,48812794.305,49864068,1,false
load,2257,48828951.715,48833778.194,49884952,1,false
load,2258,48849934.551,48853775.258,49905920,1,false
load,2259,48870931.869,48874778.482,49926896,1,false
load,2260,48891939.710,48894777.157,49947880,1,false
load,2261,48912951.767,48914775.460,49968872,1,false
load,2262,48933925.975,48935513.354,49989828,1,false
load,2263,48954669.918,48955775.481,50010556,1,false
load,2264,48974926.071,48976774.665,50030784,1,false
load,2265,48995955.484,49000770.799,50051792,1,false
load,2266,49016919.715,49021433.190,50072744,1,false
load,2267,49037582.648,49041776.372,50093384,1,false
load,2268,49057933.063,49062778.098,50113716,1,false
load,2269,49078937.162,49082782.198,50134700,1,false
load,2270,49099931.514,49103773.475,50155676,1,false
load,2271,49120929.016,49123775.967,50176644,1,false
load,2272,49141928.591,49144358.996,50197624,1,false
load,2273,49162511.998,49164777.014,50218196,1,false
load,2274,49182931.165,49185776.777,50238588,1,false
load,2275,49203928.476,49205776.043,50259564,1,false
load,2276,49224929.461,49226779.010,50280548,1,false
load,2277,49245934.277,49250778.708,50301536,1,false
load,2278,49266929.251,49271773.926,50322508,1,false
load,2279,49287929.415,49291775.318,50343488,1,false
load,2280,49308921.049,49313771.949,50364452,1,false
load,2281,49329931.010,49332768.441,50385444,1,false
load,2282,49350990.475,49354772.026,50406484,1,false
load,2283,49371927.485,49374768.672,50427404,1,false
load,2284,49392919.652,49395775.576,50448376,1,false
load,2285,49413929.745,49418771.781,50469364,1,false
load,2286,49434921.266,49440768.837,50490336,1,false
load,2287,49455919.170,49460771.212,50511316,1,false
load,2288,49476924.832,49481771.044,50532292,1,false
load,2289,49497934.848,49501770.952,50553288,1,false
load,2290,49518921.249,49522770.048,50574260,1,false
load,2291,49539930.623,49542772.341,50595240,1,false
load,2292,49560932.631,49566769.514,50616220,1,false
load,2293,49581918.473,49587779.346,50637188,1,false
load,2294,49602935.144,49608771.492,50658184,1,false
load,2295,49623927.965,49628772.589,50679152,1,false
load,2296,49644933.563,49649771.503,50700136,1,false
load,2297,49665920.440,49669771.365,50721108,1,false
load,2298,49686920.519,49689811.056,50742088,1,false
load,2299,49707952.064,49710770.214,50763100,1,false
load,2300,49728924.624,49735767.864,50784052,1,false
load,2301,49749923.539,49755772.699,50805032,1,false
load,2302,49770928.468,49776768.654,50826016,1,false
load,2303,49791927.010,49796770.655,50846992,1,false
load,2304,49812926.238,49816774.893,50867968,1,false
load,2305,49833928.995,49836781.264,50888956,1,false
load,2306,49854937.811,49858770.495,50909940,1,false
load,2307,49875921.417,49878769.282,50930908,1,false
load,2308,49896922.472,49903768.192,50951880,1,false
load,2309,49917921.123,49923771.624,50972864,1,false
load,2310,49938925.820,49944771.071,50993844,1,false
load,2311,49959918.691,49964769.130,51014824,1,false
load,2312,49980921.659,49984772.499,51035808,1,false
load,2313,50001964.502,50005771.386,51056824,1,false
load,2314,50022923.145,50025770.551,51077764,1,false
load,2315,50043917.774,50046770.358,51098736,1,false
load,2316,50064932.874,50070769.379,51119732,1,false
load,2317,50085919.157,50091772.315,51140692,1,false
load,2318,50106925.780,50110777.863,51161684,1,false
load,2319,50127939.140,50131776.400,51182676,1,false
load,2320,50148930.168,50151818.990,51203652,1,false
load,2321,50169980.503,50172792.801,51224680,1,false
load,2322,50190970.292,50192773.887,51245644,1,false
load,2323,50211940.020,50213774.606,51266592,1,false
load,2324,50232931.562,50237773.292,51287568,1,false
load,2325,50253934.902,50258776.732,51308552,1,false
load,2326,50274933.241,50278772.585,51329528,1,false
load,2327,50295932.418,50299776.307,51350500,1,false
load,2328,50316926.752,50319776.122,51371480,1,false
load,2329,50337925.054,50340774.323,51392456,1,false
load,2330,50358925.238,50360773.077,51413440,1,false
load,2331,50379931.430,50381775.399,51434428,1,false
load,2332,50400927.161,50405774.882,51455396,1,false
load,2333,50421929.545,50426770.345,51476384,1,false
load,2334,50442923.640,50446775.490,51497352,1,false
load,2335,50463924.942,50467773.617,51518332,1,false
load,2336,50484924.837,50487772.421,51539316,1,false
load,2337,50505928.096,50508779.235,51560296,1,false
load,2338,50526042.204,50528776.282,51580388,1,false
load,2339,50546937.797,50549772.036,51601268,1,false
load,2340,50567970.353,50569778.689,51622284,1,false
load,2341,50588949.571,50594770.708,51643240,1,false
load,2342,50609926.504,50614775.796,51664192,1,false
load,2343,50630928.057,50635777.285,51685172,1,false
load,2344,50651931.031,50655774.255,51706152,1,false
load,2345,50672931.189,50676774.103,51727132,1,false
load,2346,50693927.678,50696775.239,51748116,1,false
load,2347,50714940.958,50717778.475,51769100,1,false
load,2348,50735932.568,50737774.893,51790080,1,false
load,2349,50756935.671,50762073.316,51811060,1,false
load,2350,50777270.402,50778778.195,51831376,1,false
load,2351,50797945.145,50803778.191,51852028,1,false
load,2352,50818939.196,50823776.956,51873004,1,false
load,2353,50839936.587,50844780.842,51893980,1,false
load,2354,50860946.561,50864788.470,51914968,1,false
load,2355,50881957.963,50885779.711,51935960,1,false
load,2356,50902955.167,50905777.390,51956940,1,false
load,2357,50923930.645,50926775.103,51977896,1,false
load,2358,50944928.270,50946775.685,51998868,1,false
load,2359,50965988.560,50971773.574,52019912,1,false
load,2360,50986923.863,50991774.303,52040824,1,false
load,2361,51007929.288,51012750.280,52061808,1,false
load,2362,51028909.394,51032778.310,52082768,1,false
load,2363,51049940.377,51053774.140,52103780,1,false
load,2364,51070935.116,51073774.929,52124756,1,false
load,2365,51091938.477,51093775.852,52145732,1,false
load,2366,51112936.215,51114775.485,52166708,1,false
load,2367,51133919.935,51138772.634,52187676,1,false
load,2368,51154929.272,51159776.901,52208664,1,false
load,2369,51175930.977,51179778.780,52229648,1,false
load,2370,51196933.743,51200777.302,52250632,1,false
load,2371,51217932.867,51220775.976,52271604,1,false
load,2372,51238914.456,51241773.867,52292568,1,false
load,2373,51259926.103,51261775.842,52313556,1,false
load,2374,51280928.668,51282776.053,52334536,1,false
load,2375,51301937.334,51306773.377,52355524,1,false
load,2376,51322924.916,51327780.498,52376492,1,false
load,2377,51343933.355,51347776.874,52397480,1,false
load,2378,51364928.810,51368781.738,52418464,1,false
load,2379,51385939.008,51388778.450,52439452,1,false
load,2380,51406929.559,51409774.339,52460416,1,false
load,2381,51427946.642,51429599.395,52481416,1,false
load,2382,51448771.631,51450061.988,52502228,1,false
load,2383,51469218.599,51470536.438,52522644,1,false
load,2384,51489695.754,51491045.500,52543108,1,false
load,2385,51510198.164,51511492.914,52563584,1,false
load,2386,51530656.613,51531961.656,52584028,1,false
load,2387,51551119.993,51552481.639,52604468,1,false
load,2388,51571629.739,51572925.977,52624960,1,false
load,2389,51592074.356,51593402.194,52645384,1,false
load,2390,51612557.215,51613883.550,52665848,1,false
load,2391,51633047.083,51634399.721,52686320,1,false
load,2392,51653560.598,51654875.803,52706804,1,false
load,2393,51674031.409,51675319.376,52727264,1,false
load,2394,51694485.369,51695837.725,52747700,1,false
load,2395,51714995.457,51717770.493,52768184,1,false
load,2396,51735924.224,51740836.114,52789092,1,false
load,2397,51755944.279,51757262.276,52809092,1,false
load,2398,51776420.411,51777754.091,52829548,1,false
load,2399,51796925.916,51799764.548,52850036,1,false
load,2400,51817920.962,51822766.233,52871008,1,false
load,2401,51838925.323,51844778.132,52891996,1,false
load,2402,51859931.445,51863745.950,52912984,1,false
load,2403,51880852.517,51884239.038,52933880,1,false
load,2404,51901370.749,51904713.974,52954380,1,false
load,2405,51921867.941,51925765.240,52974852,1,false
load,2406,51942921.217,51945677.050,52995888,1,false
load,2407,51963856.275,51966147.772,53016808,1,false
load,2408,51984287.066,51986617.027,53037216,1,false
load,2409,52004787.494,52009768.907,53057680,1,false
load,2410,52024917.045,52027588.603,53077800,1,false
load,2411,52045713.571,52048057.908,53098644,1,false
load,2412,52066216.485,52068542.462,53119056,1,false
load,2413,52086695.327,52089001.621,53139528,1,false
load,2414,52107155.828,52109484.376,53159964,1,false
load,2415,52127648.642,52132776.676,53180440,1,false
load,2416,52147930.545,52150441.997,53200692,1,false
load,2417,52168573.664,52170924.748,53221316,1,false
load,2418,52189084.559,52191437.688,53241804,1,false
load,2419,52209587.820,52211912.470,53262292,1,false
load,2420,52230067.150,52232374.161,53282756,1,false
load,2421,52250500.275,52252846.635,53303168,1,false
load,2422,52271004.096,52273317.661,53323648,1,false
load,2423,52291433.965,52293837.334,53344060,1,false
load,2424,52312020.788,52314278.195,53364632,1,false
load,2425,52334801.313,52338881.665,53387388,1,false
load,2426,52355014.503,52359363.120,53407580,1,false
load,2427,52375526.381,52379856.706,53428072,1,false
load,2428,52396012.365,52400797.094,53448532,1,false
load,2429,52416966.989,52420869.801,53469468,1,false
load,2430,52436974.256,52441291.114,53489456,1,false
load,2431,52457397.590,52461766.899,53509864,1,false
load,2432,52477930.265,52482220.299,53530380,1,false
load,2433,52498359.830,52502709.908,53550784,1,false
load,2434,52518864.977,52524767.791,53571264,1,false
load,2435,52538914.651,52543662.661,53591296,1,false
load,2436,52559854.986,52564162.168,53612216,1,false
load,2437,52580283.547,52584620.825,53632628,1,false
load,2438,52600794.577,52605767.936,53653116,1,false
load,2439,52620928.219,52625571.702,53673236,1,false
load,2440,52641733.695,52646062.526,53694064,1,false
load,2441,52662217.062,52667785.939,53714484,1,false
load,2442,52682944.942,52687024.513,53735188,1,false
load,2443,52703175.871,52707482.386,53755408,1,false
load,2444,52723644.449,52727997.633,53775856,1,false
load,2445,52744149.767,52748452.269,53796336,1,false
load,2446,52764606.753,52768922.429,53816768,1,false
load,2447,52785089.754,52789419.588,53837236,1,false
load,2448,52805568.801,52809885.532,53857692,1,false
load,2449,52826072.496,52830383.974,53878180,1,false
load,2450,52846546.282,52850843.004,53898628,1,false
load,2451,52866993.599,52871326.722,53919064,1,false
load,2452,52887478.821,52891834.119,53939524,1,false
load,2453,52908035.603,52912304.750,53960052,1,false
load,2454,52928503.252,52932757.883,53980508,1,false
load,2455,52949151.638,52953262.114,54001136,1,false
load,2456,52969418.836,52973705.866,54021384,1,false
load,2457,52989850.098,52994247.864,54041796,1,false
load,2458,53010420.277,53014653.934,54062344,1,false
load,2459,53030795.786,53035187.010,54082700,1,false
load,2460,53051344.636,53055612.857,54103228,1,false
load,2461,53071764.321,53076133.324,54123636,1,false
load,2462,53092288.816,53096592.794,54144132,1,false
load,2463,53112741.199,53117093.562,54164600,1,false
load,2464,53133251.965,53137586.907,54185056,1,false
load,2465,53153743.846,53158225.699,54205560,1,false
load,2466,53174413.819,53178501.942,54226172,1,false
load,2467,53194654.424,53199014.612,54246400,1,false
load,2468,53215166.580,53219449.328,54266896,1,false
load,2469,53235601.834,53239971.582,54287304,1,false
load,2470,53256127.245,53260439.300,54307808,1,false
load,2471,53276592.008,53280895.202,54328260,1,false
load,2472,53297052.322,53301406.025,54348696,1,false
load,2473,53317566.489,53321884.612,54369192,1,false
load,2474,53338042.793,53342354.712,54389652,1,false
load,2475,53358508.547,53362846.224,54410092,1,false
load,2476,53379004.196,53383299.032,54430572,1,false
load,2477,53399465.516,53403846.463,54451008,1,false
load,2478,53420012.845,53424269.926,54471540,1,false
load,2479,53440419.739,53444751.648,54491928,1,false
load,2480,53460926.487,53465242.086,54512412,1,false
load,2481,53481390.620,53485698.124,54532856,1,false
load,2482,53501858.848,53506190.995,54553304,1,false
load,2483,53522345.790,53526664.916,54573768,1,false
load,2484,53542794.062,53547142.962,54594192,1,false
load,2485,53563311.856,53567608.917,54614696,1,false
load,2486,53583769.212,53588101.947,54635136,1,false
load,2487,53604269.791,53608589.374,54655612,1,false
load,2488,53624745.231,53629053.104,54676092,1,false
load,2489,53645212.849,53649527.090,54696520,1,false
load,2490,53665687.193,53669998.029,54716984,1,false
load,2491,53686152.410,53690484.442,54737420,1,false
load,2492,53706646.598,53711001.755,54757888,1,false
load,2493,53727203.828,53731470.456,54778432,1,false
load,2494,53747618.038,53751906.635,54798824,1,false
load,2495,53768066.936,53772398.931,54819248,1,false
load,2496,53788555.706,53792876.878,54839716,1,false
load,2497,53809044.474,53813373.621,54860192,1,false
load,2498,53829546.437,53833850.524,54880672,1,false
load,2499,53850008.016,53854326.124,54901112,1,false
load,2500,53870485.518,53874833.071,54921572,1,false
load,2501,53890985.513,53895272.483,54942052,1,false
load,2502,53911419.068,53916769.721,54962464,1,false
load,2503,53931922.777,53936262.831,54982948,1,false
load,2504,53952416.267,53956706.566,55003420,1,false
load,2505,53972855.124,53977202.600,55023844,1,false
load,2506,53993348.748,53997678.203,55044316,1,false
load,2507,54013790.024,54018172.751,55064736,1,false
load,2508,54034326.169,54038800.792,55085248,1,false
load,2509,54054975.317,54059588.947,55105884,1,false
load,2510,54075788.699,54079785.450,55126672,1,false
load,2511,54095936.157,54100414.063,55146796,1,false
load,2512,54116567.315,54120782.730,55167408,1,false
load,2513,54137027.720,54141784.129,55187856,1,false
load,2514,54157936.924,54161779.950,55208740,1,false
load,2515,54178954.783,54182775.662,55229712,1,false
load,2516,54199925.641,54203772.968,55250692,1,false
load,2517,54220925.120,54224774.043,55271668,1,false
load,2518,54241930.837,54244793.376,55292652,1,false
load,2519,54262944.900,54269771.435,55313644,1,false
load,2520,54283928.741,54289339.899,55334608,1,false
load,2521,54304489.222,54310777.726,55355148,1,false
load,2522,54324931.673,54330777.486,55375568,1,false
load,2523,54345941.709,54351775.268,55396568,1,false
load,2524,54366927.130,54371775.604,55417528,1,false
load,2525,54387929.262,54392774.008,55438512,1,false
load,2526,54408927.439,54412781.219,55459484,1,false
load,2527,54429933.441,54433776.318,55480476,1,false
load,2528,54450932.946,54453775.635,55501448,1,false
load,2529,54471926.220,54478775.652,55522424,1,false
load,2530,54492940.666,54498538.218,55543416,1,false
load,2531,54513697.085,54519775.787,55564156,1,false
load,2532,54533928.893,54539776.218,55584368,1,false
load,2533,54554935.424,54560778.896,55605356,1,false
load,2534,54575940.513,54580773.644,55626336,1,false
load,2535,54596929.560,54600776.063,55647304,1,false
load,2536,54617932.744,54620813.136,55668284,1,false
load,2537,54638972.277,54641776.039,55689308,1,false
load,2538,54659938.371,54661773.536,55710256,1,false
load,2539,54680932.419,54685772.439,55731232,1,false
load,2540,54701943.073,54706277.049,55752212,1,false
load,2541,54722447.628,54726748.888,55772704,1,false
load,2542,54742904.115,54747198.394,55793132,1,false
load,2543,54763367.808,54767705.776,55813580,1,false
load,2544,54783859.254,54788179.210,55834048,1,false
load,2545,54804330.486,54808666.896,55854508,1,false
load,2546,54824791.419,54829131.478,55874944,1,false
load,2547,54845289.672,54850772.806,55895428,1,false
load,2548,54865926.349,54871261.217,55916040,1,false
load,2549,54886412.590,54890828.905,55936508,1,false
load,2550,54906987.257,54911800.762,55957060,1,false
load,2551,54927939.243,54932767.225,55978000,1,false
load,2552,54948914.966,54952474.144,55998944,1,false
load,2553,54969633.384,54973776.460,56019644,1,false
load,2554,54989915.438,54994028.000,56039908,1,false
load,2555,55010177.373,55014133.870,56060148,1,false
load,2556,55030232.393,55034465.277,56080184,1,false
load,2557,55050585.297,55054770.709,56100524,1,false
load,2558,55070942.129,55076768.115,56120856,1,false
load,2559,55091869.670,55095892.544,56141760,1,false
load,2560,55112063.567,55117770.884,56161932,1,false
load,2561,55132930.615,55137772.246,56182780,1,false
load,2562,55153920.838,55158775.691,56203756,1,false
load,2563,55174931.455,55178769.685,56224740,1,false
load,2564,55195933.173,55197834.718,56245720,1,false
load,2565,55216938.357,55218252.286,56266708,1,false
load,2566,55237362.426,55238701.474,56287112,1,false
load,2567,55257858.617,55259213.119,56307588,1,false
load,2568,55278378.516,55280767.269,56328088,1,false
load,2569,55298917.576,55300123.267,56348604,1,false
load,2570,55319277.901,55320620.050,56368952,1,false
load,2571,55339776.576,55341127.612,56389424,1,false
load,2572,55360313.352,55361577.605,56409940,1,false
load,2573,55380746.998,55382087.541,56430380,1,false
load,2574,55401232.208,55402527.433,56450824,1,false
load,2575,55421668.032,55423039.472,56471236,1,false
load,2576,55442158.840,55443527.538,56491712,1,false
load,2577,55462658.175,55463995.200,56512184,1,false
load,2578,55483163.168,55484496.773,56532672,1,false
load,2579,55503646.201,55504953.919,56553144,1,false
load,2580,55524071.412,55525409.036,56573544,1,false
load,2581,55544572.295,55545911.023,56594020,1,false
load,2582,55565077.223,55566393.060,56614508,1,false
load,2583,55585508.712,55586869.357,56634924,1,false
load,2584,55606012.589,55607308.037,56655408,1,false
load,2585,55626441.241,55627839.154,56675820,1,false
load,2586,55647007.497,55648292.814,56696364,1,false
load,2587,55667437.861,55668825.327,56716768,1,false
load,2588,55687939.610,55689250.467,56737248,1,false
load,2589,55708369.218,55709743.025,56757660,1,false
load,2590,55728867.554,55730221.032,56778144,1,false
load,2591,55749458.868,55750708.633,56798716,1,false
load,2592,55769879.570,55771956.245,56819108,1,false
load,2593,55790082.425,55791793.048,56839296,1,false
load,2594,55810966.052,55812777.058,56860156,1,false
load,2595,55831930.234,55836711.000,56881104,1,false
load,2596,55852867.997,55857167.029,56902024,1,false
load,2597,55873301.703,55877651.994,56922432,1,false
load,2598,55893794.434,55898128.575,56942908,1,false
load,2599,55914290.255,55918639.705,56963380,1,false
load,2600,55934789.628,55939766.940,56983864,1,false
load,2601,55954933.009,55959574.426,57003988,1,false
load,2602,55975729.696,55981052.591,57024796,1,false
load,2603,55996230.254,56001772.537,57045244,1,false
load,2604,56016920.717,56021820.316,57065916,1,false
load,2605,56037932.838,56042772.682,57086908,1,false
load,2606,56058925.282,56063774.279,57107872,1,false
load,2607,56079932.976,56083772.406,57128864,1,false
load,2608,56100942.599,56103780.243,57149856,1,false
load,2609,56121939.346,56123897.592,57170828,1,false
load,2610,56141996.897,56145790.464,57190868,1,false
load,2611,56162931.514,56165769.989,57211784,1,false
load,2612,56183946.715,56190308.969,57232772,1,false
load,2613,56204468.515,56210782.055,57253276,1,false
load,2614,56224938.852,56230782.515,57273732,1,false
load,2615,56245950.783,56251245.041,57294720,1,false
load,2616,56266379.118,56272769.320,57315124,1,false
load,2617,56286866.208,56292774.398,57335592,1,false
load,2618,56307932.960,56313772.913,57356640,1,false
load,2619,56328927.466,56332860.185,57377612,1,false
load,2620,56348969.833,56354773.362,57397640,1,false
load,2621,56369924.678,56374772.290,57418572,1,false
load,2622,56390932.578,56393779.210,57439556,1,false
load,2623,56411939.519,56414915.582,57460540,1,false
load,2624,56432073.448,56434818.372,57480664,1,false
load,2625,56452936.932,56455823.827,57501504,1,false
load,2626,56473937.031,56475778.450,57522488,1,false
load,2627,56494925.468,56497692.311,57543448,1,false
load,2628,56515861.922,56520921.404,57564364,1,false
load,2629,56536072.380,56541186.003,57584560,1,false
load,2630,56556285.602,56557559.504,57604748,1,false
load,2631,56576714.771,56578053.264,57625216,1,false
load,2632,56597204.619,56598521.567,57645628,1,false
load,2633,56617639.501,56618992.573,57666048,1,false
load,2634,56638141.887,56639482.046,57686528,1,false
load,2635,56658642.418,56659951.352,57707004,1,false
load,2636,56679085.092,56680437.813,57727432,1,false
load,2637,56699584.452,56700897.265,57747912,1,false
load,2638,56720015.161,56721393.233,57768324,1,false
load,2639,56740514.379,56741876.714,57788804,1,false
load,2640,56761024.273,56762356.684,57809284,1,false
load,2641,56781515.942,56782845.051,57829764,1,false
load,2642,56802000.316,56803300.298,57850228,1,false
load,2643,56822448.143,56824040.380,57870656,1,false
load,2644,56843162.624,56844285.086,57891344,1,false
load,2645,56863433.081,56864835.167,57911604,1,false
load,2646,56883997.957,56885222.545,57932144,1,false
load,2647,56904354.631,56905729.544,57952484,1,false
load,2648,56924864.698,56926204.334,57972972,1,false
load,2649,56945374.928,56946694.233,57993456,1,false
load,2650,56965846.634,56967132.930,58013916,1,false
load,2651,56986274.334,56988765.508,58034320,1,false
load,2652,57006919.191,57009764.049,58054948,1,false
load,2653,57027883.115,57034767.460,58075900,1,false
load,2654,57048930.871,57053196.114,58096920,1,false
load,2655,57069348.750,57073644.871,58117316,1,false
load,2656,57089798.112,57094134.117,58137744,1,false
load,2657,57110285.453,57114612.931,58158208,1,false
load,2658,57130775.617,57135074.121,58178676,1,false
load,2659,57151246.976,57155563.939,58199132,1,false
load,2660,57171717.022,57176022.739,58219636,1,false
load,2661,57192200.621,57196526.000,58240048,1,false
load,2662,57212680.496,57216987.875,58260508,1,false
load,2663,57233150.255,57237480.530,58280956,1,false
load,2664,57253647.027,57257951.744,58301428,1,false
load,2665,57274112.868,57278438.036,58321880,1,false
load,2666,57294598.944,57298909.181,58342348,1,false
load,2667,57315058.687,57319369.814,58362780,1,false
load,2668,57335581.732,57339861.252,58383288,1,false
load,2669,57356015.326,57360344.366,58403704,1,false
load,2670,57376494.384,57380820.650,58424164,1,false
load,2671,57396985.841,57401304.259,58444632,1,false
load,2672,57417460.054,57421822.112,58465084,1,false
load,2673,57437986.220,57442244.928,58485592,1,false
load,2674,57458399.694,57462741.740,58505988,1,false
load,2675,57478856.864,57483201.067,58526420,1,false
load,2676,57499357.599,57503789.195,58546904,1,false
load,2677,57519960.493,57524774.930,58567488,1,false
load,2678,57540932.599,57544786.162,58588436,1,false
load,2679,57561959.056,57565776.312,58609448,1,false
load,2680,57582929.463,57585774.046,58630392,1,false
load,2681,57603925.137,57606772.854,58651372,1,false
load,2682,57624919.431,57626773.274,58672340,1,false
load,2683,57645931.647,57647776.477,58693328,1,false
load,2684,57666944.144,57671772.127,58714324,1,false
load,2685,57687923.218,57692103.786,58735280,1,false
load,2686,57708255.753,57712780.358,58755596,1,false
load,2687,57728934.047,57733777.100,58776256,1,false
load,2688,57749983.491,57753773.562,58797284,1,false
load,2689,57770935.323,57774774.004,58818212,1,false
load,2690,57791922.965,57794776.452,58839184,1,false
load,2691,57812940.774,57815773.248,58860176,1,false
load,2692,57833929.690,57835772.472,58881152,1,false
load,2693,57854930.252,57860786.886,58902132,1,false
load,2694,57875970.009,57880778.065,58923152,1,false
load,2695,57896936.237,57901777.624,58944092,1,false
load,2696,57917929.419,57921776.117,58965064,1,false
load,2697,57938928.976,57942775.385,58986040,1,false
load,2698,57959926.639,57962789.124,59007016,1,false
load,2699,57980947.062,57983775.760,59028020,1,false
load,2700,58001928.162,58003775.793,59048988,1,false
load,2701,58022923.752,58028777.233,59069960,1,false
load,2702,58043928.742,58048776.559,59090940,1,false
load,2703,58064946.669,58069776.120,59111944,1,false
load,2704,58085925.924,58089777.580,59132896,1,false
load,2705,58106946.633,58110796.989,59153896,1,false
load,2706,58127961.306,58130782.332,59174896,1,false
load,2707,58148935.984,58151774.230,59195852,1,false
load,2708,58169939.623,58171773.780,59216832,1,false
load,2709,58190923.122,58196771.679,59237792,1,false
load,2710,58211925.540,58216774.812,59258776,1,false
load,2711,58232947.908,58237773.390,59279776,1,false
load,2712,58253927.045,58257775.908,59300740,1,false
load,2713,58274925.139,58278772.709,59321712,1,false
load,2714,58295926.098,58298779.881,59342696,1,false
load,2715,58316935.837,58319774.291,59363688,1,false
load,2716,58337941.497,58339775.493,59384668,1,false
load,2717,58358935.952,58363836.088,59405640,1,false
load,2718,58378964.646,58382766.668,59425648,1,false
load,2719,58399918.656,58404826.651,59446584,1,false
load,2720,58419933.637,58422772.494,59466584,1,false
load,2721,58440931.401,58446783.910,59487560,1,false
load,2722,58461933.317,58466201.176,59508536,1,false
load,2723,58482363.020,58486694.537,59528948,1,false
load,2724,58502858.156,58509763.963,59549420,1,false
load,2725,58523863.543,58527674.323,59570412,1,false
load,2726,58544800.184,58548116.227,59591324,1,false
load,2727,58565242.226,58568601.563,59611748,1,false
load,2728,58585766.069,58589104.321,59632240,1,false
load,2729,58606240.231,58609595.251,59652708,1,false
load,2730,58626736.989,58630052.848,59673204,1,false
load,2731,58647219.818,58650514.692,59693644,1,false
load,2732,58667657.333,58671032.236,59714068,1,false
load,2733,58688153.240,58691515.650,59734536,1,false
load,2734,58708656.892,58711957.763,59755028,1,false
load,2735,58729097.962,58732432.070,59775448,1,false
load,2736,58749596.609,58752951.788,59795924,1,false
load,2737,58770083.992,58773426.232,59816384,1,false
load,2738,58790588.204,58793940.092,59836876,1,false
load,2739,58811084.774,58814380.986,59857352,1,false
load,2740,58831511.771,58834852.325,59877752,1,false
load,2741,58852013.257,58855306.626,59898240,1,false
load,2742,58872445.609,58875822.326,59918656,1,false
load,2743,58892940.714,58896294.059,59939124,1,false
load,2744,58913447.130,58916829.953,59959612,1,false
load,2745,58934011.856,58937249.074,59980160,1,false
load,2746,58954421.907,58957736.371,60000548,1,false
load,2747,58974855.214,58978764.412,60020956,1,false
load,2748,58995867.686,58998685.238,60041952,1,false
load,2749,59016860.189,59019156.224,60062924,1,false
load,2750,59037295.268,59039799.005,60083340,1,false
load,2751,59057958.200,59060797.042,60103984,1,false
load,2752,59078951.843,59080778.918,60124960,1,false
load,2753,59099928.118,59101784.105,60145912,1,false
load,2754,59120948.406,59125772.227,60166916,1,false
load,2755,59141923.215,59146785.467,60187864,1,false
load,2756,59162945.943,59166776.839,60208868,1,false
load,2757,59183919.492,59187779.768,60229816,1,false
load,2758,59204940.812,59207771.176,60250824,1,false
load,2759,59225933.460,59228771.164,60271800,1,false
load,2760,59246926.310,59248772.987,60292768,1,false
load,2761,59267955.524,59269772.151,60313764,1,false
load,2762,59288930.229,59293775.078,60334736,1,false
load,2763,59309943.900,59314779.432,60355728,1,false
load,2764,59330945.616,59334772.871,60376704,1,false
load,2765,59351949.463,59355776.974,60397684,1,false
load,2766,59372932.308,59375769.673,60418648,1,false
load,2767,59393922.464,59396770.006,60439620,1,false
load,2768,59414925.489,59416769.273,60460604,1,false
load,2769,59435930.223,59441773.229,60481584,1,false
load,2770,59456933.187,59461775.968,60502576,1,false
load,2771,59477932.889,59482771.125,60523552,1,false
load,2772,59498925.197,59502771.459,60544524,1,false
load,2773,59519945.390,59523772.618,60565528,1,false
load,2774,59540931.026,59543772.883,60586488,1,false
load,2775,59561944.470,59565771.263,60607480,1,false
load,2776,59582923.527,59585771.294,60628440,1,false
load,2777,59603927.660,59609769.569,60649424,1,false
load,2778,59624929.589,59631769.739,60670400,1,false
load,2779,59645933.380,59650009.927,60691384,1,false
load,2780,59666165.202,59670769.015,60711600,1,false
load,2781,59686924.073,59691776.206,60732340,1,false
load,2782,59707929.993,59711770.690,60753320,1,false
load,2783,59728941.301,59732500.168,60774312,1,false
load,2784,59749652.023,59752709.567,60795000,1,false
load,2785,59769860.593,59773771.498,60815192,1,false
load,2786,59789874.014,59793778.811,60835188,1,false
load,2787,59810933.889,59814765.300,60856224,1,false
load,2788,59831940.577,59834768.825,60877208,1,false
load,2789,59852921.088,59854771.810,60898172,1,false
load,2790,59873925.550,59876776.070,60919160,1,false
load,2791,59894943.678,59899771.324,60940156,1,false
load,2792,59915922.244,59920772.696,60961112,1,false
load,2793,59936932.999,59940779.687,60982104,1,false
load,2794,59957938.954,59961777.825,61003080,1,false
load,2795,59978964.925,59981774.393,61024088,1,false
load,2796,59999932.904,60002773.379,61045036,1,false
load,2797,60020921.821,60022772.994,61066004,1,false
load,2798,60041930.108,60043781.335,61086992,1,false
load,2799,60062958.622,60067770.131,61107980,1,false
load,2800,60083928.083,60088771.568,61128948,1,false
load,2801,60104919.991,60108659.209,61149920,1,false
load,2802,60125841.416,60129138.963,61170828,1,false
load,2803,60146320.986,60149609.067,61191284,1,false
load,2804,60166768.903,60170087.054,61211708,1,false
load,2805,60187243.623,60190570.112,61232164,1,false
load,2806,60207722.964,60211038.590,61252660,1,false
load,2807,60228190.095,60231508.431,61273072,1,false
load,2808,60248696.357,60251987.475,61293620,1,false
load,2809,60269143.023,60272492.933,61313984,1,false
load,2810,60289679.608,60293798.368,61334504,1,false
load,2811,60309946.512,60313790.455,61354756,1,false
load,2812,60330943.436,60334781.852,61375728,1,false
load,2813,60351022.355,60356770.391,61395784,1,false
load,2814,60371926.304,60375778.044,61416668,1,false
load,2815,60392960.867,60395774.967,61437684,1,false
load,2816,60413956.392,60417774.595,61458660,1,false
load,2817,60434931.549,60436769.007,61479616,1,false
load,2818,60455904.317,60461780.404,61500568,1,false
load,2819,60476947.007,60481777.729,61521584,1,false
load,2820,60502002.615,60506780.012,61546624,1,false
load,2821,60522945.361,60526781.037,61567548,1,false
load,2822,60543939.821,60547133.322,61588520,1,false
load,2823,60564303.537,60567780.546,61608860,1,false
load,2824,60586355.524,60588793.330,61630888,1,false
load,2825,60606937.324,60608789.604,61651448,1,false
load,2826,60627952.281,60633775.739,61672444,1,false
load,2827,60648930.152,60653779.371,61693400,1,false
load,2828,60669930.820,60674778.051,61714384,1,false
load,2829,60690936.267,60694789.551,61735368,1,false
load,2830,60711945.701,60715776.456,61756360,1,false
load,2831,60732946.591,60735788.559,61777336,1,false
load,2832,60753944.035,60756775.681,61798312,1,false
load,2833,60774936.993,60776775.520,61819284,1,false
load,2834,60795931.478,60801779.936,61840260,1,false
load,2835,60816942.495,60821777.211,61861248,1,false
load,2836,60837926.534,60842782.768,61882216,1,false
load,2837,60858935.355,60863800.813,61903200,1,false
load,2838,60879943.285,60883780.517,61924188,1,false
load,2839,60900932.212,60903777.457,61945160,1,false
load,2840,60920968.068,60923786.614,61965172,1,false
load,2841,60941928.827,60944224.045,61986120,1,false
load,2842,60962379.515,60964711.740,62006548,1,false
load,2843,60982936.916,60985175.479,62027084,1,false
load,2844,61003295.832,61005735.605,62047424,1,false
load,2845,61023882.221,61026788.578,62067984,1,false
load,2846,61043891.651,61046775.182,62087980,1,false
load,2847,61064936.835,61067440.157,62109008,1,false
load,2848,61085541.370,61087789.785,62129588,1,false
load,2849,61105947.212,61108777.867,62149972,1,false
load,2850,61126936.637,61128789.644,62170940,1,false
load,2851,61147943.974,61149773.271,62191936,1,false
load,2852,61168930.890,61173563.162,62212896,1,false
load,2853,61189730.424,61194779.415,62233700,1,false
load,2854,61209923.022,61214774.649,62253848,1,false
load,2855,61230936.988,61235683.862,62274848,1,false
load,2856,61251790.174,61255774.485,62295680,1,false
load,2857,61271950.629,61276785.310,62315812,1,false
load,2858,61292942.275,61296782.137,62336792,1,false
load,2859,61313960.381,61317780.767,62357760,1,false
load,2860,61334937.199,61337422.495,62378744,1,false
load,2861,61355601.611,61357863.888,62399384,1,false
load,2862,61375666.448,61378366.361,62419440,1,false
load,2863,61396559.765,61398842.428,62440304,1,false
load,2864,61416994.827,61419333.397,62460720,1,false
load,2865,61437504.739,61441765.406,62481212,1,false
load,2866,61457917.246,61460277.299,62501604,1,false
load,2867,61478427.076,61480726.695,62522092,1,false
load,2868,61498863.828,61501230.464,62542508,1,false
load,2869,61519369.023,61521683.028,62563000,1,false
load,2870,61539851.862,61542201.308,62583452,1,false
load,2871,61560354.069,61562670.916,62603936,1,false
load,2872,61580792.951,61583151.879,62624352,1,false
load,2873,61601300.138,61603789.881,62644844,1,false
load,2874,61621947.469,61624777.538,62665472,1,false
load,2875,61642935.244,61646768.820,62686436,1,false
load,2876,61663932.323,61667769.437,62707420,1,false
load,2877,61684925.003,61691763.947,62728388,1,false
load,2878,61705920.952,61710799.952,62749368,1,false
load,2879,61726935.573,61730777.527,62770352,1,false
load,2880,61747932.868,61751781.081,62791340,1,false
load,2881,61768931.752,61771779.017,62812316,1,false
load,2882,61789927.452,61792777.067,62833288,1,false
load,2883,61810930.391,61812784.422,62854268,1,false
load,2884,61831918.746,61833776.167,62875240,1,false
load,2885,61852929.987,61857783.406,62896224,1,false
load,2886,61873928.831,61878779.379,62917204,1,false
load,2887,61894929.650,61901774.051,62938184,1,false
load,2888,61915927.027,61919782.868,62959164,1,false
load,2889,61936934.972,61939779.296,62980152,1,false
load,2890,61957922.817,61960794.875,63001124,1,false
load,2891,61978935.044,61980780.086,63022112,1,false
load,2892,61999933.342,62005785.713,63043088,1,false
load,2893,62020938.550,62025789.868,63064080,1,false
load,2894,62041945.814,62046780.201,63085064,1,false
load,2895,62062935.407,62066785.194,63106032,1,false
load,2896,62083920.203,62086964.876,63127000,1,false
load,2897,62104123.093,62108974.021,63147172,1,false
load,2898,62125133.438,62128020.861,63168164,1,false
load,2899,62146176.969,62148777.723,63189184,1,false
load,2900,62167001.734,62169779.766,63209992,1,false
load,2901,62187928.943,62189777.635,63230908,1,false
load,2902,62271303.240,62275348.407,63314196,1,false
load,2903,62291505.125,62295823.062,63334380,1,false
load,2904,62312113.480,62316309.484,63354968,1,false
load,2905,62332473.246,62336816.445,63375308,1,false
load,2906,62352959.278,62357265.755,63395776,1,false
load,2907,62373426.679,62377737.433,63416216,1,false
load,2908,62394053.820,62398242.231,63436832,1,false
load,2909,62414410.912,62418685.852,63457156,1,false
load,2910,62434858.616,62439161.381,63477588,1,false
load,2911,62455325.493,62459684.006,63498036,1,false
load,2912,62476052.856,62480319.385,63518744,1,false
load,2913,62496480.837,62500614.977,63539156,1,false
load,2914,62516774.603,62521107.251,63559424,1,false
load,2915,62537261.764,62541550.945,63579888,1,false
load,2916,62557707.804,62562076.451,63600368,1,false
load,2917,62578224.956,62582552.801,63620820,1,false
load,2918,62598713.228,62603022.118,63641324,1,false
load,2919,62619178.979,62623794.930,63661728,1,false
load,2920,62639946.370,62644792.123,63682476,1,false
load,2921,62660932.741,62664778.767,63703444,1,false
load,2922,62681931.793,62685781.320,63724416,1,false
load,2923,62702932.591,62705780.869,63745404,1,false
load,2924,62723940.114,62726781.296,63766384,1,false
load,2925,62744939.057,62746779.690,63787364,1,false
load,2926,62765812.695,62768771.717,63808220,1,false
load,2927,62785928.549,62788775.491,63828320,1,false
load,2928,62806925.964,62813771.966,63849296,1,false
load,2929,62827935.863,62833775.448,63870284,1,false
load,2930,62848926.443,62854773.960,63891252,1,false
load,2931,62869923.129,62874770.181,63912236,1,false
load,2932,62890920.203,62895777.242,63933204,1,false
load,2933,62911928.362,62914812.450,63954196,1,false
load,2934,62932964.755,62935772.156,63975208,1,false
load,2935,62953937.268,62955782.045,63996160,1,false
load,2936,62974932.974,62980771.098,64017136,1,false
load,2937,62995945.344,63000768.942,64038124,1,false
load,2938,63016915.826,63021769.442,64059076,1,false
load,2939,63037896.537,63041767.947,64080040,1,false
load,2940,63058918.572,63061774.578,64101044,1,false
load,2941,63079930.553,63083772.178,64122032,1,false
load,2942,63100918.996,63103769.655,64143000,1,false
load,2943,63121917.237,63124770.659,64163984,1,false
load,2944,63142918.834,63148776.248,64184960,1,false
load,2945,63163931.113,63168291.556,64205956,1,false
load,2946,63184437.196,63188727.734,64226436,1,false
load,2947,63204842.001,63209201.956,64246820,1,false
load,2948,63225356.428,63229691.409,64267316,1,false
load,2949,63245855.418,63250155.619,64287792,1,false
load,2950,63266320.957,63270633.068,64308244,1,false
load,2951,63286797.736,63291119.966,64328712,1,false
load,2952,63307306.471,63311617.070,64349196,1,false
load,2953,63327749.906,63332092.288,64369612,1,false
load,2954,63347812.191,63352568.467,64389652,1,false
load,2955,63368738.468,63373030.078,64410568,1,false
load,2956,63389176.389,63393504.804,64430972,1,false
load,2957,63409712.049,63416778.896,64451524,1,false
load,2958,63429932.194,63434478.487,64471692,1,false
load,2959,63450595.070,63454941.451,64492336,1,false
load,2960,63471098.654,63475415.122,64512824,1,false
load,2961,63491541.176,63495901.329,64533240,1,false
load,2962,63512032.962,63516386.254,64553716,1,false
load,2963,63532545.714,63536861.287,64574204,1,false
load,2964,63553025.791,63557329.716,64594664,1,false
load,2965,63573464.126,63577825.501,64615084,1,false
load,2966,63593944.687,63598271.596,64635540,1,false
load,2967,63614460.207,63618820.427,64656040,1,false
load,2968,63634932.788,63639249.518,64676492,1,false
load,2969,63655385.267,63659720.166,64696924,1,false
load,2970,63675864.174,63680219.076,64717384,1,false
load,2971,63696382.072,63700678.966,64737888,1,false
load,2972,63716926.231,63723767.426,64758404,1,false
load,2973,63748893.740,63756777.398,64790344,1,false
load,2974,63768947.601,63773787.838,64810376,1,false
load,2975,63789943.428,63795781.381,64831352,1,false
load,2976,63810929.996,63815778.038,64852316,1,false
load,2977,63831943.433,63836776.959,64873312,1,false
load,2978,63852930.184,63856782.987,64894276,1,false
load,2979,63874391.433,63877777.489,64915716,1,false
load,2980,63894929.389,63897774.836,64936240,1,false
load,2981,63915934.650,63918783.841,64957216,1,false
load,2982,63936929.588,63938776.393,64978200,1,false
load,2983,63957933.410,63963779.347,64999184,1,false
load,2984,63978928.769,63983776.259,65020156,1,false
load,2985,63999930.459,64004787.914,65041136,1,false
load,2986,64020929.857,64024777.566,65062116,1,false
load,2987,64041935.001,64044778.658,65083100,1,false
load,2988,64062929.880,64065775.676,65104076,1,false
load,2989,64083933.357,64085788.562,65125052,1,false
load,2990,64104929.069,64106775.188,65146028,1,false
load,2991,64125927.791,64130774.029,65167012,1,false
load,2992,64146928.074,64151785.102,65187984,1,false
load,2993,64167925.663,64171773.120,65208968,1,false
load,2994,64188928.630,64192772.149,65229952,1,false
load,2995,64209942.584,64212775.660,65250944,1,false
load,2996,64230928.185,64233775.700,65271908,1,false
load,2997,64251942.006,64253772.810,65292900,1,false
load,2998,64272890.044,64274788.414,65313828,1,false
load,2999,64293907.270,64298769.466,65334824,1,false
load,3000,64314927.475,64319773.141,65355824,1,false
load,3001,64335915.432,64339782.772,65376796,1,false
load,3002,64356928.899,64360775.683,65397784,1,false
load,3003,64377927.500,64380769.332,65418760,1,false
load,3004,64398868.271,64401771.393,65439680,1,false
load,3005,64419901.513,64421766.802,65460696,1,false
load,3006,64440863.571,64442769.177,65481644,1,false
load,3007,64461865.230,64466769.069,65502624,1,false
load,3008,64482874.036,64487768.860,65523608,1,false
load,3009,64503918.562,64507772.713,65544636,1,false
load,3010,64524928.098,64528776.685,65565624,1,false
load,3011,64545930.162,64548771.219,65586608,1,false
load,3012,64566867.847,64569769.395,65607520,1,false
load,3013,64587869.757,64589770.197,65628500,1,false
load,3014,64608917.123,64610778.029,65649524,1,false
load,3015,64629922.642,64634770.351,65670512,1,false
load,3016,64650875.935,64655769.010,65691444,1,false
load,3017,64671865.855,64676772.098,65712416,1,false
load,3018,64692874.440,64697770.877,65733400,1,false
load,3019,64713871.560,64717782.306,65754380,1,false
load,3020,64734927.751,64738771.532,65775412,1,false
load,3021,64755929.648,64757794.081,65796396,1,false
load,3022,64776932.091,64782774.271,65817380,1,false
load,3023,64797931.279,64803770.293,65838360,1,false
load,3024,64818921.433,64823777.648,65859332,1,false
load,3025,64839938.521,64843785.644,65880328,1,false
load,3026,64860927.890,64864779.938,65901292,1,false
load,3027,64881939.639,64884775.691,65922288,1,false
load,3028,64902926.975,64905777.536,65943248,1,false
load,3029,64923931.609,64925779.916,65964240,1,false
load,3030,64944928.070,64950774.887,65985208,1,false
load,3031,64965936.964,64970777.875,66006204,1,false
load,3032,64986926.515,64991798.886,66027168,1,false
load,3033,65007940.116,65011778.013,66048156,1,false
load,3034,65028927.068,65032796.499,66069128,1,false
load,3035,65049939.821,65052794.061,66090120,1,false
load,3036,65070935.943,65073777.736,66111100,1,false
load,3037,65091920.746,65093793.931,66132060,1,false
load,3038,65112931.128,65118779.273,66153048,1,false
load,3039,65133927.717,65138779.183,66174020,1,false
load,3040,65154926.123,65161771.157,66195008,1,false
load,3041,65175926.072,65179782.242,66215988,1,false
load,3042,65196926.242,65200790.556,66236964,1,false
load,3043,65217924.972,65220778.625,66257948,1,false
load,3044,65238931.548,65242768.017,66278928,1,false
load,3045,65259869.724,65261778.593,66299852,1,false
load,3046,65279878.412,65281778.967,66319832,1,false
load,3047,65300925.825,65302775.913,66340860,1,false
load,3048,65321926.387,65326779.773,66361844,1,false
load,3049,65342925.512,65347781.282,66382824,1,false
load,3050,65363939.749,65367780.527,66403812,1,false
load,3051,65384927.245,65388778.769,66424776,1,false
load,3052,65405933.657,65408786.019,66445764,1,false
load,3053,65426940.274,65429778.161,66466752,1,false
load,3054,65448010.438,65449777.414,66487808,1,false
load,3055,65468925.643,65470775.780,66508692,1,false
load,3056,65489913.958,65494776.271,66529660,1,false
load,3057,65510924.621,65515777.580,66550656,1,false
load,3058,65531936.819,65537769.554,66571644,1,false
load,3059,65552925.914,65556777.132,66592612,1,false
load,3060,65573937.171,65576778.115,66613608,1,false
load,3061,65594934.027,65597780.265,66634584,1,false
load,3062,65615934.548,65617779.834,66655564,1,false
load,3063,65636928.611,65638775.754,66676540,1,false
load,3064,65657928.996,65662783.030,66697516,1,false
load,3065,65678924.478,65683778.821,66718488,1,false
load,3066,65699936.793,65703806.859,66739480,1,false
load,3067,65720929.180,65724778.084,66760456,1,false
load,3068,65741935.163,65744810.549,66781444,1,false
load,3069,65762977.881,65765784.441,66802456,1,false
load,3070,65783932.117,65785784.500,66823392,1,false
load,3071,65804924.475,65806777.270,66844364,1,false
load,3072,65825937.120,65830775.919,66865364,1,false
load,3073,65846016.206,65850968.098,66885420,1,false
load,3074,65866191.587,65867371.891,66905580,1,false
load,3075,65886571.834,65887842.503,66925908,1,false
load,3076,65907003.502,65908319.933,66946352,1,false
load,3077,65927488.139,65928813.697,66966820,1,false
load,3078,65947970.780,65949296.828,66987272,1,false
load,3079,65968456.842,65969811.952,67007740,1,false
load,3080,65988975.609,65990277.729,67028240,1,false
load,3081,66009437.506,66010820.432,67048680,1,false
load,3082,66029984.188,66031187.075,67069208,1,false
load,3083,66050341.226,66051676.563,67089548,1,false
load,3084,66070795.810,66072179.918,67109980,1,false
load,3085,66091332.586,66092622.793,67130500,1,false
load,3086,66111798.703,66113139.267,67150944,1,false
load,3087,66132317.248,66133625.324,67171444,1,false
load,3088,66152885.487,66154069.333,67191988,1,false
load,3089,66173231.041,66174541.030,67212320,1,false
load,3090,66193701.517,66195056.614,67232808,1,false
load,3091,66214228.122,66215793.607,67253276,1,false
load,3092,66234963.214,66236780.173,67273988,1,false
load,3093,66255934.202,66260782.219,67294940,1,false
load,3094,66276956.726,66281783.976,67315948,1,false
load,3095,66297932.946,66301771.606,67336892,1,false
load,3096,66318924.452,66322771.056,67357864,1,false
load,3097,66339921.980,66342772.656,67378844,1,false
load,3098,66360926.001,66363774.005,67399824,1,false
load,3099,66381925.618,66383774.167,67420804,1,false
load,3100,66402928.510,66408771.232,67441784,1,false
load,3101,66423925.119,66428782.157,67462768,1,false
load,3102,66444936.194,66449773.671,67483756,1,false
load,3103,66465924.914,66469782.072,67504724,1,false
load,3104,66486928.879,66490776.466,67525712,1,false
load,3105,66507926.807,66510439.929,67546692,1,false
load,3106,66528666.802,66530888.845,67567472,1,false
load,3107,66549047.016,66551403.160,67587768,1,false
load,3108,66569564.043,66571891.138,67608268,1,false
load,3109,66590050.324,66592323.778,67628728,1,false
load,3110,66610484.326,66612807.976,67649144,1,false
load,3111,66630980.827,66633293.594,67669620,1,false
load,3112,66651449.495,66653792.964,67690064,1,false
load,3113,66671954.059,66674276.118,67710552,1,false
load,3114,66692425.650,66694721.361,67731008,1,false
load,3115,66712859.869,66715224.527,67751420,1,false
load,3116,66733398.761,66735722.159,67771936,1,false
load,3117,66759256.588,66764338.026,67797772,1,false
load,3118,66779494.845,66780820.784,67817988,1,false
load,3119,66799995.633,66801234.623,67838464,1,false
load,3120,66820391.865,66821706.154,67858844,1,false
load,3121,66840859.316,66842208.886,67879292,1,false
load,3122,66861369.337,66862664.522,67899784,1,false
load,3123,66881792.795,66883163.868,67920180,1,false
load,3124,66902320.295,66903633.207,67940692,1,false
load,3125,66922804.193,66924799.201,67961160,1,false
load,3126,66942968.920,66944782.570,67981300,1,false
load,3127,66963937.710,66965776.847,68002248,1,false
load,3128,66984932.629,66989776.156,68023220,1,false
load,3129,67005925.569,67010784.330,68044200,1,false
load,3130,67026944.173,67030778.714,68065196,1,false
load,3131,67047945.598,67051781.347,68086172,1,false
load,3132,67067961.383,67071777.255,68106168,1,false
load,3133,67088942.544,67092785.014,68127136,1,false
load,3134,67109938.009,67112781.226,68148112,1,false
load,3135,67130941.110,67133781.913,68169092,1,false
load,3136,67151936.330,67153780.128,68190068,1,false
load,3137,67172932.118,67178777.076,68211044,1,false
load,3138,67193946.153,67198784.333,68232040,1,false
load,3139,67214938.579,67219777.526,68253004,1,false
load,3140,67235932.130,67239777.780,68273980,1,false
load,3141,67256934.206,67260787.254,68294964,1,false
load,3142,67277950.684,67280779.783,68315956,1,false
load,3143,67298945.017,67301792.499,68336932,1,false
load,3144,67319970.816,67321783.608,68357940,1,false
load,3145,67340948.932,67346783.684,68378896,1,false
load,3146,67361971.232,67366780.392,68399892,1,false
load,3147,67382940.230,67387784.051,68420848,1,false
load,3148,67403959.853,67407450.904,68441848,1,false
load,3149,67424628.624,67427915.670,68462496,1,false
load,3150,67445078.212,67448382.084,68482920,1,false
load,3151,67465610.664,67468858.538,68503440,1,false
load,3152,67486037.443,67489332.193,68523836,1,false
load,3153,67506485.187,67509807.053,68544272,1,false
load,3154,67526973.434,67530320.484,68564732,1,false
load,3155,67547478.675,67550803.673,68585224,1,false
load,3156,67567954.821,67571246.755,68605684,1,false
load,3157,67588399.884,67591705.863,68626104,1,false
load,3158,67608856.503,67612208.702,68646540,1,false
load,3159,67629362.049,67632679.200,68667024,1,false
load,3160,67649797.284,67653149.480,68687440,1,false
load,3161,67670300.510,67673672.022,68707928,1,false
load,3162,67690794.751,67694111.760,68728396,1,false
load,3163,67711264.383,67714611.137,68748848,1,false
load,3164,67731802.015,67735096.700,68769364,1,false
load,3165,67752259.672,67755792.491,68789812,1,false
load,3166,67772956.680,67776784.987,68810476,1,false
load,3167,67793945.168,67796778.459,68831444,1,false
load,3168,67814930.808,67817779.682,68852408,1,false
load,3169,67835916.943,67837778.803,68873380,1,false
load,3170,67856933.872,67858780.204,68894372,1,false
load,3171,67877939.293,67882782.958,68915356,1,false
load,3172,67898933.076,67903778.798,68936336,1,false
load,3173,67919933.724,67923782.432,68957312,1,false
load,3174,67940935.451,67944788.508,68978296,1,false
load,3175,67961962.650,67964777.915,68999304,1,false
load,3176,67982933.863,67985795.996,69020252,1,false
load,3177,68003956.610,68006773.463,69041256,1,false
load,3178,68024928.925,68030781.562,69062212,1,false
load,3179,68045935.693,68050783.151,69083192,1,false
load,3180,68066934.554,68071776.592,69104168,1,false
load,3181,68087911.916,68091777.523,69125136,1,false
load,3182,68108926.948,68112774.702,69146120,1,false
load,3183,68129950.767,68132792.351,69167128,1,false
load,3184,68150973.548,68153782.283,69188132,1,false
load,3185,68171934.863,68173777.966,69209068,1,false
load,3186,68192928.305,68198777.701,69230040,1,false
load,3187,68213924.167,68218777.918,69251024,1,false
load,3188,68234926.649,68239779.151,69272004,1,false
load,3189,68254963.443,68259787.284,69292020,1,false
load,3190,68275940.550,68280778.761,69312972,1,false
load,3191,68296929.992,68301773.080,69333940,1,false
load,3192,68317928.146,68322771.263,69354920,1,false
load,3193,68338922.027,68342769.402,69375892,1,false
load,3194,68359901.048,68363773.210,69396852,1,false
load,3195,68380921.224,68383775.230,69417856,1,false
load,3196,68401925.301,68408767.947,69438836,1,false
load,3197,68422921.458,68428769.584,69459808,1,false
load,3198,68443920.532,68449773.231,69480788,1,false
load,3199,68464925.988,68469772.371,69501768,1,false
load,3200,68485908.124,68489775.456,69522740,1,false
load,3201,68506925.012,68510774.213,69543732,1,false
load,3202,68527927.227,68530775.868,69564712,1,false
load,3203,68548929.968,68550771.794,69585696,1,false
load,3204,68569924.214,68574778.778,69606676,1,false
load,3205,68590931.724,68596184.152,69627656,1,false
load,3206,68611333.770,68615779.844,69648040,1,false
load,3207,68631916.673,68636779.805,69668604,1,false
load,3208,68652929.899,68656782.986,69689592,1,false
load,3209,68672957.943,68677786.514,69709600,1,false
load,3210,68693942.896,68697781.098,69730572,1,false
load,3211,68714957.447,68718775.143,69751544,1,false
load,3212,68735931.274,68738780.180,69772520,1,false
load,3213,68756935.585,68759781.891,69793496,1,false
load,3214,68777939.276,68779778.596,69814476,1,false
load,3215,68798936.039,68800783.946,69835456,1,false
load,3216,68819934.771,68824778.068,69856440,1,false
load,3217,68840931.680,68845779.315,69877408,1,false
load,3218,68861940.080,68865780.240,69898404,1,false
load,3219,68882933.133,68886776.397,69919372,1,false
load,3220,68903928.701,68906784.887,69940348,1,false
load,3221,68924936.532,68927781.444,69961336,1,false
load,3222,68945941.747,68947777.007,69982320,1,false
load,3223,68966930.861,68972778.696,70003292,1,false
load,3224,68987935.702,68992778.748,70024276,1,false
load,3225,69008930.173,69013784.389,70045252,1,false
load,3226,69029922.491,69033774.123,70066220,1,false
load,3227,69050928.200,69054783.447,70087212,1,false
load,3228,69071935.284,69074780.083,70108192,1,false
load,3229,69092934.995,69095779.503,70129168,1,false
load,3230,69113930.251,69115779.172,70150152,1,false
load,3231,69134914.516,69140776.726,70171108,1,false
load,3232,69155936.201,69160781.655,70192108,1,false
load,3233,69176933.132,69181781.152,70213088,1,false
load,3234,69197935.086,69201797.930,70234072,1,false
load,3235,69218965.337,69222784.520,70255080,1,false
load,3236,69239941.552,69242778.850,70276040,1,false
load,3237,69260942.792,69263776.545,70297016,1,false
load,3238,69281922.681,69284773.650,70317972,1,false
load,3239,69302928.435,69309769.516,70338960,1,false
load,3240,69323919.584,69329772.652,70359932,1,false
load,3241,69344929.225,69350773.799,70380924,1,false
load,3242,69365931.952,69369782.467,70401904,1,false
load,3243,69386932.540,69390780.376,70422884,1,false
load,3244,69407937.675,69410783.383,70443868,1,false
load,3245,69428936.474,69431780.530,70464844,1,false
load,3246,69449931.828,69451778.765,70485816,1,false
load,3247,69470928.329,69476778.865,70506800,1,false
load,3248,69491929.580,69496786.316,70527780,1,false
load,3249,69512944.253,69517778.536,70548772,1,false
load,3250,69533929.316,69537779.952,70569732,1,false
load,3251,69554930.853,69557779.577,70590716,1,false
load,3252,69575917.076,69578781.563,70611688,1,false
load,3253,69596934.383,69598785.538,70632680,1,false
load,3254,69617938.488,69619777.500,70653668,1,false
load,3255,69638929.638,69643774.333,70674628,1,false
load,3256,69659927.710,69664778.314,70695612,1,false
load,3257,69680928.690,69684777.950,70716592,1,false
load,3258,69701973.993,69705782.714,70737616,1,false
load,3259,69722943.102,69725778.541,70758568,1,false
load,3260,69743937.552,69747775.707,70779536,1,false
load,3261,69764934.148,69767777.654,70800508,1,false
load,3262,69785924.388,69787782.436,70821488,1,false
load,3263,69806940.413,69811783.606,70842476,1,false
load,3264,69827941.446,69832779.996,70863460,1,false
load,3265,69848931.049,69852798.578,70884432,1,false
load,3266,69869947.472,69873779.116,70905428,1,false
load,3267,69890931.285,69893780.312,70926384,1,false
load,3268,69911938.598,69914778.163,70947384,1,false
load,3269,69932933.743,69934778.796,70968348,1,false
load,3270,69953913.297,69955787.335,70989308,1,false
load,3271,69974939.125,69979784.359,71010324,1,false
load,3272,69995934.713,70000778.345,71031292,1,false
load,3273,70016950.527,70020774.490,71052264,1,false
load,3274,70037931.325,70041776.750,71073244,1,false
load,3275,70058928.626,70061780.505,71094220,1,false
load,3276,70079943.323,70082774.539,71115224,1,false
load,3277,70100938.038,70102771.581,71136192,1,false
load,3278,70121923.341,70123774.975,71157156,1,false
load,3279,70142922.095,70147776.346,71178132,1,false
load,3280,70163927.304,70168775.336,71199120,1,false
load,3281,70184927.306,70188778.896,71220096,1,false
load,3282,70205931.040,70209772.713,71241080,1,false
load,3283,70226940.730,70229774.771,71262068,1,false
load,3284,70247936.560,70250777.864,71283048,1,false
load,3285,70268933.463,70270777.889,71304024,1,false
load,3286,70288976.151,70291801.038,71324044,1,false
load,3287,70309964.858,70311777.218,71345016,1,false
load,3288,70330935.767,70336780.732,71365968,1,false
load,3289,70351952.327,70356778.946,71386948,1,false
load,3290,70372957.228,70377780.135,71407948,1,false
load,3291,70393936.509,70397811.410,71428908,1,false
load,3292,70414978.508,70419774.895,71449932,1,false
load,3293,70435924.389,70439771.716,71470856,1,false
load,3294,70456935.539,70460779.810,71491844,1,false
load,3295,70477942.541,70480789.450,71512828,1,false
load,3296,70498945.459,70504842.824,71533808,1,false
load,3297,70519994.133,70525777.548,71554836,1,false
load,3298,70540937.194,70546794.990,71575760,1,false
load,3299,70561946.216,70566773.939,71596748,1,false
load,3300,70582944.220,70587774.407,71617728,1,false
load,3301,70603939.449,70607771.999,71638708,1,false
load,3302,70624933.357,70628775.535,71659676,1,false
load,3303,70645944.684,70648770.461,71680676,1,false
load,3304,70666876.716,70672779.288,71701584,1,false
load,3305,70687942.932,70692781.397,71722620,1,false
load,3306,70708947.535,70713781.464,71743608,1,false
load,3307,70729941.091,70733786.345,71764584,1,false
load,3308,70750945.803,70753938.956,71785564,1,false
load,3309,70771110.195,70775779.191,71805712,1,false
load,3310,70791940.158,70795772.558,71826524,1,false
load,3311,70812930.610,70815778.032,71847492,1,false
load,3312,70833935.829,70835776.516,71868476,1,false
load,3313,70854944.376,70856776.474,71889468,1,false
load,3314,70875932.729,70880777.605,71910432,1,false
load,3315,70896935.379,70901779.219,71931412,1,false
load,3316,70917932.333,70921782.243,71952396,1,false
load,3317,70938944.511,70942782.110,71973376,1,false
load,3318,70959938.668,70962782.407,71994356,1,false
load,3319,70980940.511,70983962.968,72015336,1,false
load,3320,71001117.696,71003778.406,72035492,1,false
load,3321,71021936.985,71024775.926,72056288,1,false
load,3322,71042929.391,71044779.065,72077260,1,false
load,3323,71063913.314,71065777.867,72098232,1,false
load,3324,71084927.120,71089719.441,72119224,1,false
load,3325,71105857.424,71110788.132,72140128,1,false
load,3326,71125885.189,71130781.954,72160144,1,false
load,3327,71146942.013,71151427.065,72181176,1,false
load,3328,71167582.624,71171783.830,72201792,1,false
load,3329,71188042.005,71192776.339,72222240,1,false
load,3330,71208926.939,71212779.464,72243104,1,false
load,3331,71229928.120,71233778.955,72264076,1,false
load,3332,71250939.088,71253777.933,72285076,1,false
load,3333,71271914.376,71274745.726,72306024,1,false
load,3334,71292856.759,71294778.333,72326944,1,false
load,3335,71312876.215,71315778.758,72346952,1,false
load,3336,71333933.364,71335799.691,72367988,1,false
load,3337,71354968.307,71359900.778,72389004,1,false
load,3338,71375026.105,71376262.647,72409036,1,false
load,3339,71395432.740,71396796.801,72429420,1,false
load,3340,71416089.873,71417210.515,72450068,1,false
load,3341,71436380.533,71437700.815,72470336,1,false
load,3342,71457103.768,71458182.980,72491032,1,false
load,3343,71477478.039,71478668.465,72511388,1,false
load,3344,71499118.201,71503461.601,72532988,1,false
load,3345,71519614.494,71523892.435,72553492,1,false
load,3346,71540390.363,71544794.476,72574244,1,false
load,3347,71560960.397,71566766.940,72594788,1,false
load,3348,71581878.854,71585775.723,72615688,1,false
load,3349,71602932.850,71605776.453,72636728,1,false
load,3350,71623930.646,71626788.482,72657700,1,false
load,3351,71644938.430,71646773.670,72678684,1,false
load,3352,71665922.241,71667775.118,72699652,1,false
load,3353,71686929.698,71692771.129,72720632,1,false
load,3354,71707929.625,71712777.006,72741620,1,false
load,3355,71728942.175,71732775.535,72762612,1,false
load,3356,71749929.935,71753779.191,72783580,1,false
load,3357,71770941.938,71773776.419,72804564,1,false
load,3358,71791939.008,71794778.330,72825540,1,false
load,3359,71812933.133,71814754.992,72846520,1,false
load,3360,71833871.768,71835775.480,72867432,1,false
load,3361,71854927.222,71859781.506,72888468,1,false
load,3362,71875943.843,71881779.957,72909468,1,false
load,3363,71897004.051,71900780.988,72930504,1,false
load,3364,71917928.162,71921783.116,72951412,1,false
load,3365,71938936.121,71941780.961,72972396,1,false
load,3366,71959933.498,71962778.225,72993368,1,false
load,3367,71980934.407,71982779.172,73014352,1,false
load,3368,72001930.171,72007774.590,73035332,1,false
load,3369,72022926.940,72027785.094,73056308,1,false
load,3370,72043937.018,72048316.846,73077292,1,false
load,3371,72064463.590,72068783.651,73097812,1,false
load,3372,72084935.606,72089780.206,73118256,1,false
load,3373,72105930.587,72109776.325,73139232,1,false
load,3374,72126051.649,72130789.945,73159332,1,false
load,3375,72146951.201,72150777.418,73180212,1,false
load,3376,72167928.695,72171779.163,73201164,1,false
load,3377,72189103.417,72191777.216,73222324,1,false
load,3378,72209928.527,72212777.868,73243124,1,false
load,3379,72230933.788,72232778.515,73264108,1,false
load,3380,72251963.576,72257777.131,73285124,1,false
load,3381,72272796.339,72277779.632,73305936,1,false
load,3382,72292932.014,72297792.900,73326048,1,false
load,3383,72313949.891,72318308.433,73347048,1,false
load,3384,72334475.806,72338794.338,73367560,1,false
load,3385,72354956.507,72359275.709,73388012,1,false
load,3386,72375428.356,72379803.228,73408460,1,false
load,3387,72395958.020,72400221.270,73428972,1,false
load,3388,72416378.255,72420685.414,73449368,1,false
load,3389,72436853.181,72441174.847,73469832,1,false
load,3390,72457330.635,72461653.494,73490292,1,false
load,3391,72477794.381,72482144.668,73510732,1,false
load,3392,72498305.156,72502612.629,73531216,1,false
load,3393,72518772.310,72524775.435,73551668,1,false
load,3394,72538927.317,72543580.737,73571800,1,false
load,3395,72559733.353,72564052.973,73592592,1,false
load,3396,72580203.881,72584540.235,73613040,1,false
load,3397,72600701.974,72605032.384,73633536,1,false
load,3398,72621191.674,72625471.982,73653988,1,false
load,3399,72641627.544,72645972.438,73674416,1,false
load,3400,72662194.529,72666438.342,73694952,1,false
load,3401,72682593.956,72686921.915,73715336,1,false
load,3402,72703091.241,72707442.607,73735808,1,false
load,3403,72723598.011,72727875.574,73756296,1,false
load,3404,72747736.717,72752465.689,73780408,1,false
load,3405,72768625.455,72772915.525,73801288,1,false
load,3406,72789076.543,72793427.442,73821708,1,false
load,3407,72809585.682,72813937.661,73842200,1,false
load,3408,72830090.844,72834476.060,73862688,1,false
load,3409,72850633.461,72854885.684,73883208,1,false
load,3410,72871035.235,72876267.622,73903592,1,false
load,3411,72891419.493,72895837.126,73923952,1,false
load,3412,72912012.465,72916296.500,73944528,1,false
load,3413,72932448.521,72936793.206,73964944,1,false
load,3414,72952940.740,72957274.735,73985416,1,false
load,3415,72973437.769,72977793.885,74005884,1,false
load,3416,72993939.590,72998219.318,74026376,1,false
load,3417,73014398.275,73018690.670,74046812,1,false
load,3418,73034792.044,73039181.323,74067188,1,false
load,3419,73055338.755,73059667.573,74087716,1,false
load,3420,73075793.329,73080145.604,74108144,1,false
load,3421,73096296.872,73100607.316,74128628,1,false
load,3422,73116771.666,73121084.267,74149080,1,false
load,3423,73137263.085,73141561.068,74169556,1,false
load,3424,73157713.411,73162049.585,74189996,1,false
load,3425,73178212.048,73182530.385,74210472,1,false
load,3426,73198686.596,73202991.825,74230952,1,false
load,3427,73219148.447,73223483.282,74251368,1,false
load,3428,73239638.176,73243958.940,74271832,1,false
load,3429,73260120.811,73264490.173,74292292,1,false
load,3430,73280670.775,73284935.153,74312884,1,false
load,3431,73301110.679,73305407.777,74333244,1,false
load,3432,73321582.249,73325881.540,74353688,1,false
load,3433,73342113.013,73346357.740,74374212,1,false
load,3434,73362559.050,73366994.123,74394640,1,false
load,3435,73383149.002,73387333.048,74415200,1,false
load,3436,73403925.422,73408779.524,74435956,1,false
load,3437,73424933.613,73428777.946,74456948,1,false
load,3438,73445941.863,73449788.023,74477936,1,false
load,3439,73466945.466,73470772.824,74498912,1,false
load,3440,73487927.166,73490772.744,74519880,1,false
load,3441,73507935.540,73511778.941,74539864,1,false
load,3442,73528949.903,73531769.484,74560864,1,false
load,3443,73549919.638,73552771.547,74581804,1,false
load,3444,73570929.284,73576773.645,74602804,1,false
load,3445,73591925.298,73597774.973,74623776,1,false
load,3446,73612938.996,73617773.446,74644764,1,false
load,3447,73633928.539,73638165.894,74665736,1,false
load,3448,73654313.847,73658772.526,74686096,1,false
load,3449,73674934.164,73679771.243,74706708,1,false
load,3450,73695925.285,73699773.175,74727672,1,false
load,3451,73716929.415,73720770.439,74748656,1,false
load,3452,73737923.254,73740323.773,74769636,1,false
load,3453,73758512.395,73761774.058,74790196,1,false
load,3454,73778945.932,73781771.362,74810616,1,false
load,3455,73799921.763,73802787.304,74831564,1,false
load,3456,73820941.415,73826783.452,74852568,1,false
load,3457,73841942.238,73847771.030,74873552,1,false
load,3458,73862929.221,73867776.402,74894516,1,false
load,3459,73883932.845,73888768.293,74915492,1,false
load,3460,73904919.105,73908773.750,74936468,1,false
load,3461,73925938.059,73929773.797,74957460,1,false
load,3462,73946937.320,73949772.326,74978444,1,false
load,3463,73967922.163,73974773.252,74999400,1,false
load,3464,73988930.784,73993771.495,75020392,1,false
load,3465,74009928.568,74015774.528,75041372,1,false
load,3466,74030941.005,74034774.744,75062364,1,false
load,3467,74051927.950,74055768.434,75083332,1,false
load,3468,74072929.899,74075773.468,75104308,1,false
load,3469,74093931.262,74096778.912,75125288,1,false
load,3470,74114927.976,74116774.063,75146268,1,false
load,3471,74135908.275,74141771.227,75167232,1,false
load,3472,74156923.196,74161772.378,75188220,1,false
load,3473,74177944.167,74182771.752,75209220,1,false
load,3474,74198923.350,74202770.927,75230184,1,false
load,3475,74219930.749,74223773.368,75251168,1,false
load,3476,74240925.643,74243773.014,75272140,1,false
load,3477,74261931.476,74264774.398,75293132,1,false
load,3478,74282924.973,74284774.253,75314100,1,false
load,3479,74303934.140,74309351.617,75335088,1,false
load,3480,74324505.868,74329773.135,75355640,1,false
load,3481,74344941.005,74350771.985,75376052,1,false
load,3482,74365940.891,74370773.331,75397040,1,false
load,3483,74386927.562,74391772.366,75418000,1,false
load,3484,74407925.304,74411782.101,75438976,1,false
load,3485,74428952.598,74432781.166,75459988,1,false
load,3486,74449933.130,74452777.686,75480944,1,false
load,3487,74470929.078,74474769.640,75501916,1,false
load,3488,74491925.049,74493801.928,75522900,1,false
load,3489,74512946.225,74518773.838,75543896,1,false
load,3490,74533928.594,74538782.275,75564860,1,false
load,3491,74554933.048,74561772.132,75585840,1,false
load,3492,74575941.241,74579784.517,75606832,1,false
load,3493,74596943.484,74599780.954,75627808,1,false
load,3494,74617935.733,74620776.461,75648780,1,false
load,3495,74638933.208,74640776.634,75669760,1,false
load,3496,74659937.928,74661774.235,75690744,1,false
load,3497,74680927.908,74685777.060,75711712,1,false
load,3498,74701952.289,74706783.366,75732716,1,false
load,3499,74722936.459,74726781.008,75753680,1,false
load,3500,74743940.195,74747553.729,75774668,1,false
load,3501,74764724.725,74767782.151,75795432,1,false
load,3502,74784935.124,74788779.751,75815616,1,false
load,3503,74805929.876,74808780.632,75836600,1,false
load,3504,74826943.158,74829777.431,75857588,1,false
load,3505,74847929.471,74849776.147,75878552,1,false
load,3506,74868931.444,74870776.395,75899540,1,false
load,3507,74889926.084,74894784.624,75920512,1,false
load,3508,74910944.547,74915796.168,75941508,1,false
load,3509,74931966.471,74935780.423,75962504,1,false
load,3510,74952945.562,74956778.161,75983464,1,false
load,3511,74973930.345,74976779.704,76004428,1,false
load,3512,74994939.788,74997777.191,76025416,1,false
load,3513,75015928.560,75017776.688,76046384,1,false
load,3514,75036932.351,75042777.477,76067372,1,false
load,3515,75057935.410,75062779.284,76088360,1,false
load,3516,75078932.402,75083778.279,76109332,1,false
load,3517,75099927.927,75103782.337,76130308,1,false
load,3518,75119942.224,75124779.814,76150296,1,false
load,3519,75140927.725,75144773.541,76171260,1,false
load,3520,75161926.077,75165780.024,76192240,1,false
load,3521,75182930.686,75185786.514,76213228,1,false
load,3522,75203935.264,75206774.901,76234208,1,false
load,3523,75224923.440,75226776.133,76255176,1,false
load,3524,75245928.798,75251775.207,76276168,1,false
load,3525,75266927.473,75271781.590,76297140,1,false
load,3526,75287931.407,75292785.560,76318124,1,false
load,3527,75308933.767,75312779.071,76339104,1,false
load,3528,75329927.407,75333778.011,76360084,1,false
load,3529,75350924.182,75353780.319,76381056,1,false
load,3530,75371930.634,75373780.345,76402040,1,false
load,3531,75392931.991,75394781.445,76423024,1,false
load,3532,75413930.343,75419775.768,76444004,1,false
load,3533,75434926.789,75439371.618,76464980,1,false
load,3534,75455534.941,75459829.159,76485564,1,false
load,3535,75476049.868,75480314.755,76506064,1,false
load,3536,75496474.966,75500790.010,76526460,1,false
load,3537,75516948.464,75521253.704,76546920,1,false
load,3538,75537381.008,75541784.615,76567336,1,false
load,3539,75558113.232,75562179.028,76588044,1,false
load,3540,75578329.240,75582702.712,76608252,1,false
load,3541,75598873.206,75603771.237,76628764,1,false
load,3542,75619925.473,75623771.725,76649796,1,false
load,3543,75640933.943,75644771.925,76670784,1,false
load,3544,75661938.508,75664731.711,76691768,1,false
load,3545,75682864.878,75685774.788,76712668,1,false
load,3546,75702872.937,75705768.916,76732664,1,false
load,3547,75723933.400,75726770.169,76753696,1,false
load,3548,75744931.327,75746634.576,76774684,1,false
load,3549,75765810.658,75768773.683,76795540,1,false
load,3550,75785941.270,75787669.897,76815648,1,false
load,3551,75806803.418,75808769.809,76836492,1,false
load,3552,75826922.357,75828771.221,76856596,1,false
load,3553,75847938.683,75854770.748,76877588,1,false
load,3554,75868918.672,75874102.616,76898548,1,false
load,3555,75889203.380,75894770.355,76918816,1,false
load,3556,75909928.447,75914637.120,76939516,1,false
load,3557,75930808.443,75935086.097,76960376,1,false
load,3558,75951236.100,75955769.642,76980784,1,false
load,3559,75971921.662,75977038.151,77001452,1,false
load,3560,75992189.442,75997450.046,77021700,1,false
load,3561,76012597.618,76018773.404,77042088,1,false
load,3562,76032920.060,76038775.021,77062392,1,false
load,3563,76053930.045,76058025.233,77083380,1,false
load,3564,76074139.205,76079224.317,77103564,1,false
load,3565,76094353.383,76100805.559,77123760,1,false
load,3566,76114928.615,76120771.440,77144316,1,false
load,3567,76135925.544,76140775.734,77165292,1,false
load,3568,76156934.728,76161772.640,77186284,1,false
load,3569,76177928.530,76181772.829,77207252,1,false
load,3570,76198930.862,76202771.624,77228236,1,false
load,3571,76219928.759,76222770.020,77249212,1,false
load,3572,76240920.304,76242843.284,77270188,1,false
load,3573,76260952.824,76263772.408,77290208,1,false
load,3574,76281965.059,76284795.083,77311188,1,false
load,3575,76302943.415,76308146.098,77332148,1,false
load,3576,76323311.283,76329434.236,77352500,1,false
load,3577,76343581.154,76349771.803,77372748,1,false
load,3578,76363947.329,76366769.237,77393092,1,false
load,3579,76384935.513,76389791.617,77414056,1,false
load,3580,76405942.472,76411698.697,77435048,1,false
load,3581,76426857.363,76431771.653,77455948,1,false
load,3582,76446880.662,76452779.685,77475948,1,false
load,3583,76466887.889,76471781.753,77495936,1,false
load,3584,76487941.814,76493780.186,77516968,1,false
load,3585,76508936.652,76512947.500,77537936,1,false
load,3586,76529074.605,76534773.302,77558064,1,false
load,3587,76549926.786,76554776.901,77578892,1,false
load,3588,76570936.091,76575769.470,77599880,1,false
load,3589,76591917.354,76595777.870,77620840,1,false
load,3590,76612931.250,76616053.270,77641840,1,false
load,3591,76633201.637,76636775.751,77662084,1,false
load,3592,76653933.193,76655948.722,77682792,1,false
load,3593,76674068.843,76677412.956,77702912,1,false
load,3594,76694570.937,76696818.675,77723392,1,false
load,3595,76714997.515,76717813.486,77743804,1,false
load,3596,76735940.631,76738218.595,77764724,1,false
load,3597,76756378.099,76758985.951,77785144,1,false
load,3598,76777154.853,76779770.888,77805892,1,false
load,3599,76797924.895,76800228.003,77826644,1,false
load,3600,76818353.472,76820516.380,77847056,1,false
load,3601,76838639.933,76841773.349,77867396,1,false
load,3602,76858923.214,76861012.861,77887580,1,false
load,3603,76879141.903,76882684.039,77907788,1,false
load,3604,76899847.438,76902772.015,77928472,1,false
load,3605,76919880.896,76923780.171,77948484,1,false
load,3606,76940937.425,76943783.695,77969524,1,false
load,3607,76961950.573,76968298.721,77990524,1,false
load,3608,76982453.984,76988775.817,78010996,1,false
load,3609,77002928.364,77008879.624,78031456,1,false
load,3610,77022978.004,77025231.173,78051480,1,false
load,3611,77043344.319,77045850.078,78071832,1,false
load,3612,77063992.619,77066770.568,78092456,1,false
load,3613,77084923.339,77091774.205,78113368,1,false
load,3614,77105933.799,77111381.328,78134360,1,false
load,3615,77126521.767,77132769.331,78154924,1,false
load,3616,77146918.126,77152097.359,78175304,1,false
load,3617,77167297.297,77172000.137,78195660,1,false
load,3618,77188149.297,77192563.941,78216496,1,false
load,3619,77208728.633,77213779.023,78237056,1,false
load,3620,77228939.564,77233772.809,78257240,1,false
load,3621,77249937.918,77253907.641,78278216,1,false
load,3622,77270065.798,77274771.599,78298324,1,false
load,3623,77290931.580,77295771.309,78319176,1,false
load,3624,77311933.397,77315532.300,78340156,1,false
load,3625,77332653.039,77336766.784,78360912,1,false
load,3626,77352937.546,77356769.126,78381116,1,false
load,3627,77373869.722,77376661.023,78402028,1,false
load,3628,77394789.776,77397120.627,78422928,1,false
load,3629,77415289.738,77417592.537,78443412,1,false
load,3630,77435748.204,77438063.758,78463844,1,false
load,3631,77456223.743,77458548.161,78484308,1,false
load,3632,77476703.692,77479038.808,78504768,1,false
load,3633,77497192.757,77499500.693,78525232,1,false
load,3634,77517653.851,77519983.180,78545732,1,false
load,3635,77538135.763,77540503.392,78566136,1,false
load,3636,77558640.676,77561052.678,78586684,1,false
load,3637,77579204.633,77581769.916,78607164,1,false
load,3638,77599927.235,77602780.766,78627872,1,false
load,3639,77620928.943,77622767.170,78648848,1,false
load,3640,77641917.490,77647768.293,78669812,1,false
load,3641,77662931.486,77667551.058,78690812,1,false
load,3642,77683654.069,77688788.516,78711572,1,false
load,3643,77703951.350,77708769.519,78731796,1,false
load,3644,77724924.800,77729775.083,78752748,1,false
load,3645,77745935.917,77749769.738,78773732,1,false
load,3646,77766926.977,77770769.048,78794700,1,false
load,3647,77787933.254,77790773.305,78815692,1,false
load,3648,77808921.795,77811771.271,78836660,1,false
load,3649,77829941.466,77831768.729,78857660,1,false
load,3650,77850932.770,77855841.300,78878632,1,false
load,3651,77871789.051,77876808.845,78899460,1,false
load,3652,77891982.852,77897773.709,78919640,1,false
load,3653,77912928.150,77917767.968,78940564,1,false
load,3654,77933926.869,77938779.821,78961540,1,false
load,3655,77954943.696,77958260.343,78982536,1,false
load,3656,77975372.280,77978797.491,79002948,1,false
load,3657,77995945.126,77999193.360,79023496,1,false
load,3658,78016351.383,78019706.122,79043884,1,false
load,3659,78036853.821,78042764.420,79064372,1,false
load,3660,78057867.048,78060640.988,79085364,1,false
load,3661,78078795.033,78081108.731,79106268,1,false
load,3662,78099249.989,78101645.071,79126700,1,false
load,3663,78119816.483,78122129.175,79147252,1,false
load,3664,78140249.939,78142545.602,79167660,1,false
load,3665,78160674.937,78163027.155,79188104,1,false
load,3666,78181156.279,78183517.647,79208524,1,false
load,3667,78201661.624,78204000.773,79229060,1,false
load,3668,78222155.170,78224468.008,79249492,1,false
load,3669,78242587.967,78244954.723,79269904,1,false
load,3670,78263086.493,78265419.025,79290380,1,false
load,3671,78283574.637,78285932.753,79310856,1,false
load,3672,78304075.168,78306372.964,79331336,1,false
load,3673,78324579.959,78326852.729,79351824,1,false
load,3674,78345020.951,78347338.186,79372236,1,false
load,3675,78365453.120,78367865.249,79392648,1,false
load,3676,78386012.901,78388328.327,79413184,1,false
load,3677,78406443.364,78408807.937,79433600,1,false
load,3678,78426937.131,78429292.376,79454068,1,false
load,3679,78447442.392,78449773.333,79474560,1,false
load,3680,78467930.338,78471765.122,79495024,1,false
load,3681,78488916.506,78490785.586,79515996,1,false
load,3682,78509927.330,78511193.220,79536976,1,false
load,3683,78530344.879,78531667.516,79557380,1,false
load,3684,78550850.340,78552765.573,79577864,1,false
load,3685,78570861.845,78572636.760,79597856,1,false
load,3686,78591796.872,78593842.620,79618768,1,false
load,3687,78612049.723,78613800.679,79639000,1,false
load,3688,78632963.579,78634093.326,79659900,1,false
load,3689,78653252.698,78654550.528,79680164,1,false
load,3690,78673682.208,78675024.715,79700596,1,false
load,3691,78694160.743,78695496.765,79721036,1,false
load,3692,78714666.316,78716014.598,79741560,1,false
load,3693,78735164.262,78736458.770,79761992,1,false
load,3694,78755598.874,78756930.857,79782408,1,false
load,3695,78776095.254,78777412.427,79802888,1,false
load,3696,78796581.181,78797915.012,79823356,1,false
load,3697,78817084.319,78818795.105,79843832,1,false
load,3698,78837968.512,78842939.944,79864696,1,false
load,3699,78858106.002,78859329.738,79884824,1,false
load,3700,78878471.220,78879804.288,79905164,1,false
load,3701,78898939.964,78900291.587,79925616,1,false
load,3702,78919439.338,78920766.262,79946092,1,false
load,3703,78939932.552,78941246.306,79966564,1,false
load,3704,78960361.656,78961770.328,79986972,1,false
load,3705,78980934.156,78982189.862,80007524,1,false
load,3706,79001352.211,79002668.332,80027920,1,false
load,3707,79021800.606,79024377.429,80048356,1,false
load,3708,79042519.538,79043627.770,80069056,1,false
load,3709,79062791.482,79064117.665,80089296,1,false
load,3710,79083239.376,79084595.951,80109732,1,false
load,3711,79103736.460,79105057.341,80130220,1,false
load,3712,79124206.508,79125543.716,80150660,1,false
load,3713,79144682.289,79146033.285,80171136,1,false
load,3714,79165157.264,79166555.164,80191576,1,false
load,3715,79185664.288,79187793.426,80212100,1,false
load,3716,79205946.859,79207777.019,80232324,1,false
load,3717,79226933.110,79228793.697,80253284,1,false
load,3718,79247946.329,79252774.120,80274280,1,false
load,3719,79268931.732,79273795.011,80295248,1,false
load,3720,79289930.722,79293517.472,80316224,1,false
load,3721,79315291.041,79318100.329,80341560,1,false
load,3722,79336237.828,79338546.618,80362488,1,false
load,3723,79356732.519,79359050.229,80382964,1,false
load,3724,79377172.971,79379495.988,80403376,1,false
load,3725,79397669.348,79399991.042,80423892,1,false
load,3726,79418152.833,79420464.485,80444316,1,false
load,3727,79438854.130,79441917.123,80465004,1,false
load,3728,79459331.554,79463767.874,80485456,1,false
load,3729,79479978.586,79482033.101,80506084,1,false
load,3730,79500187.569,79502380.714,80526272,1,false
load,3731,79520537.074,79523790.351,80546600,1,false
load,3732,79540950.086,79543778.890,80566996,1,false
load,3733,79561931.715,79564776.809,80587960,1,false
load,3734,79582941.798,79584778.029,80608944,1,false
load,3735,79603935.411,79609774.090,80629920,1,false
load,3736,79624929.603,79629773.678,80650892,1,false
load,3737,79645983.160,79651768.959,80671932,1,false
load,3738,79666937.597,79670775.370,80692864,1,false
load,3739,79687927.589,79690775.781,80713832,1,false
load,3740,79708933.236,79711779.815,80734820,1,false
load,3741,79729940.255,79731775.347,80755800,1,false
load,3742,79750936.675,79752776.795,80776780,1,false
load,3743,79771931.366,79776777.591,80797748,1,false
load,3744,79792933.133,79797777.824,80818732,1,false
load,3745,79813941.068,79817779.254,80839716,1,false
load,3746,79834930.981,79838780.179,80860688,1,false
load,3747,79855942.561,79858786.968,80881692,1,false
load,3748,79876946.454,79879789.665,80902676,1,false
load,3749,79897945.993,79899776.062,80923656,1,false
load,3750,79918941.983,79920778.049,80944616,1,false
load,3751,79939931.100,79945766.709,80965592,1,false
load,3752,79960947.034,79965708.760,80986592,1,false
load,3753,79981856.058,79985776.112,81007472,1,false
load,3754,80001879.806,80008769.766,81027476,1,false
load,3755,80022929.676,80026776.151,81048504,1,false
load,3756,80043931.036,80047800.669,81069488,1,false
load,3757,80064963.705,80067860.643,81090500,1,false
load,3758,80086020.784,80088780.201,81111540,1,false
load,3759,80106947.238,80108783.399,81132444,1,false
load,3760,80127937.235,80130772.818,81153408,1,false
load,3761,80148927.318,80154772.786,81174376,1,false
load,3762,80169922.040,80175774.097,81195360,1,false
load,3763,80190921.411,80195769.939,81216336,1,false
load,3764,80211918.089,80216775.363,81237308,1,false
load,3765,80232928.772,80236778.730,81258300,1,false
load,3766,80253928.093,80257774.219,81279280,1,false
load,3767,80274924.842,80277776.507,81300252,1,false
load,3768,80295926.319,80298774.052,81321236,1,false
load,3769,80316930.153,80322775.331,81342216,1,false
load,3770,80337926.744,80343774.215,81363200,1,false
load,3771,80358924.621,80363770.848,81384172,1,false
load,3772,80379920.291,80384779.080,81405156,1,false
load,3773,80400928.566,80403772.327,81426136,1,false
load,3774,80421920.169,80424771.330,81447108,1,false
load,3775,80442952.623,80444772.137,81468120,1,false
load,3776,80463899.675,80470772.475,81489044,1,false
load,3777,80484935.062,80490774.569,81510060,1,false
load,3778,80505948.335,80510771.448,81531056,1,false
load,3779,80526932.938,80531776.547,81552020,1,false
load,3780,80547947.570,80552772.508,81573004,1,false
load,3781,80568925.169,80572770.980,81593968,1,false
load,3782,80589923.982,80593772.412,81614952,1,false
load,3783,80610917.632,80613774.278,81635924,1,false
load,3784,80631925.141,80638771.202,81656912,1,false
load,3785,80652917.954,80658771.943,81677876,1,false
load,3786,80673920.264,80679775.602,81698860,1,false
load,3787,80694926.009,80699779.461,81719852,1,false
load,3788,80715937.673,80719772.376,81740840,1,false
load,3789,80736972.031,80740774.948,81761852,1,false
load,3790,80757930.505,80759855.400,81782796,1,false
load,3791,80777973.400,80780275.270,81802820,1,false
load,3792,80800885.386,80805772.847,81825704,1,false
load,3793,80821920.844,80827768.666,81846724,1,false
load,3794,80842924.214,80845806.510,81867704,1,false
load,3795,80863939.696,80866271.102,81888696,1,false
load,3796,80884426.043,80886776.891,81909164,1,false
load,3797,80904929.872,80907241.498,81929652,1,false
load,3798,80925355.630,80927756.901,81950056,1,false
load,3799,80945925.831,80948197.059,81970604,1,false
load,3800,80966351.309,80968677.395,81991008,1,false
load,3801,80986794.534,80989181.527,82011428,1,false
load,3802,81007295.969,81009647.573,82031908,1,false
load,3803,81027792.635,81030143.956,82052384,1,false
load,3804,81048291.318,81050591.407,82072868,1,false
load,3805,81069953.436,81071572.867,82094512,1,false
load,3806,81090734.051,81096768.363,82115272,1,false
load,3807,81110868.301,81112027.514,82135384,1,false
load,3808,81131157.108,81132532.578,82155648,1,false
load,3809,81151652.833,81152975.144,82176184,1,false
load,3810,81172073.807,81173490.289,82196532,1,false
load,3811,81192644.001,81195767.740,82217144,1,false
load,3812,81212924.260,81214412.233,82237344,1,false
load,3813,81233560.605,81234922.071,82257952,1,false
load,3814,81254062.221,81255791.361,82278436,1,false
load,3815,81274952.843,81280773.752,82299308,1,false
load,3816,81295926.989,81300777.616,82320264,1,false
load,3817,81316927.543,81321779.098,82341244,1,false
load,3818,81337930.113,81341781.502,82362228,1,false
load,3819,81358929.842,81362778.360,82383204,1,false
load,3820,81379940.011,81382780.273,82404204,1,false
load,3821,81400933.722,81403779.343,82425168,1,false
load,3822,81421939.635,81423779.970,82446160,1,false
load,3823,81442936.387,81448775.188,82467132,1,false
load,3824,81463934.960,81468783.729,82488108,1,false
load,3825,81484938.269,81489777.452,82509096,1,false
load,3826,81505930.138,81509779.018,82530064,1,false
load,3827,81525959.039,81530777.977,82550064,1,false
load,3828,81546936.292,81550775.685,82571028,1,false
load,3829,81567931.466,81570780.509,82592004,1,false
load,3830,81588932.240,81591289.180,82612984,1,false
load,3831,81609432.517,81611768.990,82633460,1,false
load,3832,81629921.889,81632222.710,82653932,1,false
load,3833,81650360.622,81652678.213,82674352,1,false
load,3834,81671245.188,81673794.964,82695220,1,false
load,3835,81691958.986,81693675.053,82715908,1,false
load,3836,81712792.965,81714106.947,82736728,1,false
load,3837,81733223.126,81734621.686,82757132,1,false
load,3838,81753794.441,81755764.097,82777684,1,false
load,3839,81773917.767,81775547.357,82797784,1,false
load,3840,81794710.810,81796053.393,82818564,1,false
load,3841,81815205.399,81816493.198,82839036,1,false
load,3842,81835637.927,81837011.297,82859508,1,false
load,3843,81856136.764,81857486.882,82879928,1,false
load,3844,81876651.062,81877973.372,82900468,1,false
load,3845,81897137.553,81900766.147,82920888,1,false
load,3846,81917921.715,81924764.262,82941648,1,false
load,3847,81938945.317,81943770.129,82962652,1,false
load,3848,81959925.815,81963973.142,82983616,1,false
load,3849,81980134.135,81984447.452,83003804,1,false
load,3850,82000559.719,82004931.858,83024208,1,false
load,3851,82021061.906,82025402.993,83044696,1,false
load,3852,82041569.521,82045889.369,83065184,1,false
load,3853,82061993.868,82066356.205,83085580,1,false
load,3854,82082507.463,82087798.693,83106076,1,false
load,3855,82102968.107,82107779.545,83126516,1,false
load,3856,82123944.733,82128782.430,83147472,1,false
load,3857,82144943.113,82148782.479,83168452,1,false
load,3858,82165935.278,82168774.549,83189428,1,false
load,3859,82186926.920,82189776.785,83210388,1,false
load,3860,82207950.882,82209781.552,83231400,1,false
load,3861,82228933.098,82230781.065,83252360,1,false
load,3862,82249959.109,82254774.535,83273368,1,false
load,3863,82270947.015,82275306.427,83294332,1,false
load,3864,82291486.583,82295786.869,83314852,1,false
load,3865,82311968.115,82316212.680,83335312,1,false
load,3866,82332387.513,82336693.626,83355712,1,false
load,3867,82354374.838,82357190.593,83377680,1,false
load,3868,82375357.658,82377644.697,83398640,1,false
load,3869,82395798.094,82398137.031,83419056,1,false
load,3870,82416291.993,82418653.992,83439536,1,false
load,3871,82436799.040,82439102.720,83460024,1,false
load,3872,82457259.275,82459583.018,83480460,1,false
load,3873,82477742.176,82480066.034,83500928,1,false
load,3874,82498220.925,82500502.559,83521384,1,false
load,3875,82518654.747,82521039.126,83541840,1,false
load,3876,82539207.115,82541500.556,83562332,1,false
load,3877,82559657.924,82561978.725,83582800,1,false
load,3878,82580086.176,82582780.569,83603172,1,false
load,3879,82600940.113,82603790.775,83624008,1,false
load,3880,82621946.004,82623776.626,83644992,1,false
load,3881,82642937.179,82648783.893,83665964,1,false
load,3882,82663935.335,82668777.749,83686944,1,false
load,3883,82684933.729,82689776.093,83707924,1,false
load,3884,82705932.026,82710767.382,83728892,1,false
load,3885,82726924.022,82730777.290,83749864,1,false
load,3886,82747943.211,82752769.223,83770868,1,false
load,3887,82768929.172,82770887.948,83791824,1,false
load,3888,82788987.615,82791319.292,83811868,1,false
load,3889,82809471.611,82811797.635,83832332,1,false
load,3890,82829955.100,82832263.682,83852800,1,false
load,3891,82850425.291,82852772.508,83873248,1,false
load,3892,82871047.091,82873241.231,83893852,1,false
load,3893,82891392.957,82893778.034,83914168,1,false
load,3894,82911928.653,82914183.057,83934688,1,false
load,3895,82932338.590,82934673.968,83955080,1,false
load,3896,82952803.030,82955206.282,83975528,1,false
load,3897,82973367.669,82975635.560,83996068,1,false
load,3898,82993805.250,82996109.938,84016480,1,false
load,3899,83014233.263,83016616.592,84036892,1,false
load,3900,83034738.824,83037054.874,84057376,1,false
load,3901,83055237.814,83057566.835,84077860,1,false
load,3902,83075724.369,83078768.661,84098320,1,false
load,3903,83095924.176,83098492.687,84118504,1,false
load,3904,83116652.861,83119018.717,84139256,1,false
load,3905,83137161.898,83139454.115,84159704,1,false
load,3906,83157591.719,83159921.846,84180112,1,false
load,3907,83178080.900,83180466.057,84200576,1,false
load,3908,83198618.657,83200953.976,84221100,1,false
load,3909,83219109.011,83221431.993,84241568,1,false
load,3910,83239654.257,83244783.917,84262136,1,false
load,3911,83259949.891,83262377.039,84282376,1,false
load,3912,83280675.098,83283387.190,84303096,1,false
load,3913,83301531.676,83304771.277,84323912,1,false
load,3914,83321980.995,83323786.631,84344340,1,false
load,3915,83342947.234,83344294.175,84365288,1,false
load,3916,83363446.075,83364781.403,84385764,1,false
load,3917,83383946.702,83385231.469,84406248,1,false
load,3918,83404372.088,83405774.845,84426652,1,false
load,3919,83424948.037,83426767.900,84447208,1,false
load,3920,83445918.197,83450748.551,84468160,1,false
load,3921,83466866.139,83471246.454,84489084,1,false
load,3922,83487375.265,83491752.321,84509572,1,false
load,3923,83507870.327,83512197.181,84530048,1,false
load,3924,83528356.852,83534765.326,84550516,1,false
load,3925,83548915.960,83553135.582,84571056,1,false
load,3926,83569272.226,83573631.513,84591396,1,false
load,3927,83589791.449,83594115.000,84611892,1,false
load,3928,83610218.727,83616962.535,84632300,1,false
load,3929,83631094.898,83636769.593,84653152,1,false
load,3930,83651921.303,83655881.836,84673956,1,false
load,3931,83671978.867,83677060.447,84694000,1,false
load,3932,83692191.807,83697769.937,84714188,1,false
load,3933,83712929.570,83718550.555,84734908,1,false
load,3934,83733704.575,83737821.736,84755664,1,false
load,3935,83753980.287,83759049.684,84775920,1,false
load,3936,83774188.464,83778953.965,84796108,1,false
load,3937,83795086.104,83799411.395,84816984,1,false
load,3938,83815583.157,83820772.157,84837460,1,false
load,3939,83835926.084,83839846.559,84857788,1,false
load,3940,83855950.704,83860314.164,84877792,1,false
load,3941,83876473.655,83883769.371,84898292,1,false
load,3942,83896920.377,83901278.948,84918724,1,false
load,3943,83917422.931,83921751.502,84939204,1,false
load,3944,83937926.461,83942684.299,84959684,1,false
load,3945,83958792.634,83962774.893,84980532,1,false
load,3946,83978930.491,83983234.485,85000652,1,false
load,3947,83999362.458,84003773.770,85021068,1,false
load,3948,84019923.391,84024192.436,85041604,1,false
load,3949,84040341.055,84045767.961,85062008,1,false
load,3950,84060865.505,84065145.053,85082504,1,false
load,3951,84081301.793,84085622.957,85102920,1,false
load,3952,84101737.127,84106111.752,85123336,1,false
load,3953,84122235.018,84126577.338,85143808,1,false
load,3954,84142733.897,84147046.716,85164296,1,false
load,3955,84163165.625,84167541.097,85184700,1,false
load,3956,84183673.135,84188030.346,85205212,1,false
load,3957,84204159.646,84208490.580,85225656,1,false
load,3958,84224655.180,84228979.986,85246172,1,false
load,3959,84245091.231,84249452.532,85266548,1,false
load,3960,84265595.824,84269924.213,85287052,1,false
load,3961,84286087.282,84290407.183,85307508,1,false
load,3962,84306518.014,84310875.933,85327920,1,false
load,3963,84327013.518,84331372.353,85348396,1,false
load,3964,84347518.096,84351825.822,85368880,1,false
load,3965,84367944.152,84372323.425,85389280,1,false
load,3966,84388452.847,84393773.701,85409776,1,false
load,3967,84408931.868,84413299.099,85430236,1,false
load,3968,84429432.103,84433751.964,85450716,1,false
load,3969,84449914.623,84454234.385,85471172,1,false
load,3970,84470341.042,84474757.326,85491584,1,false
load,3971,84490918.141,84495178.938,85512140,1,false
load,3972,84511347.655,84515657.995,85532552,1,false
load,3973,84531790.849,84538763.428,85552972,1,false
load,3974,84551911.098,84556638.565,85573076,1,false
load,3975,84572789.902,84577089.043,85593916,1,false
load,3976,84593242.310,84597585.528,85614364,1,false
load,3977,84613733.330,84618042.957,85634836,1,false
load,3978,84634214.590,84640764.689,85655300,1,false
load,3979,84654916.034,84659970.187,85675980,1,false
load,3980,84675118.660,84680721.510,85696160,1,false
load,3981,84695845.466,84701124.600,85716868,1,false
load,3982,84716336.073,84721770.223,85737340,1,false
load,3983,84736922.757,84741925.032,85757904,1,false
load,3984,84757067.119,84762308.801,85778028,1,false
load,3985,84777426.227,84782947.333,85798372,1,false
load,3986,84798077.511,84803774.633,85819004,1,false
load,3987,84818927.720,84823793.047,85839832,1,false
load,3988,84839939.010,84844330.526,85860820,1,false
load,3989,84860450.569,84865079.599,85881308,1,false
load,3990,84881233.183,84884809.532,85902072,1,false
load,3991,84901942.559,84905562.302,85922760,1,false
load,3992,84922661.884,84926429.702,85943488,1,false
load,3993,84943589.681,84945935.925,85964372,1,false
load,3994,84964086.607,84966905.070,85984844,1,false
load,3995,84985012.338,84986787.383,86005752,1,false
load,3996,85005942.386,85007821.581,86026660,1,false
load,3997,85026941.849,85032769.465,86047636,1,false
load,3998,85047921.946,85054767.531,86068596,1,false
load,3999,85068915.007,85073525.037,86089572,1,false
load,4000,85089630.470,85094769.918,86110332,1,false
load,4001,85109916.576,85114769.446,86130540,1,false
load,4002,85130920.262,85135102.805,86151516,1,false
load,4003,85151246.968,85155772.145,86171828,1,false
load,4004,85171922.811,85175855.536,86192484,1,false
load,4005,85191953.781,85195787.971,86212492,1,false
load,4006,85212939.512,85217306.764,86233456,1,false
load,4007,85233441.002,85237506.100,86253940,1,false
load,4008,85253652.374,85257451.143,86274160,1,false
load,4009,85274612.721,85277956.176,86295068,1,false
load,4010,85295105.852,85299026.009,86315540,1,false
load,4011,85315145.999,85318966.665,86335560,1,false
load,4012,85336106.842,85339824.578,86356504,1,false
load,4013,85356978.616,85360813.505,86377352,1,false
load,4014,85377949.993,85381794.094,86398304,1,false
load,4015,85398946.407,85401773.768,86419288,1,false
load,4016,85419941.344,85426773.643,86440256,1,false
load,4017,85440932.600,85446783.600,86461228,1,false
load,4018,85461944.242,85467780.056,86482224,1,false
load,4019,85482941.540,85487774.362,86503196,1,false
load,4020,85503927.973,85508771.219,86524164,1,false
load,4021,85524928.963,85528772.725,86545144,1,false
load,4022,85545926.671,85549781.645,86566116,1,false
load,4023,85566931.186,85569774.364,86587104,1,false
load,4024,85587931.799,85594770.970,86608088,1,false
load,4025,85608926.135,85614772.622,86629056,1,false
load,4026,85629927.603,85635780.744,86650048,1,false
load,4027,85650933.870,85654771.482,86671028,1,false
load,4028,85671924.385,85675775.496,86691996,1,false
load,4029,85692931.813,85695773.714,86712984,1,false
load,4030,85713926.652,85716766.799,86733964,1,false
load,4031,85734921.373,85736771.147,86754928,1,false
load,4032,85755938.170,85761786.140,86775928,1,false
load,4033,85776953.522,85782782.448,86796916,1,false
load,4034,85797940.540,85802774.845,86817888,1,false
load,4035,85818931.713,85823772.036,86838856,1,false
load,4036,85839945.365,85843782.608,86859852,1,false
load,4037,85860937.923,85864773.263,86880824,1,false
load,4038,85881926.799,85884776.604,86901800,1,false
load,4039,85902930.776,85905779.340,86922772,1,false
load,4040,85923936.402,85928777.314,86943760,1,false
load,4041,85944956.967,85949775.981,86964748,1,false
load,4042,85965936.137,85969782.281,86985720,1,false
load,4043,85986942.399,85990783.620,87006700,1,false
load,4044,86007975.556,86010780.444,87027728,1,false
load,4045,86028935.358,86031779.360,87048652,1,false
load,4046,86049931.141,86051779.937,87069640,1,false
load,4047,86070936.834,86072781.355,87090616,1,false
load,4048,86091940.201,86096789.112,87111596,1,false
load,4049,86112939.839,86117791.915,87132584,1,false
load,4050,86133944.970,86137635.256,87153560,1,false
load,4051,86154797.356,86158098.990,87174396,1,false
load,4052,86175263.277,86179772.365,87194844,1,false
load,4053,86195973.191,86200776.877,87215532,1,false
load,4054,86216932.292,86220774.955,87236472,1,false
load,4055,86237929.752,86241177.201,87257444,1,false
load,4056,86258341.675,86261777.245,87277844,1,false
load,4057,86278969.514,86281943.642,87298444,1,false
load,4058,86299092.295,86302788.592,87318552,1,false
load,4059,86319995.954,86322897.199,87339432,1,false
load,4060,86341045.930,86342820.528,87360464,1,false
load,4061,86361970.360,86367896.815,87381364,1,false
load,4062,86381989.745,86384308.684,87401372,1,false
load,4063,86402464.811,86405775.080,87421824,1,false
load,4064,86422927.788,86425732.446,87442264,1,false
load,4065,86443867.259,86450769.905,87463184,1,false
load,4066,86463878.567,86465856.053,87483172,1,false
load,4067,86484011.060,86486773.267,87503284,1,false
load,4068,86504932.953,86506988.945,87524188,1,false
load,4069,86525144.064,86526779.357,87544380,1,false
load,4070,86545928.885,86547852.686,87565144,1,false
load,4071,86565952.327,86568317.322,87585152,1,false
load,4072,86586470.160,86589768.248,87605644,1,false
load,4073,86606916.606,86608963.162,87626072,1,false
load,4074,86627112.290,86629819.301,87646248,1,false
load,4075,86647968.509,86650774.239,87667080,1,false
load,4076,86668922.391,86671773.294,87688020,1,false
load,4077,86689925.826,86694774.652,87709004,1,false
load,4078,86710932.187,86715785.726,87729992,1,false
load,4079,86731083.147,86735772.710,87750100,1,false
load,4080,86751943.607,86756783.561,87770956,1,false
load,4081,86772968.121,86776778.803,87791960,1,false
load,4082,86793933.895,86797777.259,87812908,1,false
load,4083,86814929.875,86817780.827,87833888,1,false
load,4084,86835931.033,86838774.772,87854868,1,false
load,4085,86856925.968,86858780.986,87875848,1,false
load,4086,86877930.236,86879778.374,87896824,1,false
load,4087,86898928.834,86903779.407,87917804,1,false
load,4088,86919932.130,86924780.664,87938784,1,false
load,4089,86940963.358,86944495.280,87959776,1,false
load,4090,86961661.261,86965002.939,87980496,1,false
load,4091,86981725.045,86985777.266,88000528,1,false
load,4092,87001926.251,87006768.138,88020700,1,false
load,4093,87022867.773,87028024.253,88041616,1,false
load,4094,87043152.595,87049737.672,88061884,1,false
load,4095,87063971.024,87067364.536,88082684,1,false
load,4096,87084474.870,87087838.855,88103172,1,false
load,4097,87105011.476,87109766.333,88123680,1,false
load,4098,87126129.623,87128798.377,88144780,1,false
load,4099,87146930.543,87149294.452,88165564,1,false
load,4100,87167430.424,87169750.413,88186040,1,false
load,4101,87187877.250,87190227.867,88206472,1,false
load,4102,87208379.980,87210789.844,88226948,1,false
load,4103,87228948.803,87231783.738,88247496,1,false
load,4104,87249937.034,87251778.501,88268464,1,false
load,4105,87270926.109,87272776.807,88289436,1,false
load,4106,87291936.614,87296765.610,88310428,1,false
load,4107,87312143.655,87317181.039,88330612,1,false
load,4108,87332337.248,87333596.316,88350788,1,false
load,4109,87352775.356,87354094.670,88371192,1,false
load,4110,87373238.890,87374531.113,88391644,1,false
load,4111,87393670.739,87395035.683,88412068,1,false
load,4112,87414166.545,87415519.282,88432536,1,false
load,4113,87434665.580,87435996.548,88453032,1,false
load,4114,87455161.214,87456488.448,88473492,1,false
load,4115,87475646.815,87476955.892,88493992,1,false
load,4116,87496118.647,87497431.070,88514408,1,false
load,4117,87516548.095,87517915.713,88534828,1,false
load,4118,87537084.815,87538393.987,88555332,1,false
load,4119,87557514.109,87558864.585,88575744,1,false
load,4120,87578046.706,87579361.473,88596260,1,false
load,4121,87598476.028,87599837.675,88616668,1,false
load,4122,87618940.668,87620793.567,88637116,1,false
load,4123,87639964.941,87645778.932,88658116,1,false
load,4124,87660934.084,87667765.529,88679060,1,false
load,4125,87681878.110,87686771.626,88699984,1,false
load,4126,87702935.620,87706791.836,88721020,1,false
load,4127,87723937.572,87727777.182,88742008,1,false
load,4128,87744933.088,87747780.780,88762984,1,false
load,4129,87765942.681,87767779.592,88783968,1,false
load,4130,87786932.674,87788774.967,88804944,1,false
load,4131,87807938.685,87812776.432,88825928,1,false
load,4132,87828934.458,87833778.163,88846896,1,false
load,4133,87849930.559,87853775.202,88867880,1,false
load,4134,87870926.630,87874791.185,88888848,1,false
load,4135,87891948.472,87895770.841,88909852,1,false
load,4136,87912950.647,87915780.952,88930836,1,false
load,4137,87933935.374,87935779.103,88951796,1,false
load,4138,87954937.409,87958769.410,88972776,1,false
load,4139,87975927.825,87980778.625,88993748,1,false
load,4140,87996951.274,88001780.794,89014752,1,false
load,4141,88017936.718,88021781.910,89035724,1,false
load,4142,88038956.682,88042774.862,89056696,1,false
load,4143,88059931.780,88062781.130,89077672,1,false
load,4144,88080932.023,88083777.754,89098652,1,false
load,4145,88101935.709,88103777.187,89119636,1,false
load,4146,88122933.664,88124779.314,89140616,1,false
load,4147,88143938.936,88148659.170,89161600,1,false
load,4148,88164800.229,88169177.596,89182436,1,false
load,4149,88185068.163,88189621.066,89202696,1,false
load,4150,88205836.546,88210093.527,89223392,1,false
load,4151,88226293.405,88230794.445,89243876,1,false
load,4152,88246951.240,88251784.002,89264508,1,false
load,4153,88267944.122,88271807.772,89285476,1,false
load,4154,88288967.498,88292782.469,89306488,1,false
load,4155,88309940.858,88312788.226,89327444,1,false
load,4156,88330015.104,88333786.617,89347488,1,false
load,4157,88350951.551,88353788.844,89368412,1,false
load,4158,88371950.375,88373939.936,89389388,1,false
load,4159,88392099.736,88394406.145,89409520,1,false
load,4160,88412557.985,88414918.816,89429952,1,false
load,4161,88433083.849,88435367.029,89450460,1,false
load,4162,88453514.107,88455863.832,89470876,1,false
load,4163,88474026.702,88476313.171,89491360,1,false
load,4164,88494465.046,88496816.348,89511784,1,false
load,4165,88514971.634,88517303.166,89532264,1,false
load,4166,88535461.724,88537797.844,89552740,1,false
load,4167,88555947.415,88558249.178,89573204,1,false
load,4168,88576418.397,88578749.776,89593648,1,false
load,4169,88596923.269,88599224.901,89614140,1,false
load,4170,88617393.211,88619747.073,89634588,1,false
load,4171,88637909.155,88640172.937,89655088,1,false
load,4172,88658325.494,88660657.491,89675484,1,false
load,4173,88678792.422,88681149.012,89695924,1,false
load,4174,88699308.945,88701600.715,89716424,1,false
load,4175,88719754.847,88722090.429,89736852,1,false
load,4176,88740251.282,88742557.504,89757324,1,false
load,4177,88760720.356,88763051.269,89777780,1,false
load,4178,88781210.835,88783534.312,89798244,1,false
load,4179,88801684.450,88804008.792,89818704,1,false
load,4180,88822163.661,88824477.362,89839160,1,false
load,4181,88842638.460,88847771.912,89859656,1,false
load,4182,88862924.727,88865432.809,89879884,1,false
load,4183,88883587.400,88885927.284,89900532,1,false
load,4184,88904079.097,88906390.493,89921000,1,false
load,4185,88924545.953,88926859.672,89941440,1,false
load,4186,88945042.105,88947364.222,89961912,1,false
load,4187,88965577.894,88968852.125,89982436,1,false
load,4188,88986017.074,88988950.413,90002852,1,false
load,4189,89006087.309,89010779.498,90022904,1,false
load,4190,89026946.396,89030775.416,90043740,1,false
load,4191,89047942.752,89049774.994,90064724,1,false
load,4192,89068961.204,89072779.879,90085716,1,false
load,4193,89089945.941,89094803.496,90106680,1,false
load,4194,89110941.698,89115311.223,90127660,1,false
load,4195,89131445.655,89135780.631,90148140,1,false
load,4196,89151939.879,89156218.044,90168608,1,false
load,4197,89172360.362,89176741.116,90189020,1,false
load,4198,89192857.321,89197224.098,90209500,1,false
load,4199,89213351.600,89217760.251,90229968,1,false
load,4200,89233913.519,89238166.072,90250504,1,false
load,4201,89254321.965,89258652.054,90270892,1,false
load,4202,89274800.934,89279134.073,90291356,1,false
load,4203,89295288.535,89299613.963,90311824,1,false
load,4204,89315717.515,89321766.060,90332232,1,false
load,4205,89335918.043,89340555.278,90352420,1,false
load,4206,89356715.940,89361041.412,90373196,1,false
load,4207,89377155.558,89381520.320,90393616,1,false
load,4208,89397647.310,89401992.172,90414108,1,false
load,4209,89418147.692,89422483.573,90434568,1,false
load,4210,89438649.139,89442954.660,90455072,1,false
load,4211,89459069.235,89463433.176,90475448,1,false
load,4212,89479568.534,89483903.892,90495924,1,false
load,4213,89500060.246,89504393.951,90516400,1,false
load,4214,89520616.169,89524870.942,90536996,1,false
load,4215,89541011.545,89545813.207,90557308,1,false
load,4216,89561940.573,89565892.896,90578216,1,false
load,4217,89581991.279,89586468.362,90598248,1,false
load,4218,89602629.783,89607769.551,90618916,1,false
load,4219,89622930.252,89627784.789,90639152,1,false
load,4220,89643939.120,89647913.777,90660128,1,false
load,4221,89664064.411,89669770.800,90680236,1,false
load,4222,89684918.086,89689239.530,90701084,1,false
load,4223,89705345.588,89710092.404,90721480,1,false
load,4224,89726224.940,89729942.993,90742340,1,false
load,4225,89747187.600,89751774.197,90763284,1,false
load,4226,89767940.435,89771770.889,90784012,1,false
load,4227,89788922.073,89792114.902,90804980,1,false
load,4228,89809287.063,89812772.100,90825320,1,false
load,4229,89829928.866,89833770.368,90845948,1,false
load,4230,89850933.438,89853771.186,90866924,1,false
load,4231,89871940.013,89874785.202,90887916,1,false
load,4232,89892956.365,89898774.399,90908912,1,false
load,4233,89913926.769,89919770.994,90929864,1,false
load,4234,89934923.571,89939778.161,90950832,1,false
load,4235,89955939.885,89959908.044,90971828,1,false
load,4236,89976064.447,89980093.064,90991940,1,false
load,4237,89996202.507,90000774.031,91012056,1,false
load,4238,90016926.959,90021072.163,91032760,1,false
load,4239,90037209.519,90042589.028,91053016,1,false
load,4240,90057785.305,90061495.702,91073576,1,false
load,4241,90078792.461,90082146.584,91094568,1,false
load,4242,90099290.014,90102700.610,91115044,1,false
load,4243,90119861.649,90123796.310,91135596,1,false
load,4244,90139906.319,90143787.264,91155616,1,false
load,4245,90160945.073,90164780.432,91176636,1,false
load,4246,90181070.080,90184984.379,91196740,1,false
load,4247,90201080.550,90205780.940,91216736,1,false
load,4248,90221936.661,90225779.691,91237568,1,false
load,4249,90242934.478,90245779.028,91258552,1,false
load,4250,90263937.267,90266787.317,91279528,1,false
load,4251,90284939.755,90286786.573,91300508,1,false
load,4252,90305945.520,90307776.461,91321500,1,false
load,4253,90326934.656,90331771.345,91342460,1,false
load,4254,90347927.527,90353775.102,91363432,1,false
load,4255,90368932.508,90372776.733,91384424,1,false
load,4256,90389941.500,90393774.554,91405412,1,false
load,4257,90410926.746,90413779.522,91426376,1,false
load,4258,90431953.182,90434785.324,91447376,1,false
load,4259,90452938.360,90454783.556,91468344,1,false
load,4260,90473944.769,90475768.199,91489328,1,false
load,4261,90494925.311,90499765.773,91510296,1,false
load,4262,90515924.664,90520771.733,91531276,1,false
load,4263,90536941.375,90540773.950,91552268,1,false
load,4264,90557929.477,90561233.899,91573232,1,false
load,4265,90578363.647,90581767.864,91593648,1,false
load,4266,90598919.890,90602771.714,91614188,1,false
load,4267,90619925.757,90622769.069,91635168,1,false
load,4268,90640917.840,90643777.285,91656144,1,false
load,4269,90661961.136,90664771.250,91677160,1,false
load,4270,90682945.680,90684774.319,91698132,1,false
load,4271,90703960.396,90709202.936,91719120,1,false
load,4272,90724456.420,90730603.192,91739596,1,false
load,4273,90744735.237,90749791.170,91759856,1,false
load,4274,90764953.227,90770775.121,91780056,1,false
load,4275,90785927.335,90790794.386,91801008,1,false
load,4276,90806945.413,90811779.369,91822008,1,false
load,4277,90827936.702,90832770.578,91842976,1,false
load,4278,90848934.130,90852779.601,91863952,1,false
load,4279,90869952.122,90872794.803,91884956,1,false
load,4280,90890970.862,90893779.781,91905948,1,false
load,4281,90911935.360,90913774.855,91926896,1,false
load,4282,90932931.013,90937985.228,91947872,1,false
load,4283,90953141.106,90954802.570,91968056,1,false
load,4284,90973930.935,90979773.796,91988828,1,false
load,4285,90994936.539,90999779.662,92009812,1,false
load,4286,91015932.342,91020778.204,92030796,1,false
load,4287,91036938.711,91040774.783,92051772,1,false
load,4288,91057925.379,91060778.382,92072744,1,false
load,4289,91078946.718,91081779.912,92093744,1,false
load,4290,91099936.629,91101811.085,92114712,1,false
load,4291,91119980.176,91122788.165,92134740,1,false
load,4292,91140949.238,91142781.375,92155688,1,false
load,4293,91161928.721,91163775.293,92176644,1,false
load,4294,91182924.207,91187774.608,92197620,1,false
load,4295,91203950.835,91208776.958,92218628,1,false
load,4296,91224925.546,91228781.694,92239580,1,false
load,4297,91245937.628,91249243.920,92260568,1,false
load,4298,91266404.561,91269755.091,92281020,1,false
load,4299,91286884.026,91294283.970,92301480,1,false
load,4300,91307830.206,91311788.466,92322404,1,false
load,4301,91327962.748,91331777.153,92342516,1,false
load,4302,91348928.259,91351776.857,92363464,1,false
load,4303,91369934.998,91372779.847,92384444,1,false
load,4304,91390931.292,91392777.873,92405420,1,false
load,4305,91411946.554,91413776.028,92426416,1,false
load,4306,91432933.489,91437780.901,92447388,1,false
load,4307,91453937.077,91458775.363,92468364,1,false
load,4308,91474930.985,91478779.418,92489340,1,false
load,4309,91495934.231,91499776.351,92510328,1,false
load,4310,91516938.669,91519775.495,92531304,1,false
load,4311,91537930.074,91540777.556,92552284,1,false
load,4312,91558933.859,91561768.391,92573268,1,false
load,4313,91579928.201,91581777.604,92594240,1,false
load,4314,91600932.141,91605778.524,92615220,1,false
load,4315,91621934.318,91626797.211,92636200,1,false
load,4316,91642943.602,91646781.640,92657188,1,false
load,4317,91663943.874,91669767.309,92678172,1,false
load,4318,91684932.523,91687776.139,92699140,1,false
load,4319,91705926.752,91708779.531,92720116,1,false
load,4320,91726930.069,91729765.759,92741100,1,false
load,4321,91747920.617,91753775.436,92762068,1,false
load,4322,91768928.186,91773777.139,92783052,1,false
load,4323,91789933.170,91794778.296,92804032,1,false
load,4324,91810930.268,91814779.608,92825020,1,false
load,4325,91831938.906,91835775.290,92846004,1,false
load,4326,91852926.391,91855776.958,92866968,1,false
load,4327,91873938.049,91876778.129,92887956,1,false
load,4328,91894939.414,91896778.344,92908940,1,false
load,4329,91915929.214,91921784.086,92929908,1,false
load,4330,91936930.822,91941779.320,92950896,1,false
load,4331,91957941.694,91962774.937,92971880,1,false
load,4332,91978923.708,91982776.124,92992840,1,false
load,4333,91999931.216,92003776.206,93013836,1,false
load,4334,92020929.525,92023775.832,93034812,1,false
load,4335,92041931.685,92043777.616,93055792,1,false
load,4336,92062931.618,92064777.165,93076772,1,false
load,4337,92083937.017,92089785.575,93097756,1,false
load,4338,92104935.151,92109785.061,93118736,1,false
load,4339,92125942.441,92129839.607,93139720,1,false
load,4340,92146999.397,92150303.038,93160756,1,false
load,4341,92167453.543,92170782.640,93181192,1,false
load,4342,92187939.940,92191283.328,93201660,1,false
load,4343,92208426.626,92211739.858,93222128,1,false
load,4344,92228849.317,92232204.870,93242520,1,false
load,4345,92249357.633,92252735.336,93263012,1,false
load,4346,92269801.181,92273168.355,93283436,1,false
load,4347,92290342.388,92293645.755,93303956,1,false
load,4348,92310797.909,92314143.592,93324396,1,false
load,4349,92331300.401,92335771.066,93344876,1,false
load,4350,92351930.704,92355940.498,93365484,1,false
load,4351,92372092.852,92375560.542,93385624,1,false
load,4352,92392717.101,92396040.629,93406236,1,false
load,4353,92413195.110,92416529.791,93426692,1,false
load,4354,92433716.433,92436986.602,93447196,1,false
load,4355,92454170.057,92457468.628,93467624,1,false
load,4356,92474630.648,92477985.226,93488104,1,false
load,4357,92495139.808,92498441.446,93508560,1,false
load,4358,92515613.353,92519267.485,93529072,1,false
load,4359,92536424.428,92539779.126,93549800,1,false
load,4360,92556932.491,92560781.567,93570288,1,false
load,4361,92577935.797,92580351.956,93591268,1,false
load,4362,92598517.601,92600839.351,93611836,1,false
load,4363,92618796.875,92621774.643,93632096,1,false
load,4364,92638929.977,92644135.380,93652208,1,false
load,4365,92659287.951,92662297.986,93672552,1,false
load,4366,92679437.458,92682734.825,93692672,1,false
load,4367,92699903.911,92703778.702,93713120,1,false
load,4368,92719934.122,92723726.543,93733132,1,false
load,4369,92740851.991,92744170.455,93754032,1,false
load,4370,92761295.089,92764737.174,93774452,1,false
load,4371,92781861.475,92785160.844,93795000,1,false
load,4372,92802321.013,92805645.214,93815440,1,false
load,4373,92822793.284,92826111.139,93835892,1,false
load,4374,92843218.971,92846600.167,93856296,1,false
load,4375,92863716.144,92867042.654,93876772,1,false
load,4376,92884212.835,92887527.920,93897252,1,false
load,4377,92904639.626,92907985.744,93917680,1,false
load,4378,92925140.859,92928487.335,93938140,1,false
load,4379,92945640.169,92949018.863,93958644,1,false
load,4380,92966166.631,92969792.141,93979128,1,false
load,4381,92986949.829,92990781.134,93999884,1,false
load,4382,93007947.437,93013773.852,94020864,1,false
load,4383,93028924.312,93031781.879,94041816,1,false
load,4384,93049937.539,93051783.769,94062808,1,false
load,4385,93070942.621,93076107.072,94083800,1,false
load,4386,93091445.298,93096775.208,94104280,1,false
load,4387,93111929.877,93116864.534,94124744,1,false
load,4388,93131970.636,93134768.212,94144768,1,false
load,4389,93152917.702,93157845.392,94165688,1,false
load,4390,93172954.056,93176767.268,94185708,1,false
load,4391,93193871.997,93198773.282,94206608,1,false
load,4392,93214100.892,93215191.695,94226816,1,false
load,4393,93234318.196,93235736.503,94247016,1,false
load,4394,93254861.073,93264334.535,94267540,1,false
load,4395,93275501.851,93277769.147,94288156,1,false
load,4396,93295925.223,93297110.837,94308560,1,false
load,4397,93316273.323,93317603.971,94328892,1,false
load,4398,93336779.292,93338775.938,94349364,1,false
load,4399,93356945.984,93358680.194,94369520,1,false
load,4400,93377799.811,93379770.891,94390356,1,false
load,4401,93397932.918,93399771.207,94410472,1,false
load,4402,93418932.524,93420779.948,94431448,1,false
load,4403,93439943.222,93444564.720,94452440,1,false
load,4404,93460741.843,93465359.502,94473224,1,false
load,4405,93481515.351,93485753.429,94493968,1,false
load,4406,93501876.233,93506768.775,94514312,1,false
load,4407,93522938.147,93528771.394,94535348,1,false
load,4408,93543940.213,93549771.635,94556332,1,false
load,4409,93564929.899,93567771.692,94577308,1,false
load,4410,93585936.226,93588770.639,94598284,1,false
load,4411,93606924.341,93608951.860,94619256,1,false
load,4412,93627056.069,93629951.144,94639372,1,false
load,4413,93648080.646,93652776.327,94660376,1,false
load,4414,93668939.530,93675773.651,94681216,1,false
load,4415,93689688.892,93694709.665,94701936,1,false
load,4416,93709864.918,93714873.858,94722092,1,false
load,4417,93730026.166,93731249.985,94742240,1,false
load,4418,93751599.562,93755879.299,94763860,1,false
load,4419,93772015.039,93776335.987,94784192,1,false
load,4420,93792446.225,93797789.659,94804596,1,false
load,4421,93812945.908,93817994.238,94825080,1,false
load,4422,93833146.362,93838772.761,94845260,1,false
load,4423,93853932.876,93860765.852,94866028,1,false
load,4424,93874875.174,93878731.703,94886952,1,false
load,4425,93895869.624,93899205.445,94907920,1,false
load,4426,93916329.287,93919722.398,94928364,1,false
load,4427,93937016.142,93940165.119,94949020,1,false
load,4428,93957300.614,93960626.587,94969288,1,false
load,4429,93977794.433,93983763.978,94989764,1,false
load,4430,93997916.596,94001590.378,95009868,1,false
load,4431,94018702.787,94022080.455,95030636,1,false
load,4432,94039237.962,94042546.620,95051144,1,false
load,4433,94059661.708,94063021.826,95071556,1,false
load,4434,94080156.525,94083516.509,95092028,1,false
load,4435,94100651.050,94103983.873,95112512,1,false
load,4436,94121137.065,94124471.822,95132968,1,false
load,4437,94141624.837,94144952.700,95153476,1,false
load,4438,94162085.151,94165418.756,95173872,1,false
load,4439,94182574.938,94185900.659,95194348,1,false
load,4440,94203006.888,94206369.705,95214756,1,false
load,4441,94223512.409,94226869.576,95235244,1,false
load,4442,94244014.146,94247370.822,95255724,1,false
load,4443,94264545.863,94268799.801,95276236,1,false
load,4444,94284971.325,94288311.505,95296644,1,false
load,4445,94305547.412,94308789.768,95317200,1,false
load,4446,94325925.630,94329820.273,95337556,1,false
load,4447,94346950.291,94349791.740,95358564,1,false
load,4448,94367950.800,94370764.412,95379544,1,false
load,4449,94388926.510,94390787.114,95400496,1,false
load,4450,94409941.737,94411778.450,95421496,1,false
load,4451,94430934.958,94435781.613,95442464,1,false
load,4452,94451932.759,94456779.716,95463444,1,false
load,4453,94472934.950,94477768.817,95484420,1,false
load,4454,94493866.045,94497778.676,95505336,1,false
load,4455,94514930.801,94517784.606,95526380,1,false
load,4456,94535940.204,94538781.343,95547372,1,false
load,4457,94556932.850,94558784.306,95568340,1,false
load,4458,94577940.117,94579782.340,95589324,1,false
load,4459,94598937.353,94603733.870,95610308,1,false
load,4460,94619852.299,94624152.556,95631200,1,false
load,4461,94640308.959,94644627.950,95651628,1,false
load,4462,94660785.457,94665128.306,95672092,1,false
load,4463,94681284.929,94685595.306,95692576,1,false
load,4464,94701744.976,94706076.579,95713008,1,false
load,4465,94722233.558,94726554.281,95733476,1,false
load,4466,94742714.575,94747032.060,95753940,1,false
load,4467,94763186.454,94767513.206,95774400,1,false
load,4468,94783691.214,94787993.056,95794880,1,false
load,4469,94804151.556,94808481.308,95815316,1,false
load,4470,94824628.366,94828933.678,95835804,1,false
load,4471,94851843.075,94853783.451,95862960,1,false
load,4472,94871890.576,94874034.609,95882984,1,false
load,4473,94892185.850,94894970.205,95903260,1,false
load,4474,94913131.862,94914963.063,95924188,1,false
load,4475,94934109.149,94935456.732,95945144,1,false
load,4476,94954619.452,94955945.830,95965688,1,false
load,4477,94975093.226,94976388.230,95986088,1,false
load,4478,94995535.968,94996887.977,96006516,1,false
load,4479,95016037.707,95017375.310,96026992,1,false
load,4480,95036532.779,95037848.353,96047468,1,false
load,4481,95056999.479,95058322.975,96067912,1,false
load,4482,95077472.128,95078812.911,96088368,1,false
load,4483,95097967.832,95099289.202,96108848,1,false
load,4484,95118440.873,95119749.658,96129300,1,false
load,4485,95139008.499,95140232.506,96149844,1,false
load,4486,95159391.618,95160723.428,96170216,1,false
load,4487,95179847.409,95181201.177,96190648,1,false
load,4488,95200352.106,95201721.752,96211128,1,false
load,4489,95220870.391,95222141.774,96231608,1,false
load,4490,95241307.681,95242639.175,96252048,1,false
load,4491,95261796.900,95263120.771,96272512,1,false
load,4492,95282274.342,95283595.301,96292972,1,false
load,4493,95302753.237,95304073.725,96313428,1,false
load,4494,95323250.671,95324542.107,96333892,1,false
load,4495,95343704.171,95345030.782,96354344,1,false
load,4496,95364158.728,95365540.716,96374780,1,false
load,4497,95384662.694,95385976.385,96395268,1,false
load,4498,95405090.585,95406470.199,96415676,1,false
load,4499,95425594.777,95426937.015,96436220,1,false
load,4500,95453126.630,95456791.973,96463656,1,false
load,4501,95473941.172,95476115.522,96484448,1,false
load,4502,95494263.408,95496590.818,96504756,1,false
load,4503,95514742.670,95517075.747,96525212,1,false
load,4504,95535222.476,95537543.637,96545676,1,false
load,4505,95555695.980,95557988.211,96566132,1,false
load,4506,95575923.631,95578495.586,96586332,1,false
load,4507,95596652.227,95598989.239,96607056,1,false
load,4508,95617136.771,95619458.987,96627508,1,false
load,4509,95637611.041,95639933.846,96648016,1,false
load,4510,95658092.905,95660417.981,96668428,1,false
load,4511,95678564.212,95680894.446,96688892,1,false
load,4512,95699050.716,95701362.817,96709344,1,false
load,4513,95724802.946,95726794.027,96735072,1,false
load,4514,95744957.071,95746799.837,96755204,1,false
load,4515,95765953.330,95771779.451,96776176,1,false
load,4516,95786942.671,95791777.728,96797152,1,false
load,4517,95807929.777,95812779.139,96818116,1,false
load,4518,95828935.220,95832777.036,96839096,1,false
load,4519,95849931.904,95853780.427,96860080,1,false
load,4520,95870937.759,95873779.058,96881068,1,false
load,4521,95891958.720,95894807.624,96902060,1,false
load,4522,95912948.151,95914779.254,96923028,1,false
load,4523,95934009.299,95939785.750,96944076,1,false
load,4524,95954954.363,95959427.309,96964996,1,false
load,4525,95975534.601,95980778.479,96985564,1,false
load,4526,95995927.495,96000775.352,97005932,1,false
load,4527,96016936.729,96021779.399,97026924,1,false
load,4528,96037928.240,96041776.569,97047892,1,false
load,4529,96058933.554,96062776.303,97068876,1,false
load,4530,96079928.065,96082775.121,97089848,1,false
load,4531,96100932.549,96102774.076,97110836,1,false
load,4532,96121924.458,96123774.143,97131804,1,false
load,4533,96142941.072,96149767.356,97152800,1,false
load,4534,96163918.535,96168625.208,97173756,1,false
load,4535,96184781.935,96188790.361,97194600,1,false
load,4536,96204939.925,96209776.914,97214744,1,false
load,4537,96225931.132,96229776.555,97235712,1,false
load,4538,96246926.535,96250776.665,97256688,1,false
load,4539,96267929.782,96270776.981,97277668,1,false
load,4540,96288930.711,96291776.713,97298648,1,false
load,4541,96309931.343,96311778.520,97319628,1,false
load,4542,96330933.440,96332450.093,97340612,1,false
load,4543,96351766.247,96357765.653,97361404,1,false
load,4544,96371921.826,96373777.221,97381560,1,false
load,4545,96392928.866,96399768.263,97402552,1,false
load,4546,96413890.488,96418799.819,97423484,1,false
load,4547,96433912.692,96438773.806,97443492,1,false
load,4548,96454927.196,96459095.408,97464480,1,false
load,4549,96475704.912,96479599.547,97485236,1,false
load,4550,96496752.844,96500160.292,97506268,1,false
load,4551,96517386.297,96520545.740,97526880,1,false
load,4552,96537702.562,96541026.839,97547172,1,false
load,4553,96558253.855,96561522.130,97567712,1,false
load,4554,96578677.335,96581960.223,97588108,1,false
load,4555,96599111.074,96602462.983,97608528,1,false
load,4556,96619617.467,96622956.390,97629056,1,false
load,4557,96640111.712,96643429.566,97649488,1,false
load,4558,96664209.287,96667987.919,97673564,1,false
load,4559,96685142.766,96688473.871,97694472,1,false
load,4560,96705633.576,96708935.207,97714968,1,false
load,4561,96726094.202,96729404.204,97735392,1,false
load,4562,96746525.704,96749883.914,97755804,1,false
load,4563,96767087.982,96770393.079,97776336,1,false
load,4564,96787518.968,96790848.886,97796752,1,false
load,4565,96808246.507,96811333.019,97817460,1,false
load,4566,96828456.608,96831811.214,97837652,1,false
load,4567,96848941.591,96852285.193,97858116,1,false
load,4568,96869449.397,96872767.222,97878600,1,false
load,4569,96890440.142,96893238.545,97899572,1,false
load,4570,96911394.125,96913715.370,97920500,1,false
load,4571,96931867.571,96934793.473,97940956,1,false
load,4572,96951912.946,96954771.708,97960984,1,false
load,4573,96972926.890,96975769.186,97981980,1,false
load,4574,96993920.984,96995772.066,98002956,1,false
load,4575,97014935.497,97016140.366,98023948,1,false
load,4576,97035294.246,97036774.701,98044280,1,false
load,4577,97055934.342,97057770.432,98064900,1,false
load,4578,97076930.178,97081770.207,98085884,1,false
load,4579,97097929.723,97102770.827,98106856,1,false
load,4580,97118926.629,97122770.727,98127836,1,false
load,4581,97139936.219,97143770.968,98148820,1,false
load,4582,97160936.861,97163774.433,98169800,1,false
load,4583,97181958.500,97184771.311,98190808,1,false
load,4584,97202923.326,97204768.698,98211756,1,false
load,4585,97223931.489,97225769.851,98232744,1,false
load,4586,97244920.339,97249771.951,98253700,1,false
load,4587,97265931.296,97270783.928,98274696,1,false
load,4588,97286944.347,97290773.928,98295688,1,false
load,4589,97307958.443,97311784.529,98316684,1,false
load,4590,97328952.200,97331802.994,98337652,1,false
load,4591,97349950.680,97352789.331,98358636,1,false
load,4592,97370945.087,97372791.797,98379612,1,false
load,4593,97391963.574,97397777.684,98400600,1,false
load,4594,97412945.954,97417820.452,98421564,1,false
load,4595,97433953.265,97438782.383,98442552,1,false
load,4596,97454943.996,97458775.894,98463520,1,false
load,4597,97475929.835,97479809.051,98484488,1,false
load,4598,97496950.440,97499774.625,98505484,1,false
load,4599,97517926.972,97522764.784,98526452,1,false
load,4600,97538939.098,97540774.604,98547444,1,false
load,4601,97559923.028,97565807.927,98568404,1,false
load,4602,97580932.842,97585775.633,98589392,1,false
load,4603,97601926.013,97606784.888,98610364,1,false
load,4604,97622934.109,97626779.554,98631348,1,false
load,4605,97643936.654,97647786.560,98652332,1,false
load,4606,97664938.537,97667775.655,98673312,1,false
load,4607,97685926.505,97688779.891,98694284,1,false
load,4608,97706930.252,97709767.672,98715264,1,false
load,4609,97727940.704,97733319.649,98736252,1,false
load,4610,97748447.804,97754767.216,98756748,1,false
load,4611,97768920.345,97774781.335,98777200,1,false
load,4612,97789938.923,97794778.782,98798196,1,false
load,4613,97810932.184,97817763.948,98819168,1,false
load,4614,97831866.409,97835776.844,98840080,1,false
load,4615,97851865.702,97856781.813,98860064,1,false
load,4616,97872946.955,97877765.073,98881116,1,false
load,4617,97893973.982,97896776.246,98902124,1,false
load,4618,97914924.082,97917773.646,98923060,1,false
load,4619,97935921.272,97937736.926,98944032,1,false
load,4620,97956886.045,97958155.865,98964964,1,false
load,4621,97977320.161,97978635.626,98985392,1,false
load,4622,97997799.803,97999138.793,99005852,1,false
load,4623,98018295.729,98019586.994,99026324,1,false
load,4624,98038744.562,98040095.296,99046756,1,false
load,4625,98059257.078,98060805.131,99067252,1,false
load,4626,98079955.512,98081030.533,99087928,1,false
load,4627,98100186.659,98101514.914,99108144,1,false
load,4628,98120669.910,98121986.090,99128600,1,false
load,4629,98141168.750,98142462.249,99149080,1,false
load,4630,98161618.151,98162966.372,99169548,1,false
load,4631,98182124.677,98183435.401,99190000,1,false
load,4632,98202592.634,98203936.821,99210508,1,false
load,4633,98223162.962,98224371.680,99230996,1,false
load,4634,98243526.727,98244898.118,99251336,1,false
load,4635,98264051.019,98265359.617,99271844,1,false
load,4636,98284538.106,98285846.083,99292312,1,false
load,4637,98305004.941,98306328.686,99312760,1,false
load,4638,98325501.007,98326799.265,99333232,1,false
load,4639,98345957.903,98347276.988,99353672,1,false
load,4640,98366488.948,98367756.122,99374180,1,false
load,4641,98386934.615,98388773.090,99394612,1,false
load,4642,98407933.518,98412779.495,99415580,1,false
load,4643,98428937.502,98433789.340,99436568,1,false
load,4644,98449981.450,98453790.269,99457596,1,false
load,4645,98470928.075,98474784.239,99478516,1,false
load,4646,98491072.556,98494962.284,99498644,1,false
load,4647,98512093.319,98515778.425,99519644,1,false
load,4648,98532937.733,98537771.285,99540468,1,false
load,4649,98553942.678,98556780.146,99561456,1,false
load,4650,98574936.031,98576780.841,99582428,1,false
load,4651,98595933.569,98597777.737,99603404,1,false
load,4652,98616932.717,98621774.701,99624384,1,false
load,4653,98637927.574,98642788.594,99645360,1,false
load,4654,98658942.477,98663767.552,99666348,1,false
load,4655,98679920.891,98683776.852,99687312,1,false
load,4656,98700927.074,98703780.397,99708296,1,false
load,4657,98721934.813,98726767.069,99729280,1,false
load,4658,98742918.584,98744779.221,99750248,1,false
load,4659,98763937.838,98765787.711,99771244,1,false
load,4660,98784941.618,98789785.625,99792228,1,false
load,4661,98805943.240,98810782.331,99813208,1,false
load,4662,98826937.937,98831766.305,99834184,1,false
load,4663,98847867.623,98851778.201,99855088,1,false
load,4664,98868929.964,98871779.118,99876128,1,false
load,4665,98889934.746,98894767.751,99897116,1,false
load,4666,98910924.920,98912777.183,99918088,1,false
load,4667,98931928.997,98933786.485,99939072,1,false
load,4668,98952941.742,98957784.759,99960064,1,false
load,4669,98973919.175,98978036.932,99981016,1,false
load,4670,98994199.556,98998503.092,100001284,1,false
load,4671,99014656.946,99018980.970,100021716,1,false
load,4672,99035136.011,99039452.461,100042176,1,false
load,4673,99060929.888,99064888.329,100067944,1,false
load,4674,99081013.900,99084543.821,100088012,1,false
load,4675,99101699.905,99105011.190,100108680,1,false
load,4676,99122168.474,99125470.291,100129128,1,false
load,4677,99142696.617,99145976.947,100149632,1,false
load,4678,99163124.559,99166421.801,100170036,1,false
load,4679,99183570.233,99186904.733,100190468,1,false
load,4680,99204060.989,99207402.630,100210940,1,false
load,4681,99224565.522,99227885.549,100231424,1,false
load,4682,99245135.583,99248372.712,100251968,1,false
load,4683,99265527.296,99268838.125,100272344,1,false
load,4684,99285999.703,99289283.655,100292796,1,false
load,4685,99306444.838,99309776.060,100313220,1,false
load,4686,99327283.377,99330274.603,100334036,1,false
load,4687,99347436.073,99350798.364,100354164,1,false
load,4688,99367951.624,99371235.398,100374668,1,false
load,4689,99388391.556,99391719.102,100395092,1,false
load,4690,99408859.585,99412193.540,100415532,1,false
load,4691,99429351.483,99432727.890,100436012,1,false
load,4692,99449877.166,99453147.941,100456508,1,false
load,4693,99470303.380,99473618.439,100476920,1,false
load,4694,99490774.881,99494111.069,100497368,1,false
load,4695,99511310.599,99514584.710,100517896,1,false
load,4696,99531752.014,99535067.150,100538312,1,false
load,4697,99552238.212,99555553.232,100558776,1,false
load,4698,99572705.437,99576019.287,100579224,1,false
load,4699,99593171.539,99596510.713,100599668,1,false
load,4700,99613667.218,99616974.302,100620140,1,false
load,4701,99634152.022,99637455.146,100640608,1,false
load,4702,99655870.642,99659014.208,100662308,1,false
load,4703,99676172.134,99678792.863,100682592,1,false
load,4704,99697088.963,99699777.707,100703488,1,false
load,4705,99717925.682,99719589.249,100724304,1,false
load,4706,99738742.848,99740780.757,100745096,1,false
load,4707,99758933.727,99760775.385,100765268,1,false
load,4708,99779925.532,99785772.764,100786240,1,false
load,4709,99800921.628,99807772.146,100807220,1,false
load,4710,99821925.311,99826805.392,100828200,1,false
load,4711,99842951.884,99846780.081,100849208,1,false
load,4712,99863936.119,99867795.211,100870168,1,false
load,4713,99884942.714,99887775.843,100891160,1,false
load,4714,99905929.096,99908777.878,100912124,1,false
load,4715,99926930.750,99929769.377,100933100,1,false
load,4716,99947928.305,99953777.750,100954080,1,false
load,4717,99968942.328,99973812.856,100975076,1,false
load,4718,99989947.023,99995768.060,100996060,1,false
load,4719,100010868.609,100014296.128,101016960,1,false
load,4720,100031456.192,100034776.097,101037528,1,false
load,4721,100051930.359,100055233.641,101057984,1,false
load,4722,100072394.290,100075708.280,101078424,1,false
load,4723,100092865.661,100096198.169,101098880,1,false
load,4724,100113348.786,100116711.157,101119332,1,false
load,4725,100133850.431,100137140.096,101139824,1,false
load,4726,100154292.733,100157616.013,101160244,1,false
load,4727,100174773.930,100178108.766,101180700,1,false
load,4728,100195265.672,100198594.995,101201180,1,false
load,4729,100215747.772,100219058.515,101221632,1,false
load,4730,100236218.784,100239543.110,101242088,1,false
load,4731,100256905.187,100260069.176,101262752,1,false
load,4732,100277261.018,100280797.199,101283092,1,false
load,4733,100297943.125,100302774.830,101303756,1,false
load,4734,100318931.969,100322795.048,101324724,1,false
load,4735,100339955.040,100342360.095,101345724,1,false
load,4736,100360523.505,100363773.032,101366272,1,false
load,4737,100380931.223,100384782.889,101386660,1,false
load,4738,100401935.171,100404022.982,101407644,1,false
load,4739,100422142.826,100425769.395,101427836,1,false
load,4740,100442867.894,100444798.139,101448532,1,false
load,4741,100462897.435,100467772.062,101468552,1,false
load,4742,100483918.284,100486771.516,101489548,1,false
load,4743,100504925.875,100511781.104,101510528,1,false
load,4744,100525928.288,100531390.117,101531512,1,false
load,4745,100546502.125,100551771.112,101552068,1,false
load,4746,100566924.607,100572766.063,101572476,1,false
load,4747,100587867.979,100593771.573,101593396,1,false
load,4748,100608920.253,100613280.230,101614428,1,false
load,4749,100629424.421,100633771.475,101634908,1,false
load,4750,100649938.379,100653769.759,101655404,1,false
load,4751,100670925.161,100674772.115,101676376,1,false
load,4752,100691943.103,100695773.599,101697372,1,false
load,4753,100712930.371,100715784.176,101718332,1,false
load,4754,100733940.673,100736771.286,101739320,1,false
load,4755,100754925.158,100760767.650,101760292,1,false
load,4756,100775931.989,100781769.767,101781276,1,false
load,4757,100796925.682,100801769.470,101802248,1,false
load,4758,100817915.711,100821772.556,101823220,1,false
load,4759,100838921.064,100841769.444,101844208,1,false
load,4760,100859922.523,100862769.966,101865188,1,false
load,4761,100880923.078,100882767.672,101886164,1,false
load,4762,100901914.395,100904769.000,101907140,1,false
load,4763,100922916.049,100928598.148,101928120,1,false
load,4764,100943707.806,100949772.120,101948888,1,false
load,4765,100963918.754,100969769.419,101969080,1,false
load,4766,100984918.676,100990768.645,101990056,1,false
load,4767,101005912.948,101010454.218,102011028,1,false
load,4768,101026559.033,101030767.774,102031668,1,false
load,4769,101046912.613,101051768.449,102051992,1,false
load,4770,101067913.538,101072769.343,102072972,1,false
load,4771,101088917.094,101092770.083,102093960,1,false
load,4772,101109919.000,101113770.135,102114936,1,false
load,4773,101130916.674,101133752.507,102135916,1,false
load,4774,101151914.705,101158767.519,102156896,1,false
load,4775,101172912.918,101178774.900,102177872,1,false
load,4776,101193926.910,101199769.650,102198868,1,false
load,4777,101214917.820,101219770.544,102219832,1,false
load,4778,101235922.947,101240770.381,102240816,1,false
load,4779,101256918.295,101260770.233,102261792,1,false
load,4780,101277921.002,101281768.365,102282772,1,false
load,4781,101298912.343,101301768.793,102303756,1,false
load,4782,101319925.876,101326771.642,102324736,1,false
load,4783,101340926.667,101346771.699,102345716,1,false
load,4784,101361918.043,101367771.794,102366692,1,false
load,4785,101382919.290,101387769.778,102387668,1,false
load,4786,101403919.793,101408772.772,102408656,1,false
load,4787,101424954.287,101428774.980,102429668,1,false
load,4788,101445923.423,101449771.887,102450620,1,false
load,4789,101466919.895,101469791.159,102471588,1,false
load,4790,101487940.003,101494774.089,102492588,1,false
load,4791,101508921.863,101514769.876,102513552,1,false
load,4792,101529916.045,101534770.683,102534528,1,false
load,4793,101550925.534,101555769.931,102555512,1,false
load,4794,101571917.496,101576770.768,102576492,1,false
load,4795,101592919.089,101596768.090,102597472,1,false
load,4796,101613915.248,101616774.201,102618444,1,false
load,4797,101634924.240,101637768.860,102639436,1,false
load,4798,101655914.229,101661773.524,102660400,1,false
load,4799,101676927.379,101682467.295,102681396,1,false
load,4800,101697569.818,101702770.010,102702020,1,false
load,4801,101717920.162,101723772.282,102722348,1,false
load,4802,101738926.623,101743009.282,102743328,1,false
load,4803,101759158.735,101764773.228,102763544,1,false
load,4804,101779930.315,101783717.958,102784292,1,false
load,4805,101800856.319,101804129.674,102805204,1,false
load,4806,101821291.640,101824626.487,102825616,1,false
load,4807,101841788.513,101845082.916,102846088,1,false
load,4808,101862243.053,101865580.278,102866524,1,false
load,4809,101882741.837,101886039.674,102887008,1,false
load,4810,101903200.457,101906525.760,102907448,1,false
load,4811,101923686.540,101927000.305,102927908,1,false
load,4812,101944163.683,101947511.399,102948372,1,false
load,4813,101964711.122,101967960.895,102968900,1,false
load,4814,101985117.707,101988449.682,102989284,1,false
load,4815,102005608.617,102008915.922,103009788,1,false
load,4816,102026076.688,102029388.248,103030204,1,false
load,4817,102046548.726,102050781.954,103050664,1,false
load,4818,102066942.521,102070771.469,103071032,1,false
load,4819,102087925.368,102091772.003,103091984,1,false
load,4820,102108960.685,102111766.742,103113000,1,false
load,4821,102129915.324,102132769.846,103133940,1,false
load,4822,102150922.220,102152769.422,103154924,1,false
load,4823,102171925.139,102177770.304,103175912,1,false
load,4824,102192923.154,102197770.131,103196884,1,false
load,4825,102212936.468,102218769.090,103216880,1,false
load,4826,102233922.755,102238773.736,103237848,1,false
load,4827,102254922.178,102259729.355,103258824,1,false
load,4828,102275856.367,102279775.797,103279740,1,false
load,4829,102295877.056,102299772.681,103299740,1,false
load,4830,102316926.691,102320774.328,103320764,1,false
load,4831,102337935.748,102340769.482,103341752,1,false
load,4832,102358933.039,102361773.662,103362732,1,false
load,4833,102379930.564,102381772.852,103383708,1,false
load,4834,102400934.236,102402772.054,103404696,1,false
load,4835,102421928.702,102426712.584,103425672,1,false
load,4836,102442856.056,102447192.307,103446572,1,false
load,4837,102463352.209,102467716.506,103467052,1,false
load,4838,102483852.404,102488164.358,103487536,1,false
load,4839,102504278.710,102508771.591,103507940,1,false
load,4840,102524922.565,102529783.260,103528564,1,false
load,4841,102545940.125,102549740.212,103549560,1,false
load,4842,102566847.821,102570795.549,103570448,1,false
load,4843,102586904.750,102590780.920,103590484,1,false
load,4844,102607933.748,102611782.618,103611496,1,false
load,4845,102628958.697,102631774.058,103632472,1,false
load,4846,102649925.952,102652778.384,103653440,1,false
load,4847,102670926.674,102672778.879,103674424,1,false
load,4848,102691928.284,102697775.783,103695400,1,false
load,4849,102712926.693,102717688.982,103716384,1,false
load,4850,102733792.289,102738778.702,103737232,1,false
load,4851,102753931.693,102758778.389,103757352,1,false
load,4852,102774937.117,102779786.792,103778332,1,false
load,4853,102795939.362,102799564.672,103799312,1,false
load,4854,102816720.110,102820779.102,103820068,1,false
load,4855,102836928.805,102840775.609,103840264,1,false
load,4856,102857934.139,102861780.803,103861256,1,false
load,4857,102878930.763,102881775.623,103882224,1,false
load,4858,102899927.079,102902780.547,103903200,1,false
load,4859,102920938.850,102922779.834,103924196,1,false
load,4860,102941930.581,102947774.861,103945164,1,false
load,4861,102962932.730,102967780.213,103966148,1,false
load,4862,102983933.329,102988778.588,103987124,1,false
load,4863,103004935.357,103008777.962,104008104,1,false
load,4864,103025929.934,103029780.465,104029084,1,false
load,4865,103046933.237,103049778.987,104050064,1,false
load,4866,103067930.178,103069778.157,104071036,1,false
load,4867,103088929.381,103090775.741,104092016,1,false
load,4868,103109925.327,103115775.130,104112996,1,false
load,4869,103130926.697,103135780.207,104133976,1,false
load,4870,103151933.068,103156778.188,104154960,1,false
load,4871,103172930.528,103176780.689,104175936,1,false
load,4872,103193929.150,103196775.790,104196916,1,false
load,4873,103214929.875,103217778.322,104217896,1,false
load,4874,103235927.105,103237716.850,104238872,1,false
load,4875,103256868.843,103258768.077,104259796,1,false
load,4876,103276904.183,103278723.998,104279812,1,false
load,4877,103297872.490,103299125.623,104300760,1,false
load,4878,103318305.530,103319635.282,104321172,1,false
load,4879,103338814.710,103340279.238,104341656,1,false
load,4880,103359446.452,103360554.369,104362268,1,false
load,4881,103379739.683,103381044.158,104382540,1,false
load,4882,103400185.868,103401517.066,104402972,1,false
load,4883,103420679.097,103421969.516,104423448,1,false
load,4884,103441073.022,103442473.868,104443816,1,false
load,4885,103461592.211,103462958.187,104464376,1,false
load,4886,103482092.238,103483428.522,104484800,1,false
load,4887,103502586.268,103503910.821,104505328,1,false
load,4888,103523079.415,103524399.486,104525744,1,false
load,4889,103543506.493,103544864.590,104546152,1,false
load,4890,103564014.552,103565347.103,104566644,1,false
load,4891,103584510.500,103587771.857,104587116,1,false
load,4892,103605242.969,103606313.598,104607832,1,false
load,4893,103625452.275,103626784.265,104628016,1,false
load,4894,103645939.065,103647265.321,104648484,1,false
load,4895,103666432.404,103667757.041,104668956,1,false
load,4896,103686874.552,103688222.329,104689384,1,false
load,4897,103707381.971,103708706.750,104709876,1,false
load,4898,103727943.624,103729166.326,104730416,1,false
load,4899,103748308.988,103749711.268,104750756,1,false
load,4900,103768866.251,103770139.615,104771296,1,false
load,4901,103789295.766,103790795.881,104791704,1,false
load,4902,103809951.797,103811356.287,104812336,1,false
load,4903,103830510.322,103831779.760,104832872,1,false
load,4904,103850939.423,103852782.874,104853288,1,false
load,4905,103871936.622,103876774.408,104874264,1,false
load,4906,103892929.668,103897774.271,104895232,1,false
load,4907,103913927.860,103917775.652,104916216,1,false
load,4908,103934926.560,103938776.392,104937192,1,false
load,4909,103955935.038,103958780.989,104958180,1,false
load,4910,103976939.158,103979778.343,104979168,1,false
load,4911,103997930.785,103999776.311,105000140,1,false
load,4912,104018927.806,104020774.461,105021112,1,false
load,4913,104039923.777,104044780.926,105042088,1,false
load,4914,104060933.363,104065774.528,105063076,1,false
load,4915,104081927.893,104085778.782,105084044,1,false
load,4916,104102969.841,104106012.585,105105072,1,false
load,4917,104123172.412,104126486.575,105125256,1,false
load,4918,104143667.726,104147006.376,105145732,1,false
load,4919,104164192.253,104167463.542,105166232,1,false
load,4920,104184656.659,104188223.742,105186676,1,false
load,4921,104205399.700,104208407.710,105207400,1,false
load,4922,104225571.401,104228875.196,105227624,1,false
load,4923,104246036.532,104249351.259,105248000,1,false
load,4924,104266547.008,104269869.516,105268496,1,false
load,4925,104287036.202,104290308.080,105288964,1,false
load,4926,104307486.093,104311327.803,105309388,1,false
load,4927,104328491.447,104331771.632,105330372,1,false
load,4928,104348926.248,104351772.882,105350788,1,false
load,4929,104369935.941,104372361.922,105371780,1,false
load,4930,104390505.961,104392775.688,105392332,1,false
load,4931,104410937.852,104413787.340,105412736,1,false
load,4932,104431943.838,104433702.869,105433728,1,false
load,4933,104452864.524,104454767.681,105454620,1,false
load,4934,104472961.516,104474771.820,105474700,1,false
load,4935,104493927.337,104495638.302,105495648,1,false
load,4936,104514800.259,104520764.841,105516504,1,false
load,4937,104534847.167,104536774.737,105536532,1,false
load,4938,104554893.416,104556695.329,105556556,1,false
load,4939,104575850.248,104577015.670,105577492,1,false
load,4940,104596133.167,104598767.946,105597756,1,false
load,4941,104616937.937,104618209.774,105618540,1,false
load,4942,104637358.747,104638690.293,105638940,1,false
load,4943,104657843.803,104659774.074,105659412,1,false
load,4944,104677880.420,104679482.626,105679416,1,false
load,4945,104698592.962,104700772.968,105700164,1,false
load,4946,104718922.051,104720447.126,105720428,1,false
load,4947,104739571.601,104741277.396,105741116,1,false
load,4948,104760436.127,104765394.319,105761896,1,false
load,4949,104780497.107,104782777.668,105781936,1,false
load,4950,104800928.937,104802337.084,105802356,1,false
load,4951,104821485.786,104823575.983,105822884,1,false
load,4952,104841695.058,104843242.409,105843080,1,false
load,4953,104862387.053,104863773.078,105863748,1,false
load,4954,104882927.486,104884189.614,105884268,1,false
load,4955,104903338.398,104904708.111,105904660,1,false
load,4956,104923855.193,104925210.350,105925160,1,false
load,4957,104944435.797,104945620.599,105945720,1,false
load,4958,104964793.034,104966122.976,105966048,1,false
load,4959,104985288.667,104986608.456,105986528,1,false
load,4960,105005716.253,105007049.799,106006940,1,false
load,4961,105026208.467,105027590.095,106027408,1,false
load,4962,105046706.906,105048050.040,106047884,1,false
load,4963,105067203.518,105070766.385,106068368,1,false
load,4964,105087920.751,105088990.072,106089060,1,false
load,4965,105108138.061,105109474.541,106109256,1,false
load,4966,105128642.479,105130794.662,106129748,1,false
load,4967,105148958.658,105150778.903,106150036,1,false
load,4968,105169931.182,105174969.513,106170988,1,false
load,4969,105190128.338,105193769.193,106191168,1,false
load,4970,105210922.320,105215909.842,106211948,1,false
load,4971,105231129.198,105234052.998,106232136,1,false
load,4972,105251152.010,105252832.110,106252128,1,false
load,4973,105271943.552,105273299.418,106272908,1,false
load,4974,105292433.418,105293802.230,106293376,1,false
load,4975,105312944.914,105314270.288,106313864,1,false
load,4976,105333377.575,105334738.352,106334288,1,false
load,4977,105353861.873,105355768.793,106354748,1,false
load,4978,105374103.468,105375704.820,106374972,1,false
load,4979,105394864.527,105396765.498,106395712,1,false
load,4980,105415871.263,105420746.548,106416692,1,false
load,4981,105436856.408,105441218.572,106437656,1,false
load,4982,105457360.732,105461703.947,106458140,1,false
load,4983,105477858.014,105483769.255,106478616,1,false
load,4984,105498219.486,105502703.308,106498964,1,false
load,4985,105518856.307,105523130.391,106519576,1,false
load,4986,105539288.810,105543713.792,106539984,1,false
load,4987,105559856.405,105564099.161,106560536,1,false
load,4988,105580210.265,105584633.202,106580876,1,false
load,4989,105600791.621,105605072.951,106601432,1,false
load,4990,105621229.396,105627767.143,106621848,1,false
load,4991,105641920.346,105646793.417,106642520,1,false
load,4992,105662950.227,105666783.644,106663532,1,false
load,4993,105683935.977,105687781.270,106684500,1,false
load,4994,105704936.506,105707773.466,106705476,1,false
load,4995,105725935.530,105728781.197,106726448,1,false
load,4996,105746982.618,105748784.688,106747484,1,false
load,4997,105768010.508,105773785.244,106768484,1,false
load,4998,105788953.539,105793780.077,106789412,1,false
load,4999,105809939.925,105814778.524,106810380,1,false
load,5000,105830935.318,105834778.947,106831352,1,false
load,5001,105851934.386,105855339.719,106852328,1,false
load,5002,105872495.631,105875781.258,106872872,1,false
load,5003,105892935.022,105896777.951,106893288,1,false
load,5004,105913928.073,105916780.011,106914264,1,false
load,5005,105934932.152,105937780.008,106935248,1,false
load,5006,105955938.341,105957778.710,106956232,1,false
load,5007,105976960.568,105982772.607,106977216,1,false
load,5008,105997927.389,106002777.426,106998184,1,false
load,5009,106018929.578,106023781.331,107019160,1,false
load,5010,106039933.196,106043780.549,107040152,1,false
load,5011,106060930.319,106064777.450,107061116,1,false
load,5012,106081927.611,106084776.879,107082096,1,false
load,5013,106102924.822,106104778.431,107103080,1,false
load,5014,106123930.001,106125779.577,107124060,1,false
load,5015,106144930.004,106149804.962,107145040,1,false
load,5016,106165940.046,106170307.973,107166028,1,false
load,5017,106186459.641,106190777.994,107186528,1,false
load,5018,106206944.266,106211264.349,107206996,1,false
load,5019,106227356.021,106231805.727,107227392,1,false
load,5020,106247935.463,106252220.412,107247948,1,false
load,5021,106268428.669,106272718.918,107268420,1,false
load,5022,106288871.309,106293218.940,107288844,1,false
load,5023,106309390.290,106313705.383,107309340,1,false
load,5024,106330040.365,106334127.832,107329976,1,false
load,5025,106350288.474,106354623.806,107350196,1,false
load,5026,106370826.985,106375124.087,107370716,1,false
load,5027,106391315.200,106395577.946,107391192,1,false
load,5028,106411794.446,106416033.806,107411644,1,false
load,5029,106432145.356,106436529.379,107431980,1,false
load,5030,106452655.357,106457000.645,107452464,1,false
load,5031,106473163.630,106477483.488,107472952,1,false
load,5032,106493723.140,106497990.284,107493492,1,false
load,5033,106514148.736,106518448.861,107513900,1,false
load,5034,106534577.026,106538918.615,107534360,1,false
load,5035,106555075.853,106559404.565,107554788,1,false
load,5036,106575943.150,106579863.201,107575632,1,false
load,5037,106595970.474,106600348.308,107595636,1,false
load,5038,106616476.136,106620815.839,107616120,1,false
load,5039,106636939.398,106641876.488,107636568,1,false
load,5040,106656982.406,106662776.208,107656592,1,false
load,5041,106677939.595,106682779.187,107677528,1,false
load,5042,106698937.923,106702777.466,107698504,1,false
load,5043,106719942.624,106723778.721,107719492,1,false
load,5044,106740996.592,106743781.311,107740528,1,false
load,5045,106761959.388,106765774.124,107761468,1,false
load,5046,106782941.951,106784781.781,107782428,1,false
load,5047,106803944.451,106805184.079,107803408,1,false
load,5048,106824301.010,106825699.110,107823744,1,false
load,5049,106844859.507,106846126.718,107844284,1,false
load,5050,106865283.173,106866765.220,107864684,1,false
load,5051,106885915.878,106887076.533,107885308,1,false
load,5052,106906202.795,106907563.168,107905568,1,false
load,5053,106926702.514,106928030.898,107926048,1,false
load,5054,106947166.747,106948489.443,107946496,1,false
load,5055,106967663.856,106968968.140,107966972,1,false
load,5056,106988088.206,106989436.063,107987376,1,false
load,5057,107008589.050,107009924.901,108007900,1,false
load,5058,107029071.710,107030426.875,108028324,1,false
load,5059,107049577.113,107050901.368,108048856,1,false
load,5060,107070015.358,107071347.019,108069220,1,false
load,5061,107090501.736,107091857.772,108089692,1,false
load,5062,107111005.962,107112550.777,108110176,1,false
load,5063,107131705.216,107132800.817,108130848,1,false
load,5064,107151939.433,107153291.203,108151068,1,false
load,5065,107172458.963,107173789.117,108171568,1,false
load,5066,107192938.459,107194240.785,108192032,1,false
load,5067,107213365.281,107214736.148,108212436,1,false
load,5068,107233850.482,107235208.723,108232896,1,false
load,5069,107254351.999,107255698.298,108253384,1,false
load,5070,107274852.163,107276163.652,108273864,1,false
load,5071,107295281.279,107296698.623,108294268,1,false
load,5072,107315867.899,107317178.580,108314832,1,false
load,5073,107336300.072,107337608.055,108335248,1,false
load,5074,107356727.304,107359423.022,108355660,1,false
load,5075,107377585.276,107382876.306,108376532,1,false
load,5076,107398055.557,107403770.409,108396944,1,false
load,5077,107418937.330,107423780.754,108417804,1,false
load,5078,107439938.313,107444771.240,108438784,1,false
load,5079,107460926.869,107464775.955,108459760,1,false
load,5080,107481932.506,107485771.019,108480744,1,false
load,5081,107502922.659,107505772.718,108501712,1,false
load,5082,107523933.586,107526772.223,108522700,1,false
load,5083,107544930.514,107546770.750,108543680,1,false
load,5084,107565926.362,107567770.753,108564648,1,false
load,5085,107586921.188,107591771.424,108585632,1,false
load,5086,107607926.090,107612773.425,108606608,1,false
load,5087,107628934.492,107632773.580,108627600,1,false
load,5088,107649926.254,107653770.018,108648572,1,false
load,5089,107670933.170,107673773.322,108669556,1,false
load,5090,107693054.710,107698776.383,108691652,1,false
load,5091,107713927.474,107719775.133,108712508,1,false
load,5092,107734935.740,107740774.549,108733500,1,false
load,5093,107755950.161,107760776.812,108754488,1,false
load,5094,107776946.586,107780796.082,108775468,1,false
load,5095,107797961.863,107800782.675,108796460,1,false
load,5096,107818946.980,107821782.848,108817428,1,false
load,5097,107839942.795,107841789.119,108838396,1,false
load,5098,107860946.413,107866775.763,108859384,1,false
load,5099,107881932.325,107886785.136,108880344,1,false
load,5100,107902941.976,107908562.136,108901336,1,false
load,5101,107923718.021,107927778.289,108922088,1,false
load,5102,107943935.998,107948802.262,108942292,1,false
load,5103,107964967.365,107968781.592,108963300,1,false
load,5104,107985949.414,107989776.492,108984268,1,false
load,5105,108006932.143,108009787.180,109005228,1,false
load,5106,108027946.334,108029791.264,109026224,1,false
load,5107,108048945.072,108050780.928,109047196,1,false
load,5108,108069937.234,108075227.483,109068168,1,false
load,5109,108090392.550,108095779.124,109088608,1,false
load,5110,108110937.168,108116775.910,109109124,1,false
load,5111,108131930.935,108136789.963,109130108,1,false
load,5112,108152993.109,108156778.660,109151148,1,false
load,5113,108173930.490,108177776.660,109172068,1,false
load,5114,108194938.608,108197742.012,109193052,1,false
load,5115,108215853.928,108218210.107,109213944,1,false
load,5116,108236369.258,108238700.935,109234448,1,false
load,5117,108256853.926,108259180.165,109254904,1,false
load,5118,108277389.421,108279697.101,109275416,1,false
load,5119,108297943.983,108300119.398,109295956,1,false
load,5120,108318273.412,108320605.695,109316268,1,false
load,5121,108339106.455,108341067.187,109337076,1,false
load,5122,108359168.934,108361550.203,109357116,1,false
load,5123,108379712.653,108382063.037,109377644,1,false
load,5124,108400223.877,108402517.185,109398136,1,false
load,5125,108420679.200,108422990.036,109418572,1,false
load,5126,108441143.691,108443470.749,109439016,1,false
load,5127,108461623.580,108463934.548,109459480,1,false
load,5128,108482076.037,108484412.008,109479904,1,false
load,5129,108502574.052,108504911.026,109500440,1,false
load,5130,108523066.217,108525386.608,109520856,1,false
load,5131,108543544.470,108545849.455,109541320,1,false
load,5132,108564012.162,108566354.996,109561768,1,false
load,5133,108584506.591,108586823.453,109582236,1,false
load,5134,108605407.952,108607345.445,109603124,1,false
load,5135,108625445.156,108627788.742,109623140,1,false
load,5136,108646081.641,108648253.651,109643756,1,false
load,5137,108666414.769,108668728.288,109664068,1,false
load,5138,108686865.465,108689220.343,109684496,1,false
load,5139,108707377.836,108709769.065,109704992,1,false
load,5140,108728116.004,108730785.166,109725720,1,false
load,5141,108748919.075,108750776.899,109746488,1,false
load,5142,108769933.817,108771790.051,109767488,1,false
load,5143,108790946.644,108795774.108,109788476,1,false
load,5144,108811932.943,108816781.272,109809440,1,false
load,5145,108832940.574,108836777.870,109830432,1,false
load,5146,108853938.022,108857142.952,109851404,1,false
load,5147,108874311.255,108877696.853,109871760,1,false
load,5148,108895142.628,108898110.142,109892572,1,false
load,5149,108915269.318,108918607.985,109912680,1,false
load,5150,108935765.091,108939093.470,109933156,1,false
load,5151,108956259.362,108959569.208,109953628,1,false
load,5152,108976726.603,108980200.782,109974080,1,false
load,5153,108997355.511,109000518.574,109994688,1,false
load,5154,109017666.742,109020967.717,110014972,1,false
load,5155,109038161.354,109041476.529,110035452,1,false
load,5156,109058635.133,109061948.263,110055912,1,false
load,5157,109079098.983,109082434.841,110076348,1,false
load,5158,109099588.824,109102911.396,110096856,1,false
load,5159,109120061.616,109123385.543,110117272,1,false
load,5160,109140542.469,109143863.099,110137736,1,false
load,5161,109161017.662,109164345.169,110158184,1,false
load,5162,109181496.507,109184816.358,110178648,1,false
load,5163,109202081.295,109205293.957,110199212,1,false
load,5164,109222453.654,109225801.372,110219568,1,false
load,5165,109242967.599,109246779.258,110240060,1,false
load,5166,109263936.505,109266779.801,110261008,1,false
load,5167,109284931.468,109287778.778,110281984,1,false
load,5168,109305947.029,109307709.606,110302972,1,false
load,5169,109326858.077,109328161.423,110323868,1,false
load,5170,109347655.215,109348714.626,110344576,1,false
load,5171,109367860.008,109369121.178,110364828,1,false
load,5172,109388277.380,109389599.571,110385224,1,false
load,5173,109408794.301,109410065.705,110405720,1,false
load,5174,109429223.623,109430680.921,110426136,1,false
load,5175,109449881.000,109451025.772,110446772,1,false
load,5176,109470185.979,109471544.692,110467060,1,false
load,5177,109490702.548,109492025.272,110487560,1,false
load,5178,109511197.273,109512507.467,110508028,1,false
load,5179,109531634.254,109532948.253,110528448,1,false
load,5180,109552795.183,109557556.577,110549588,1,false
load,5181,109573710.921,109578783.058,110570476,1,false
load,5182,109593922.799,109598784.498,110590676,1,false
load,5183,109613989.227,109619442.969,110610720,1,false
load,5184,109634560.393,109639777.371,110631340,1,false
load,5185,109654923.207,109659999.628,110651612,1,false
load,5186,109675128.697,109676788.375,110671796,1,false
load,5187,109695920.671,109701278.292,110692568,1,false
load,5188,109716421.012,109721348.066,110713048,1,false
load,5189,109736440.297,109737772.026,110733052,1,false
load,5190,109756926.103,109758463.216,110753512,1,false
load,5191,109777645.997,109778777.211,110774216,1,false
load,5192,109797930.095,109799783.263,110794480,1,false
load,5193,109818935.827,109824771.265,110815460,1,false
load,5194,109839923.030,109844788.197,110836436,1,false
load,5195,109860941.350,109864716.204,110857424,1,false
load,5196,109883787.296,109885217.709,110880260,1,false
load,5197,109904380.165,109905685.530,110900824,1,false
load,5198,109925005.573,109926776.197,110921432,1,false
load,5199,109945935.243,109950735.412,110942340,1,false
load,5200,109966860.838,109971206.263,110963248,1,false
load,5201,109987360.116,109991692.385,110983724,1,false
load,5202,110007850.766,110012181.244,111004200,1,false
load,5203,110028333.927,110032691.519,111024664,1,false
load,5204,110048857.792,110053155.668,111045160,1,false
load,5205,110069286.105,110073592.306,111065576,1,false
load,5206,110089717.020,110094127.608,111085988,1,false
load,5207,110110283.769,110114554.874,111106532,1,false
load,5208,110130718.556,110135032.756,111126944,1,false
load,5209,110151145.948,110155545.373,111147356,1,false
load,5210,110171651.008,110175994.447,111167836,1,false
load,5211,110192145.306,110196472.396,111188312,1,false
load,5212,110212631.337,110216976.256,111208780,1,false
load,5213,110233085.407,110237419.718,111229208,1,false
load,5214,110253575.142,110259768.846,111249736,1,false
load,5215,110273915.178,110278390.383,111270008,1,false
load,5216,110294492.969,110298904.090,111290564,1,false
load,5217,110315055.421,110319349.794,111311104,1,false
load,5218,110335482.719,110339851.751,111331508,1,false
load,5219,110356006.958,110360294.156,111352008,1,false
load,5220,110376436.167,110380813.694,111372424,1,false
load,5221,110396940.804,110401299.204,111392904,1,false
load,5222,110417437.736,110422139.059,111413384,1,false
load,5223,110438306.889,110442245.746,111434232,1,false
load,5224,110458361.247,110463764.987,111454268,1,false
load,5225,110478947.935,110483224.523,111474836,1,false
load,5226,110499378.202,110503679.846,111495244,1,false
load,5227,110519833.953,110524155.881,111515680,1,false
load,5228,110540282.844,110544683.311,111536112,1,false
load,5229,110561301.151,110565100.255,111557104,1,false
load,5230,110582236.581,110585591.682,111578032,1,false
load,5231,110602738.797,110606080.672,111598508,1,false
load,5232,110623232.623,110626563.839,111618980,1,false
load,5233,110643678.209,110647032.068,111639404,1,false
load,5234,110664170.893,110667531.522,111659872,1,false
load,5235,110684671.534,110709959.924,111680356,1,false
load,5236,110709997.559,110712554.561,111705660,1,false
load,5237,110730715.462,110733016.454,111726352,1,false
load,5238,110751151.414,110755765.480,111746776,1,false
load,5239,110771928.623,110773990.899,111767532,1,false
load,5240,110792158.511,110794497.658,111787744,1,false
load,5241,110812666.464,110814956.322,111808224,1,false
load,5242,110833108.929,110836487.193,111828652,1,false
load,5243,110853652.616,110855938.527,111849180,1,false
load,5244,110875135.543,110876392.852,111870640,1,false
load,5245,110895564.231,110896850.862,111891100,1,false
load,5246,110916007.582,110917335.169,111911468,1,false
load,5247,110936489.363,110937816.812,111931932,1,false
load,5248,110956983.482,110958303.797,111952400,1,false
load,5249,110977472.709,110978812.145,111972876,1,false
load,5250,110997968.731,110999243.482,111993344,1,false
load,5251,111018398.234,111019753.908,112013760,1,false
load,5252,111038436.985,111040259.576,112033776,1,false
load,5253,111059411.246,111060684.524,112054732,1,false
load,5254,111079844.919,111081157.888,112075144,1,false
load,5255,111100316.927,111101677.736,112095596,1,false
load,5256,111120791.107,111122145.256,112116048,1,false
load,5257,111141299.633,111142697.980,112136540,1,false
load,5258,111161851.700,111163102.443,112157076,1,false
load,5259,111182271.802,111183592.663,112177472,1,false
load,5260,111202742.323,111204057.064,112197920,1,false
load,5261,111223223.963,111224536.630,112218380,1,false
load,5262,111243690.976,111244992.645,112238832,1,false
load,5263,111264148.883,111265503.371,112259268,1,false
load,5264,111284731.617,111285970.168,112279836,1,false
load,5265,111305124.985,111306459.808,112300204,1,false
load,5266,111325614.229,111326949.145,112320676,1,false
load,5267,111346108.764,111347417.736,112341156,1,false
load,5268,111366576.811,111367903.168,112361640,1,false
load,5269,111387058.892,111388374.068,112382068,1,false
load,5270,111407535.169,111408845.362,112402520,1,false
load,5271,111427999.017,111429324.400,112422960,1,false
load,5272,111448482.667,111449802.287,112443432,1,false
load,5273,111468955.672,111470283.039,112463884,1,false
load,5274,111489441.719,111490757.633,112484340,1,false
load,5275,111509930.687,111511244.140,112504808,1,false
load,5276,111530404.241,111531720.033,112525260,1,false
load,5277,111550888.036,111552192.271,112545736,1,false
load,5278,111571354.820,111572680.987,112566180,1,false
load,5279,111591854.599,111593152.580,112586652,1,false
load,5280,111612315.893,111613687.921,112607096,1,false
load,5281,111632851.125,111634173.683,112627612,1,false
load,5282,111653326.228,111654597.675,112648068,1,false
load,5283,111673750.219,111675078.035,112668472,1,false
load,5284,111694237.753,111695559.574,112688944,1,false
load,5285,111714709.906,111716019.849,112709396,1,false
load,5286,111735200.469,111736491.676,112729864,1,false
load,5287,111755651.648,111756989.417,112750296,1,false
load,5288,111776141.262,111777464.811,112770768,1,false
load,5289,111796615.454,111797931.780,112791220,1,false
load,5290,111817106.004,111818426.410,112811700,1,false
load,5291,111837576.934,111838903.615,112832180,1,false
load,5292,111857795.556,111859368.040,112852340,1,false
load,5293,111878524.290,111879954.043,112873052,1,false
load,5294,111899106.232,111900375.557,112893616,1,false
load,5295,111919549.289,111920841.034,112914016,1,false
load,5296,111940004.065,111941299.537,112934468,1,false
load,5297,111960456.693,111961783.021,112954900,1,false
load,5298,111980938.771,111982792.100,112975364,1,false
load,5299,112001954.508,112007778.086,112996360,1,false
load,5300,112022928.918,112027776.265,113017312,1,false
load,5301,112043925.188,112048173.204,113038284,1,false
load,5302,112064322.141,112068780.079,113058664,1,false
load,5303,112084792.859,112088780.474,113079112,1,false
load,5304,112104931.353,112109850.786,113099236,1,false
load,5305,112124949.763,112130766.255,113119232,1,false
load,5306,112145914.965,112150803.062,113140180,1,false
load,5307,112166949.816,112171496.832,113161196,1,false
load,5308,112187653.400,112192771.170,113181872,1,false
load,5309,112207922.945,112212435.440,113202120,1,false
load,5310,112228582.447,112233361.666,113222796,1,false
load,5311,112249540.003,112252787.221,113243704,1,false
load,5312,112269950.493,112273778.818,113264096,1,false
load,5313,112290927.745,112293777.746,113285052,1,false
load,5314,112311931.893,112314779.136,113306032,1,false
load,5315,112332955.420,112334774.500,113327012,1,false
load,5316,112353928.282,112355776.530,113347988,1,false
load,5317,112374930.130,112379778.635,113368972,1,false
load,5318,112395927.762,112400777.631,113389952,1,false
load,5319,112416932.015,112420778.432,113410936,1,false
load,5320,112437930.985,112441778.365,113431904,1,false
load,5321,112458930.818,112461847.596,113452892,1,false
load,5322,112478959.283,112483017.753,113472896,1,false
load,5323,112499173.315,112502868.142,113493092,1,false
load,5324,112520018.049,112523934.931,113513912,1,false
load,5325,112540067.569,112544093.108,113533944,1,false
load,5326,112560207.430,112564104.441,113554064,1,false
load,5327,112581221.228,112584768.621,113575064,1,false
load,5328,112601924.049,112605791.509,113595740,1,false
load,5329,112622947.815,112625374.326,113616744,1,false
load,5330,112643523.316,112645767.728,113637312,1,false
load,5331,112663871.941,112666768.941,113657632,1,false
load,5332,112684927.070,112686769.849,113678668,1,false
load,5333,112705924.362,112707615.544,113699640,1,false
load,5334,112726719.761,112731768.642,113720416,1,false
load,5335,112746937.422,112748780.842,113740616,1,false
load,5336,112768027.205,112772775.721,113761680,1,false
load,5337,112789002.730,112794766.860,113782640,1,false
load,5338,112809926.870,112813725.467,113803544,1,false
load,5339,112830869.411,112834206.770,113824464,1,false
load,5340,112851361.332,112854695.169,113844936,1,false
load,5341,112871881.586,112875296.952,113865440,1,false
load,5342,112892463.397,112895770.177,113885996,1,false
load,5343,112912917.552,112916773.091,113906428,1,false
load,5344,112933927.444,112936771.301,113927428,1,false
load,5345,112954926.189,112957069.815,113948400,1,false
load,5346,112975213.004,112977546.044,113968668,1,false
load,5347,112995710.211,112998028.144,113989144,1,false
load,5348,113016137.663,113018495.992,114009556,1,false
load,5349,113036640.816,113038970.807,114030040,1,false
load,5350,113057126.313,113059462.570,114050500,1,false
load,5351,113077620.639,113082766.707,114070972,1,false
load,5352,113097868.286,113100418.430,114091208,1,false
load,5353,113118577.686,113120885.854,114111928,1,false
load,5354,113139007.146,113141797.538,114132300,1,false
load,5355,113159958.985,113162777.371,114153232,1,false
load,5356,113180937.293,113182778.943,114174188,1,false
load,5357,113201931.955,113207780.246,114195172,1,false
load,5358,113222936.048,113227778.925,114216156,1,false
load,5359,113243930.463,113248781.272,114237120,1,false
load,5360,113264933.407,113268781.373,114258104,1,false
load,5361,113285942.100,113289781.133,114279092,1,false
load,5362,113306931.328,113309785.762,114300060,1,false
load,5363,113327941.319,113330781.717,114321048,1,false
load,5364,113348986.183,113350783.923,114342076,1,false
load,5365,113369946.431,113375776.739,114363016,1,false
load,5366,113390934.450,113395789.359,114383980,1,false
load,5367,113411938.933,113416782.951,114404964,1,false
load,5368,113432939.942,113436780.592,114425952,1,false
load,5369,113453934.984,113456779.808,114446924,1,false
load,5370,113474932.174,113477777.321,114467900,1,false
load,5371,113495937.313,113497783.872,114488884,1,false
load,5372,113516938.269,113518777.784,114509860,1,false
load,5373,113537931.457,113542775.525,114530836,1,false
load,5374,113558923.807,113563633.770,114551816,1,false
load,5375,113579793.831,113583780.503,114572660,1,false
load,5376,113599931.791,113604784.746,114592780,1,false
load,5377,113620941.888,113624779.132,114613772,1,false
load,5378,113641935.631,113645781.631,114634744,1,false
load,5379,113662930.595,113665776.171,114655716,1,false
load,5380,113683927.900,113686776.905,114676696,1,false
load,5381,113704935.948,113706782.292,114697684,1,false
load,5382,113725938.720,113727779.839,114718664,1,false
load,5383,113746928.731,113751789.438,114739632,1,false
load,5384,113767946.419,113772777.322,114760632,1,false
load,5385,113788942.781,113792781.313,114781600,1,false
load,5386,113809933.690,113813775.829,114802572,1,false
load,5387,113830932.707,113833779.813,114823548,1,false
load,5388,113851931.130,113854784.346,114844532,1,false
load,5389,113872939.304,113874780.353,114865520,1,false
load,5390,113893927.082,113895782.536,114886484,1,false
load,5391,113914936.779,113919782.365,114907476,1,false
load,5392,113935938.069,113940783.753,114928456,1,false
load,5393,113956936.169,113960779.993,114949432,1,false
load,5394,113977933.640,113981778.370,114970412,1,false
load,5395,113998928.653,114001783.655,114991388,1,false
load,5396,114019940.708,114022779.444,115012384,1,false
load,5397,114040931.185,114042780.856,115033348,1,false
load,5398,114061935.841,114067774.795,115054332,1,false
load,5399,114082927.958,114087618.751,115075304,1,false
load,5400,114103771.145,114108784.812,115096124,1,false
load,5401,114123939.650,114128784.366,115116268,1,false
load,5402,114144939.796,114149788.640,115137252,1,false
load,5403,114165937.989,114169776.561,115158232,1,false
load,5404,114186927.091,114190775.628,115179196,1,false
load,5405,114207925.067,114210778.777,115200172,1,false
load,5406,114228934.008,114231776.533,115221164,1,false
load,5407,114249927.154,114251786.330,115242140,1,false
load,5408,114270937.736,114276780.056,115263128,1,false
load,5409,114291929.357,114296780.864,115284108,1,false
load,5410,114311950.617,114317782.031,115304104,1,false
load,5411,114332939.248,114337777.918,115325072,1,false
load,5412,114353930.118,114358781.393,115346040,1,false
load,5413,114374930.016,114378778.905,115367020,1,false
load,5414,114395931.523,114399777.512,115388004,1,false
load,5415,114416930.610,114419779.194,115408976,1,false
load,5416,114437970.666,114439778.837,115429996,1,false
load,5417,114458935.435,114460781.490,115450944,1,false
load,5418,114479941.026,114485780.076,115471924,1,false
load,5419,114500938.246,114505776.325,115492912,1,false
load,5420,114521924.755,114525781.023,115513876,1,false
load,5421,114542937.919,114546779.883,115534868,1,false
load,5422,114563957.847,114566774.292,115555844,1,false
load,5423,114584945.476,114587775.763,115576840,1,false
load,5424,114605927.019,114607778.407,115597796,1,false
load,5425,114626935.780,114628780.463,115618784,1,false
load,5426,114647938.673,114652774.898,115639760,1,false
load,5427,114668937.778,114673777.539,115660736,1,false
load,5428,114689976.686,114693777.178,115681764,1,false
load,5429,114710934.121,114714779.224,115702692,1,false
load,5430,114731932.873,114734778.815,115723680,1,false
load,5431,114752943.749,114755771.843,115744668,1,false
load,5432,114773925.344,114775776.159,115765632,1,false
load,5433,114794929.777,114796773.978,115786612,1,false
load,5434,114815925.777,114820773.316,115807592,1,false
load,5435,114836929.184,114841965.652,115828568,1,false
load,5436,114857118.710,114861788.014,115848740,1,false
load,5437,114877945.716,114882111.519,115869548,1,false
load,5438,114898266.247,114902773.570,115889848,1,false
load,5439,114918929.116,114923425.979,115910488,1,false
load,5440,114939576.606,114943774.825,115931156,1,false
load,5441,114959947.403,114964030.023,115951476,1,false
load,5442,114980190.097,114984478.340,115971692,1,false
load,5443,115000632.093,115004969.757,115992116,1,false
load,5444,115021125.576,115025444.411,116012584,1,false
load,5445,115041596.502,115045935.663,116033048,1,false
load,5446,115062089.767,115066408.178,116053516,1,false
load,5447,115082571.859,115086890.655,116074008,1,false
load,5448,115103041.983,115107364.084,116094424,1,false
load,5449,115123520.011,115127833.671,116114888,1,false
load,5450,115143988.917,115148318.207,116135328,1,false
load,5451,115164470.452,115168786.369,116155796,1,false
load,5452,115184942.150,115189282.451,116176244,1,false
load,5453,115205422.938,115209751.673,116196708,1,false
load,5454,115225921.498,115230257.147,116217184,1,false
load,5455,115246415.375,115250706.727,116237652,1,false
load,5456,115266877.049,115271214.668,116258104,1,false
load,5457,115287370.961,115291669.764,116278568,1,false
load,5458,115307811.038,115312179.229,116298996,1,false
load,5459,115328342.826,115332672.387,116319500,1,false
load,5460,115348792.085,115353146.064,116339932,1,false
load,5461,115369562.663,115373586.968,116360736,1,false
load,5462,115389752.565,115394102.430,116380856,1,false
load,5463,115410252.401,115414559.479,116401336,1,false
load,5464,115430714.741,115435061.784,116421772,1,false
load,5465,115451212.249,115455525.792,116442256,1,false
load,5466,115471681.036,115476020.000,116462704,1,false
load,5467,115492175.531,115496486.423,116483176,1,false
load,5468,115512643.792,115516973.117,116503624,1,false
load,5469,115533130.386,115537443.590,116524096,1,false
load,5470,115553603.211,115557931.507,116544548,1,false
load,5471,115574201.109,115578416.668,116565128,1,false
load,5472,115594570.370,115598877.800,116585508,1,false
load,5473,115615015.573,115619355.267,116605896,1,false
load,5474,115635515.606,115639843.885,116626388,1,false
load,5475,115656001.495,115660316.465,116646840,1,false
load,5476,115676468.841,115680830.032,116667296,1,false
load,5477,115696974.324,115701272.101,116687784,1,false
load,5478,115717427.747,115721747.240,116708212,1,false
load,5479,115737904.175,115742231.803,116728664,1,false
load,5480,115758394.057,115762744.941,116749136,1,false
load,5481,115778862.939,115783212.177,116769584,1,false
load,5482,115799365.085,115803667.449,116790064,1,false
load,5483,115819935.127,115824138.932,116810616,1,false
load,5484,115840297.563,115844676.958,116830964,1,false
load,5485,115860786.656,115865086.707,116851432,1,false
load,5486,115881235.652,115885583.626,116871860,1,false
load,5487,115901730.702,115906041.630,116892336,1,false
load,5488,115922195.022,115926537.992,116912780,1,false
load,5489,115942691.302,115947004.068,116933256,1,false
load,5490,115963174.194,115967502.204,116953720,1,false
load,5491,115983650.596,115987957.110,116974176,1,false
load,5492,116004114.273,116008445.820,116994616,1,false
load,5493,116024638.773,116028932.787,117015120,1,false
load,5494,116045085.235,116049393.235,117035552,1,false
load,5495,116065543.223,116069887.656,117056052,1,false
load,5496,116086038.480,116090352.412,117076464,1,false
load,5497,116106513.578,116110839.271,117096924,1,false
load,5498,116126991.455,116131319.502,117117376,1,false
load,5499,116147463.940,116151800.385,117137828,1,false
load,5500,116167952.970,116172306.285,117158296,1,false
load,5501,116188461.814,116192766.722,117178784,1,false
load,5502,116208915.789,116213268.735,117199220,1,false
load,5503,116229419.307,116233711.979,117219708,1,false
load,5504,116249848.701,116254189.793,117240112,1,false
load,5505,116270341.733,116274672.632,117260592,1,false
load,5506,116290788.407,116295142.976,117281016,1,false
load,5507,116311291.221,116315664.264,117301496,1,false
load,5508,116331799.378,116336113.518,117321984,1,false
load,5509,116352317.583,116356578.953,117342484,1,false
load,5510,116372736.358,116377085.076,117362880,1,false
load,5511,116393244.204,116397582.376,117383368,1,false
load,5512,116413739.634,116418048.239,117403848,1,false
load,5513,116434199.852,116438533.254,117424288,1,false
load,5514,116454689.707,116459000.862,117444756,1,false
load,5515,116475157.725,116479485.858,117465200,1,false
load,5516,116495640.037,116499960.071,117485664,1,false
load,5517,116516117.657,116520409.346,117506120,1,false
load,5518,116536566.311,116540916.268,117526588,1,false
load,5519,116557069.207,116561410.894,117547036,1,false
load,5520,116577565.023,116581890.097,117567548,1,false
load,5521,116598048.405,116602355.089,117587980,1,false
load,5522,116618505.497,116622839.574,117608428,1,false
load,5523,116638977.044,116643291.719,117628868,1,false
load,5524,116659438.001,116663796.020,117649308,1,false
load,5525,116679948.489,116684261.625,117669792,1,false
load,5526,116700415.273,116704756.863,117690236,1,false
load,5527,116720908.359,116725230.726,117710716,1,false
load,5528,116741390.949,116745701.702,117731176,1,false
load,5529,116761850.222,116766184.843,117751612,1,false
load,5530,116782365.779,116786676.879,117772116,1,false
load,5531,116802861.827,116807165.452,117792592,1,false
load,5532,116823331.974,116828890.978,117813040,1,false
load,5533,116846208.654,116848104.863,117835888,1,false
load,5534,116866218.207,116868605.399,117855884,1,false
load,5535,116886753.558,116889048.929,117876396,1,false
load,5536,116907170.095,116909539.412,117896792,1,false
load,5537,116927825.357,116930035.151,117917428,1,false
load,5538,116948179.340,116950496.410,117937764,1,false
load,5539,116968694.368,116970971.015,117958252,1,false
load,5540,116989088.464,116991463.440,117978632,1,false
load,5541,117009589.522,117011937.546,117999124,1,false
load,5542,117030104.960,117033885.939,118019608,1,false
load,5543,117051012.715,117052918.317,118040492,1,false
load,5544,117072072.025,117074768.033,118061532,1,false
load,5545,117092963.022,117097936.929,118082404,1,false
load,5546,117113091.836,117114318.125,118102524,1,false
load,5547,117133452.771,117134843.768,118122856,1,false
load,5548,117153999.858,117155277.729,118143384,1,false
load,5549,117174445.614,117175746.749,118163812,1,false
load,5550,117194874.722,117196232.630,118184216,1,false
load,5551,117215379.136,117216716.049,118204704,1,false
load,5552,117235859.245,117237225.873,118225164,1,false
load,5553,117256372.078,117258767.316,118245656,1,false
load,5554,117276932.252,117278196.515,118266196,1,false
load,5555,117297352.834,117298664.699,118286600,1,false
load,5556,117317926.044,117319137.028,118307152,1,false
load,5557,117338286.375,117339582.652,118327492,1,false
load,5558,117358714.349,117360456.731,118347900,1,false
load,5559,117379573.782,117384648.980,118368768,1,false
load,5560,117399909.267,117401048.634,118389048,1,false
load,5561,117420188.804,117421793.431,118409316,1,false
load,5562,117440991.015,117446766.447,118430096,1,false
load,5563,117461924.249,117466781.183,118451008,1,false
load,5564,117482940.945,117487532.151,118472000,1,false
load,5565,117503671.249,117507784.146,118492708,1,false
load,5566,117523942.594,117528778.609,118512968,1,false
load,5567,117544946.685,117548779.094,118533952,1,false
load,5568,117565932.747,117569776.048,118554916,1,false
load,5569,117586937.245,117591764.941,118575900,1,false
load,5570,117607868.799,117610779.581,118596812,1,false
load,5571,117627878.197,117630781.362,118616796,1,false
load,5572,117648015.276,117652403.864,118636920,1,false
load,5573,117669510.047,117671378.588,118658400,1,false
load,5574,117689540.018,117691830.725,118678468,1,false
load,5575,117709942.462,117712331.282,118698780,1,false
load,5576,117730445.000,117732783.310,118719264,1,false
load,5577,117750954.135,117753284.335,118739760,1,false
load,5578,117771436.666,117773795.134,118760216,1,false
load,5579,117791962.379,117794782.199,118780728,1,false
load,5580,117812931.459,117814776.987,118801672,1,false
load,5581,117833928.245,117835782.161,118822648,1,false
load,5582,117854929.296,117859776.982,118843632,1,false
load,5583,117875936.505,117880780.557,118864616,1,false
load,5584,117896935.226,117900774.477,118885596,1,false
load,5585,117917915.607,117921778.828,118906552,1,false
load,5586,117938930.984,117941770.699,118927552,1,false
load,5587,117959871.151,117962772.280,118948476,1,false
load,5588,117980929.549,117982773.218,118969512,1,false
load,5589,118001932.890,118003770.181,118990484,1,false
load,5590,118022931.862,118029769.082,119011468,1,false
load,5591,118043920.927,118048776.793,119032436,1,false
load,5592,118064935.746,118068768.412,119053432,1,false
load,5593,118085921.629,118089772.632,119074392,1,false
load,5594,118106949.678,118109792.474,119095404,1,false
load,5595,118127944.302,118130803.951,119116380,1,false
load,5596,118148962.823,118150781.514,119137376,1,false
load,5597,118169935.169,118171778.102,119158328,1,false
load,5598,118190929.015,118195774.672,119179304,1,false
load,5599,118211937.349,118216785.031,119200288,1,false
load,5600,118232939.942,118236778.618,119221272,1,false
load,5601,118253931.030,118257780.878,119242240,1,false
load,5602,118274931.406,118277790.354,119263228,1,false
load,5603,118295941.765,118298776.792,119284212,1,false
load,5604,118316931.140,118318777.256,119305184,1,false
load,5605,118337925.139,118339780.434,119326156,1,false
load,5606,118358939.500,118363778.461,119347152,1,false
load,5607,118379932.397,118384778.089,119368124,1,false
load,5608,118400921.890,118404776.574,119389096,1,false
load,5609,118421929.187,118425778.506,119410080,1,false
load,5610,118442929.832,118445781.028,119431056,1,false
load,5611,118463928.466,118466781.036,119452032,1,false
load,5612,118484934.811,118486777.460,119473016,1,false
load,5613,118505926.832,118511776.598,119493992,1,false
load,5614,118526928.098,118531782.217,119514972,1,false
load,5615,118547932.513,118552781.546,119535956,1,false
load,5616,118568926.504,118572777.346,119556932,1,false
load,5617,118589929.125,118593780.815,119577912,1,false
load,5618,118610925.963,118613774.460,119598888,1,false
load,5619,118631958.826,118634699.508,119619900,1,false
load,5620,118652853.407,118654778.756,119640780,1,false
load,5621,118672855.729,118675137.711,119660760,1,false
load,5622,118693287.681,118695776.412,119681164,1,false
load,5623,118713926.736,118716777.738,119701788,1,false
load,5624,118734926.025,118736780.508,119722768,1,false
load,5625,118755950.582,118761029.472,119743772,1,false
load,5626,118776186.060,118777779.701,119763992,1,false
load,5627,118796935.577,118802472.663,119784712,1,false
load,5628,118817627.912,118822778.397,119805392,1,false
load,5629,118837929.770,118842777.149,119825672,1,false
load,5630,118857942.073,118859962.988,119845664,1,false
load,5631,118878174.053,118879772.659,119865876,1,false
load,5632,118898921.354,118900771.215,119886600,1,false
load,5633,118919937.196,118924767.697,119907604,1,false
load,5634,118940922.210,118945794.232,119928568,1,false
load,5635,118961968.253,118965784.877,119949596,1,false
load,5636,118983637.882,118986784.440,119971232,1,false
load,5637,119003939.913,119006779.783,119991520,1,false
load,5638,119024929.123,119027776.751,120012484,1,false
load,5639,119045928.524,119047779.289,120033468,1,false
load,5640,119066928.950,119068781.700,120054448,1,false
load,5641,119087932.528,119092773.040,120075428,1,false
load,5642,119108928.313,119113776.157,120096400,1,false
load,5643,119129925.500,119133775.957,120117388,1,false
load,5644,119150926.469,119154780.598,120138364,1,false
load,5645,119171932.003,119174779.292,120159356,1,false
load,5646,119192926.974,119195774.451,120180328,1,false
load,5647,119213928.435,119215778.387,120201304,1,false
load,5648,119234927.699,119236776.240,120222280,1,false
load,5649,119255927.860,119260779.570,120243268,1,false
load,5650,119276930.818,119281780.363,120264244,1,false
load,5651,119297932.391,119301778.223,120285224,1,false
load,5652,119318930.358,119322782.178,120306204,1,false
load,5653,119339930.235,119342775.663,120327192,1,false
load,5654,119360926.087,119362993.987,120348156,1,false
load,5655,119381158.977,119383445.768,120368372,1,false
load,5656,119401591.623,119403898.007,120388788,1,false
load,5657,119422028.335,119424398.908,120409204,1,false
load,5658,119442545.162,119445320.244,120429752,1,false
load,5659,119463461.267,119465312.273,120450600,1,false
load,5660,119484431.431,119485822.284,120471544,1,false
load,5661,119504950.570,119506303.317,120492048,1,false
load,5662,119525462.323,119526790.422,120512540,1,false
load,5663,119545951.562,119547261.366,120533012,1,false
load,5664,119566397.501,119567741.191,120553432,1,false
load,5665,119586868.587,119588184.367,120573880,1,false
load,5666,119607310.982,119608710.030,120594304,1,false
load,5667,119627863.799,119629162.622,120614840,1,false
load,5668,119648304.701,119649668.151,120635256,1,false
load,5669,119668801.965,119670143.998,120655736,1,false
load,5670,119689306.214,119690665.884,120676224,1,false
load,5671,119709946.722,119711109.065,120696844,1,false
load,5672,119730262.096,119731560.010,120717136,1,false
load,5673,119750706.389,119752053.155,120737556,1,false
load,5674,119771175.316,119772532.956,120758004,1,false
load,5675,119791686.381,119792991.665,120778500,1,false
load,5676,119812156.149,119813489.169,120798952,1,false
load,5677,119832649.848,119833948.737,120819428,1,false
load,5678,119853097.451,119854437.411,120839848,1,false
load,5679,119873608.402,119874901.535,120860344,1,false
load,5680,119894027.396,119895384.839,120880744,1,false
load,5681,119915798.078,119920775.711,120902488,1,false
load,5682,119935930.007,119940462.480,120922604,1,false
load,5683,119956586.968,119960933.486,120943252,1,false
load,5684,119977094.684,119981786.885,120963728,1,false
load,5685,119997945.450,120002777.607,120984556,1,false
load,5686,120018928.539,120022777.159,121005524,1,false
load,5687,120039929.277,120043780.852,121026496,1,false
load,5688,120060930.998,120063787.338,121047484,1,false
load,5689,120081935.401,120084775.624,121068464,1,false
load,5690,120102923.100,120104776.725,121089432,1,false
load,5691,120123926.246,120128839.918,121110416,1,false
load,5692,120143949.873,120145227.458,121130416,1,false
load,5693,120164391.355,120165703.247,121150840,1,false
load,5694,120184858.546,120186175.525,121171288,1,false
load,5695,120205335.675,120206664.796,121191748,1,false
load,5696,120225801.163,120227173.902,121212192,1,false
load,5697,120246336.017,120247665.452,121232708,1,false
load,5698,120266796.128,120268093.963,121253152,1,false
load,5699,120287260.901,120288674.542,121273596,1,false
load,5700,120307796.552,120309090.890,121294112,1,false
load,5701,120328246.197,120329570.992,121314536,1,false
load,5702,120348753.974,120350031.788,121335024,1,false
load,5703,120369250.728,120370528.299,121355500,1,false
load,5704,120389691.887,120391006.537,121375924,1,false
load,5705,120410166.063,120411479.367,121396376,1,false
load,5706,120430659.328,120431957.590,121416852,1,false
load,5707,120451117.191,120452443.167,121437292,1,false
load,5708,120471598.950,120472923.138,121457748,1,false
load,5709,120492081.151,120493781.615,121478208,1,false
load,5710,120512940.853,120517996.093,121499052,1,false
load,5711,120533151.499,120534366.197,121519240,1,false
load,5712,120553519.936,120554828.493,121539664,1,false
load,5713,120574056.296,120575289.081,121560108,1,false
load,5714,120594449.270,120595785.203,121580484,1,false
load,5715,120615121.186,120616252.177,121601140,1,false
load,5716,120635412.371,120636746.555,121621404,1,false
load,5717,120655909.610,120657232.316,121641880,1,false
load,5718,120676384.613,120677685.642,121662340,1,false
load,5719,120705230.337,120706347.490,121691164,1,false
load,5720,120725502.029,120726841.246,121711412,1,false
load,5721,120746003.107,120747412.818,121731888,1,false
load,5722,120766575.136,120767822.687,121752452,1,false
load,5723,120786986.395,120788264.053,121772832,1,false
load,5724,120807431.065,120808786.169,121793256,1,false
load,5725,120827943.767,120829256.843,121813744,1,false
load,5726,120848414.228,120849724.319,121834196,1,false
load,5727,120868875.855,120870220.412,121854636,1,false
load,5728,120889387.338,120890654.162,121875128,1,false
load,5729,120909792.320,120911156.138,121895512,1,false
load,5730,120930319.612,120931664.029,121916028,1,false
load,5731,120950795.385,120952123.774,121936480,1,false
load,5732,120971291.617,120972659.286,121956952,1,false
load,5733,120992087.884,120997772.208,121977732,1,false
load,5734,121012925.919,121017768.719,121998556,1,false
load,5735,121033961.633,121038771.223,122019568,1,false
load,5736,121054915.950,121058772.897,122040500,1,false
load,5737,121075917.239,121079106.335,122061480,1,false
load,5738,121096268.902,121099564.326,122081816,1,false
load,5739,121116712.977,121120059.925,122102236,1,false
load,5740,121137208.883,121140782.469,122122716,1,false
load,5741,121157936.074,121161773.818,122143416,1,false
load,5742,121178925.949,121181771.551,122164384,1,false
load,5743,121199917.548,121202773.655,122185364,1,false
load,5744,121220920.648,121222771.759,122206344,1,false
load,5745,121241926.095,121247767.807,122227328,1,false
load,5746,121262910.460,121267774.458,122248288,1,false
load,5747,121283923.638,121288772.001,122269284,1,false
load,5748,121304960.156,121308775.270,122290304,1,false
load,5749,121325941.472,121329775.820,122311256,1,false
load,5750,121346942.551,121349782.355,122332240,1,false
load,5751,121367976.517,121370788.022,122353256,1,false
load,5752,121388946.139,121390776.614,122374200,1,false
load,5753,121409941.578,121415771.547,122395176,1,false
load,5754,121430917.708,121435772.133,122416144,1,false
load,5755,121451918.332,121456787.262,122437116,1,false
load,5756,121472937.210,121476772.327,122458124,1,false
load,5757,121493916.991,121497772.892,122479072,1,false
load,5758,121514923.567,121517791.192,122500056,1,false
load,5759,121535962.411,121538777.394,122521072,1,false
load,5760,121556928.995,121558777.544,122542024,1,false
load,5761,121577932.998,121583773.826,122563008,1,false
load,5762,121598965.568,121603778.791,122584012,1,false
load,5763,121619933.167,121624775.628,122604964,1,false
load,5764,121640926.079,121644776.538,122625936,1,false
load,5765,121661932.372,121665777.134,122646924,1,false
load,5766,121682931.046,121685774.980,122667900,1,false
load,5767,121703937.333,121705774.724,122688888,1,false
load,5768,121724926.455,121726774.081,122709856,1,false
load,5769,121745933.524,121750777.933,122730844,1,false
load,5770,121766933.949,121771775.368,122751820,1,false
load,5771,121787930.889,121791773.609,122772800,1,false
load,5772,121808926.638,121812775.766,122793772,1,false
load,5773,121829930.507,121832772.464,122814760,1,false
load,5774,121850924.929,121853775.687,122835736,1,false
load,5775,121871934.377,121873775.620,122856724,1,false
load,5776,121891944.979,121894229.054,122876716,1,false
load,5777,121912378.595,121914785.956,122897128,1,false
load,5778,121932936.882,121935777.436,122917664,1,false
load,5779,121953936.951,121955780.056,122938644,1,false
load,5780,121974939.211,121976784.300,122959624,1,false
load,5781,121995952.539,122001767.843,122980616,1,false
load,5782,122016928.761,122022775.296,123001572,1,false
load,5783,122037927.332,122041777.537,123022556,1,false
load,5784,122058932.927,122064768.637,123043540,1,false
load,5785,122079928.751,122082777.320,123064512,1,false
load,5786,122100930.514,122103779.712,123085496,1,false
load,5787,122121934.038,122124766.053,123106476,1,false
load,5788,122142870.943,122144779.679,123127392,1,false
load,5789,122163929.773,122168777.842,123148436,1,false
load,5790,122184928.441,122189779.163,123169412,1,false
load,5791,122205224.200,122209779.693,123189684,1,false
load,5792,122225933.382,122230782.342,123210380,1,false
load,5793,122246940.185,122250796.626,123231360,1,false
load,5794,122267015.621,122272768.352,123251420,1,false
load,5795,122354801.678,122357773.719,123339116,1,false
load,5796,122374938.179,122377777.696,123359240,1,false
load,5797,122395933.692,122398774.127,123380208,1,false
load,5798,122416928.816,122418777.756,123401184,1,false
load,5799,122437931.586,122442947.690,123422164,1,false
load,5800,122458063.408,122459376.014,123442276,1,false
load,5801,122478494.513,122479888.066,123462700,1,false
load,5802,122499000.019,122500338.464,123483172,1,false
load,5803,122519493.018,122520836.914,123503656,1,false
load,5804,122539986.260,122541309.718,123524124,1,false
load,5805,122560417.485,122561794.454,123544532,1,false
load,5806,122580916.170,122582268.729,123565012,1,false
load,5807,122601424.750,122602751.454,123585500,1,false
load,5808,122621912.156,122625766.309,123605964,1,false
load,5809,122642916.372,122647809.402,123626948,1,false
load,5810,122663957.538,122668252.731,123647972,1,false
load,5811,122684396.001,122688742.683,123668392,1,false
load,5812,122704860.746,122709221.167,123688836,1,false
load,5813,122725381.873,122729702.598,123709336,1,false
load,5814,122745857.033,122750180.598,123729792,1,false
load,5815,122766347.512,122770663.980,123750264,1,false
load,5816,122786796.018,122791127.262,123770696,1,false
load,5817,122807289.456,122811663.706,123791164,1,false
load,5818,122827795.120,122832088.013,123811644,1,false
load,5819,122848237.415,122852563.452,123832072,1,false
load,5820,122868680.287,122873052.361,123852492,1,false
load,5821,122889169.128,122893522.996,123872964,1,false
load,5822,122909672.033,122914030.085,123893448,1,false
load,5823,122930172.725,122934521.007,123913924,1,false
load,5824,122950675.599,122954955.959,123934408,1,false
load,5825,122971100.738,122975440.044,123954816,1,false
load,5826,122991589.582,122995947.139,123975284,1,false
load,5827,123012098.581,123016401.063,123995772,1,false
load,5828,123032538.407,123036880.512,124016240,1,false
load,5829,123053024.391,123057344.335,124036664,1,false
load,5830,123073478.196,123077841.305,124057092,1,false
load,5831,123093958.726,123098347.070,124077556,1,false
load,5832,123114470.484,123118824.615,124098044,1,false
load,5833,123134952.324,123139289.874,124118508,1,false
load,5834,123155437.398,123159778.117,124138972,1,false
load,5835,123175931.312,123180262.464,124159452,1,false
load,5836,123196415.436,123200727.479,124179908,1,false
load,5837,123216929.838,123221205.725,124200404,1,false
load,5838,123237341.203,123241699.808,124220796,1,false
load,5839,123257853.982,123262157.684,124241292,1,false
load,5840,123278282.085,123282666.654,124261704,1,false
load,5841,123298800.462,123303137.163,124282196,1,false
load,5842,123319292.923,123323652.396,124302668,1,false
load,5843,123339800.281,123344068.506,124323156,1,false
load,5844,123360216.311,123364554.272,124343552,1,false
load,5845,123380710.264,123385049.591,124364024,1,false
load,5846,123401200.776,123405525.292,124384504,1,false
load,5847,123421639.865,123425995.033,124404920,1,false
load,5848,123444803.214,123446796.573,124428064,1,false
load,5849,123465029.662,123466939.512,124448264,1,false
load,5850,123485042.638,123487421.984,124468260,1,false
load,5851,123505580.322,123507900.936,124488784,1,false
load,5852,123526060.520,123528414.895,124509232,1,false
load,5853,123546584.427,123548866.495,124529740,1,false
load,5854,123567014.238,123569332.686,124550152,1,false
load,5855,123587444.386,123589819.880,124570556,1,false
load,5856,123607945.997,123610296.929,124591040,1,false
load,5857,123628447.812,123630781.533,124611528,1,false
load,5858,123648934.085,123651252.192,124631988,1,false
load,5859,123669360.990,123671734.356,124652392,1,false
load,5860,123689864.017,123692768.066,124672880,1,false
load,5861,123710914.380,123712684.054,124693912,1,false
load,5862,123731854.555,123733192.470,124714824,1,false
load,5863,123752358.788,123753641.920,124735312,1,false
load,5864,123772779.273,123774106.329,124755716,1,false
load,5865,123793225.370,123794644.923,124776140,1,false
load,5866,123813794.560,123815104.514,124796684,1,false
load,5867,123834279.734,123835641.916,124817156,1,false
load,5868,123854798.256,123857767.753,124837652,1,false
load,5869,123874873.816,123876520.627,124857708,1,false
load,5870,123895659.443,123897043.535,124878480,1,false
load,5871,123916156.222,123917466.683,124898948,1,false
load,5872,123936592.799,123937945.951,124919368,1,false
load,5873,123957089.453,123958467.946,124939848,1,false
load,5874,123977591.105,123978945.403,124960332,1,false
load,5875,123998088.222,123999427.168,124980808,1,false
load,5876,124018587.014,124019939.074,125001284,1,false
load,5877,124039092.004,124040343.654,125021768,1,false
load,5878,124059499.287,124060850.863,125042160,1,false
load,5879,124080002.425,124081792.495,125062632,1,false
load,5880,124100948.989,124106778.209,125083568,1,false
load,5881,124121936.691,124126777.284,125104532,1,false
load,5882,124142932.252,124147779.206,125125504,1,false
load,5883,124163935.715,124167778.359,125146488,1,false
load,5884,124184929.580,124188781.201,125167468,1,false
load,5885,124205945.851,124208778.178,125188460,1,false
load,5886,124226932.638,124228776.061,125209420,1,false
load,5887,124247936.304,124249779.293,125230412,1,false
load,5888,124268939.261,124273951.361,125251392,1,false
load,5889,124289072.949,124290193.310,125271512,1,false
load,5890,124309366.696,124310698.225,125291780,1,false
load,5891,124329876.371,124333770.299,125312268,1,false
load,5892,124349901.967,124351756.894,125332272,1,false
load,5893,124370940.692,124372137.730,125353292,1,false
load,5894,124391306.430,124392650.903,125373636,1,false
load,5895,124411807.462,124413345.144,125394120,1,false
load,5896,124432489.966,124433562.616,125414796,1,false
load,5897,124452709.960,124454024.602,125434980,1,false
load,5898,124473818.290,124478648.707,125456072,1,false
load,5899,124494849.225,124499143.683,125477084,1,false
load,5900,124515322.572,124519638.717,125497536,1,false
load,5901,124535801.599,124540038.784,125517996,1,false
load,5902,124556157.049,124560545.060,125538332,1,false
load,5903,124576655.877,124580996.601,125558812,1,false
load,5904,124597158.241,124601766.486,125579292,1,false
load,5905,124617921.506,124621990.526,125600036,1,false
load,5906,124638130.297,124642476.090,125620232,1,false
load,5907,124658630.362,124662948.118,125640700,1,false
load,5908,124679085.379,124683421.046,125661140,1,false
load,5909,124699607.222,124703915.390,125681640,1,false
load,5910,124720074.500,124725776.386,125702096,1,false
load,5911,124740927.326,124744856.157,125722924,1,false
load,5912,124760965.098,124765596.464,125742932,1,false
load,5913,124781724.703,124788770.190,125763676,1,false
load,5914,124801939.173,124806771.535,125783868,1,false
load,5915,124822948.432,124826772.615,125804864,1,false
load,5916,124843930.883,124847621.764,125825820,1,false
load,5917,124864783.230,124867787.629,125846648,1,false
load,5918,124884947.964,124888793.675,125866808,1,false
load,5919,124905948.492,124908780.275,125887788,1,false
load,5920,124926932.130,124929777.020,125908744,1,false
load,5921,124947930.448,124951769.764,125929720,1,false
load,5922,124968941.071,124970782.591,125950708,1,false
load,5923,124989942.028,124994775.129,125971688,1,false
load,5924,125010937.128,125015776.568,125992672,1,false
load,5925,125031927.033,125035773.495,126013632,1,false
load,5926,125052932.417,125056777.396,126034616,1,false
load,5927,125073929.133,125076775.613,126055596,1,false
load,5928,125094936.566,125097776.100,126076584,1,false
load,5929,125115927.060,125117777.548,126097548,1,false
load,5930,125136935.331,125138776.274,126118544,1,false
load,5931,125157928.134,125162776.352,126139512,1,false
load,5932,125178928.439,125185772.241,126160492,1,false
load,5933,125199933.227,125203789.363,126181480,1,false
load,5934,125220945.131,125224787.127,126202480,1,false
load,5935,125241941.498,125245766.420,126223448,1,false
load,5936,125262877.457,125265777.046,126244364,1,false
load,5937,125283925.706,125285778.186,126265388,1,false
load,5938,125304938.911,125308767.454,126286380,1,false
load,5939,125325920.155,125330780.371,126307348,1,false
load,5940,125346929.966,125351780.611,126328332,1,false
load,5941,125367941.221,125371774.023,126349332,1,false
load,5942,125388927.250,125392780.642,126370292,1,false
load,5943,125409914.236,125412777.984,126391256,1,false
load,5944,125430926.584,125433780.553,126412240,1,false
load,5945,125451932.903,125453778.435,126433228,1,false
load,5946,125472928.140,125478390.550,126454208,1,false
load,5947,125493543.802,125498776.232,126474840,1,false
load,5948,125513928.914,125519778.816,126495164,1,false
load,5949,125534933.383,125539780.203,126516156,1,false
load,5950,125555930.511,125560781.358,126537128,1,false
load,5951,125576932.388,125580781.744,126558108,1,false
load,5952,125597964.964,125601780.632,126579120,1,false
load,5953,125618929.803,125621779.966,126600068,1,false
load,5954,125639932.958,125642777.180,126621052,1,false
load,5955,125660794.687,125662776.990,126641896,1,false
load,5956,125680926.245,125683776.734,126662000,1,false
load,5957,125701925.530,125703779.816,126682980,1,false
load,5958,125722932.601,125728778.082,126703972,1,false
load,5959,125743932.763,125748776.828,126724944,1,false
load,5960,125764985.995,125769822.389,126745972,1,false
load,5961,125785983.031,125789777.829,126766952,1,false
load,5962,125806930.441,125810778.371,126787880,1,false
load,5963,125827912.382,125830780.018,126808840,1,false
load,5964,125848929.015,125850777.054,126829840,1,false
load,5965,125869931.575,125871787.196,126850824,1,false
load,5966,125890935.204,125895777.041,126871812,1,false
load,5967,125911926.365,125916779.247,126892776,1,false
load,5968,125932929.331,125938772.322,126913756,1,false
load,5969,125953920.292,125957781.173,126934732,1,false
load,5970,125974932.457,125977777.397,126955720,1,false
load,5971,125995929.915,125998778.984,126976696,1,false
load,5972,126016929.990,126018777.415,126997672,1,false
load,5973,126037929.453,126039776.759,127018656,1,false
load,5974,126058935.839,126063776.067,127039640,1,false
load,5975,126079921.553,126084779.027,127060608,1,false
load,5976,126100935.460,126104777.912,127081596,1,false
load,5977,126121929.913,126125788.267,127102576,1,false
load,5978,126142935.381,126145780.273,127123564,1,false
load,5979,126163931.386,126166777.841,127144540,1,false
load,5980,126184930.658,126186777.095,127165516,1,false
load,5981,126205926.600,126207776.483,127186492,1,false
load,5982,126226925.811,126231777.615,127207472,1,false
load,5983,126247927.155,126252778.579,127228444,1,false
load,5984,126268930.931,126272780.790,127249436,1,false
load,5985,126289933.795,126293779.347,127270416,1,false
load,5986,126310931.940,126314770.531,127291392,1,false
load,5987,126331929.759,126334772.859,127312368,1,false
load,5988,126352925.441,126354770.852,127333344,1,false
load,5989,126373920.460,126375776.282,127354320,1,false
load,5990,126394928.601,126399772.499,127375312,1,false
load,5991,126415921.577,126420770.564,127396284,1,false
load,5992,126436922.912,126440770.562,127417268,1,false
load,5993,126457919.578,126461771.812,127438240,1,false
load,5994,126478921.312,126481777.450,127459216,1,false
load,5995,126498940.033,126502772.869,127479220,1,false
load,5996,126519927.331,126522773.864,127500184,1,false
load,5997,126540931.892,126543777.107,127521172,1,false
load,5998,126561940.771,126563771.704,127542164,1,false
load,5999,126582940.410,126588773.277,127563132,1,false
load,6000,126603937.911,126608773.471,127584108,1,false
load,6001,126624936.598,126629773.232,127605092,1,false
load,6002,126645959.762,126649776.928,127626076,1,false
load,6003,126666941.068,126670774.985,127647056,1,false
load,6004,126687937.639,126690773.812,127668028,1,false
load,6005,126708938.852,126711775.232,127689012,1,false
load,6006,126729946.186,126731363.704,127710004,1,false
load,6007,126750548.959,126751820.098,127730612,1,false
load,6008,126770979.818,126772300.522,127750992,1,false
load,6009,126791476.070,126792778.290,127771468,1,false
load,6010,126811945.741,126813259.429,127791920,1,false
load,6011,126832418.262,126833720.774,127812372,1,false
load,6012,126852852.128,126854196.357,127832792,1,false
load,6013,126873384.066,126874695.083,127853284,1,false
load,6014,126893863.691,126895151.485,127873764,1,false
load,6015,126914318.096,126915647.587,127894196,1,false
load,6016,126934793.712,126936118.871,127914648,1,false
load,6017,126955294.274,126956663.399,127935124,1,false
load,6018,126975801.411,126977085.885,127955616,1,false
load,6019,126996233.707,126997551.357,127976032,1,false
load,6020,127016699.485,127018011.956,127996472,1,false
load,6021,127037163.344,127038507.023,128016920,1,false
load,6022,127057665.072,127058986.448,128037400,1,false
load,6023,127078135.843,127079453.152,128057852,1,false
load,6024,127098613.682,127099947.105,128078312,1,false
load,6025,127119099.696,127120412.487,128098776,1,false
load,6026,127139564.791,127140904.108,128119232,1,false
load,6027,127160061.625,127161374.703,128139696,1,false
load,6028,127180532.122,127182790.749,128160192,1,false
load,6029,127200949.698,127202777.293,128180540,1,false
load,6030,127221962.300,127227776.956,128201532,1,false
load,6031,127242931.666,127247428.915,128222480,1,false
load,6032,127263577.489,127268775.658,128243108,1,false
load,6033,127283927.416,127288777.886,128263440,1,false
load,6034,127304966.798,127309815.256,128284460,1,false
load,6035,127325977.653,127329780.715,128305448,1,false
load,6036,127346949.368,127350530.284,128326404,1,false
load,6037,127367691.741,127370778.811,128347124,1,false
load,6038,127387956.599,127390779.449,128367368,1,false
load,6039,127408930.300,127411780.718,128388324,1,false
load,6040,127429938.684,127431784.636,128409312,1,false
load,6041,127450941.072,127452778.240,128430296,1,false
load,6042,127471941.244,127476774.799,128451280,1,false
load,6043,127492923.922,127497774.687,128472240,1,false
load,6044,127513925.620,127517774.807,128493212,1,false
load,6045,127534924.787,127538777.558,128514196,1,false
load,6046,127555928.869,127558700.804,128535176,1,false
load,6047,127575973.133,127579171.232,128555200,1,false
load,6048,127596328.274,127599642.340,128575536,1,false
load,6049,127616799.898,127620131.094,128595992,1,false
load,6050,127637286.080,127640658.956,128616464,1,false
load,6051,127657898.820,127661793.658,128637052,1,false
load,6052,127678952.864,127681777.023,128658080,1,false
load,6053,127699931.806,127702264.313,128679040,1,false
load,6054,127720423.573,127722777.954,128699504,1,false
load,6055,127740934.822,127743781.523,128720004,1,false
load,6056,127761942.617,127763784.049,128740992,1,false
load,6057,127782939.518,127788777.098,128761972,1,false
load,6058,127803927.055,127808776.883,128782932,1,false
load,6059,127824927.581,127829783.912,128803912,1,false
load,6060,127845942.261,127849782.115,128824916,1,false
load,6061,127866930.560,127870780.303,128845880,1,false
load,6062,127887933.933,127890778.376,128866864,1,false
load,6063,127908930.069,127911778.378,128887840,1,false
load,6064,127929934.361,127931778.363,128908820,1,false
load,6065,127950926.926,127956773.342,128929788,1,false
load,6066,127971928.066,127976778.026,128950772,1,false
load,6067,127992924.853,127997770.948,128971752,1,false
load,6068,128013984.397,128017771.671,128992784,1,false
load,6069,128034929.167,128038776.998,129013712,1,false
load,6070,128055926.104,128058769.560,129034688,1,false
load,6071,128076932.311,128079773.119,129055668,1,false
load,6072,128097936.992,128099769.477,129076656,1,false
load,6073,128118925.818,128124768.424,129097628,1,false
load,6074,128139930.813,128144770.254,129118608,1,false
load,6075,128160928.427,128165776.791,129139588,1,false
load,6076,128181938.311,128185456.513,129160584,1,false
load,6077,128202598.418,128206776.838,129181220,1,false
load,6078,128222931.230,128226775.451,129201532,1,false
load,6079,128243931.600,128246779.876,129222512,1,false
load,6080,128264937.472,128267776.143,129243504,1,false
load,6081,128285931.881,128287777.353,129264468,1,false
load,6082,128306932.629,128308774.416,129285448,1,false
load,6083,128327924.091,128332776.156,129306416,1,false
load,6084,128349060.347,128353777.123,129327540,1,false
load,6085,128369927.403,128373776.554,129348384,1,false
load,6086,128390924.277,128394782.357,129369364,1,false
load,6087,128411936.693,128414789.817,129390352,1,false
load,6088,128432942.435,128435783.192,129411336,1,false
load,6089,128453930.438,128455768.351,129432308,1,false
load,6090,128474871.658,128476788.798,129453228,1,false
load,6091,128494897.300,128496766.019,129473232,1,false
load,6092,128515917.917,128517776.594,129494232,1,false
load,6093,128536943.019,128541772.754,129515224,1,false
load,6094,128557931.501,128562778.129,129536208,1,false
load,6095,128578928.110,128582776.921,129557180,1,false
load,6096,128599931.037,128603779.594,129578160,1,false
load,6097,128620932.140,128623776.141,129599144,1,false
load,6098,128641930.483,128644782.396,129620120,1,false
load,6099,128662935.974,128664779.127,129641108,1,false
load,6100,128683930.398,128685640.525,129662080,1,false
load,6101,128704797.852,128709774.232,129682928,1,false
load,6102,128724929.810,128726068.640,129703040,1,false
load,6103,128745218.993,128746780.002,129723316,1,false
load,6104,128765937.996,128771218.795,129744008,1,false
load,6105,128786372.527,128787743.186,129764420,1,false
load,6106,128806857.261,128808386.237,129784888,1,false
load,6107,128827533.850,128832700.526,129805576,1,false
load,6108,128847850.017,128853548.426,129825844,1,false
load,6109,128868696.434,128873768.353,129846664,1,false
load,6110,128888902.085,128894176.293,129866856,1,false
load,6111,128909321.384,128914777.037,129887260,1,false
load,6112,128929942.570,128935223.705,129907852,1,false
load,6113,128950381.929,128955778.038,129928276,1,false
load,6114,128970949.367,128976076.486,129948824,1,false
load,6115,128991238.295,128996773.629,129969088,1,false
load,6116,129011928.403,129016775.227,129989764,1,false
load,6117,129032928.346,129037776.806,130010740,1,false
load,6118,129053930.063,129057774.560,130031724,1,false
load,6119,129074924.188,129078729.953,130052696,1,false
load,6120,129095851.151,129098778.356,130073596,1,false
load,6121,129115877.197,129119331.897,130093608,1,false
load,6122,129136482.502,129139774.638,130114196,1,false
load,6123,129156927.603,129160778.411,130134620,1,false
load,6124,129177927.585,129180779.442,130155596,1,false
load,6125,129198928.310,129201291.404,130176572,1,false
load,6126,129219440.520,129221775.028,130197080,1,false
load,6127,129239929.673,129242782.094,130217540,1,false
load,6128,129260937.882,129262771.237,130238528,1,false
load,6129,129281925.309,129283776.046,130259496,1,false
load,6130,129302925.133,129307684.967,130280472,1,false
load,6131,129323790.952,129328777.655,130301320,1,false
load,6132,129343924.223,129348773.640,130321436,1,false
load,6133,129364921.794,129369774.179,130342408,1,false
load,6134,129385918.498,129389785.318,130363380,1,false
load,6135,129406934.411,129409993.784,130384388,1,false
load,6136,129427144.284,129430445.379,130404576,1,false
load,6137,129447579.735,129450942.754,130424988,1,false
load,6138,129468106.524,129471446.806,130445492,1,false
load,6139,129488859.138,129493770.074,130466224,1,false
load,6140,129508868.675,129512393.264,130486212,1,false
load,6141,129529551.199,129532886.671,130506896,1,false
load,6142,129550090.544,129553362.156,130527392,1,false
load,6143,129570520.675,129575770.383,130547860,1,false
load,6144,129590951.669,129594794.630,130568216,1,false
load,6145,129611953.880,129614970.679,130589196,1,false
load,6146,129632100.060,129635969.166,130609324,1,false
load,6147,129653101.856,129655777.073,130630312,1,false
load,6148,129673935.867,129676248.135,130651128,1,false
load,6149,129694384.093,129696704.760,130671548,1,false
load,6150,129714858.149,129717795.234,130692004,1,false
load,6151,129734907.750,129737671.984,130712040,1,false
load,6152,129755796.847,129760403.998,130732904,1,false
load,6153,129778484.481,129782723.184,130755564,1,false
load,6154,129799193.218,129803211.934,130776256,1,false
load,6155,129819371.463,129823766.925,130796420,1,false
load,6156,129839928.279,129844769.091,130816952,1,false
load,6157,129860925.893,129864774.990,130837928,1,false
load,6158,129881935.313,129885774.197,130858928,1,false
load,6159,129902920.483,129906769.249,130879876,1,false
load,6160,129923927.450,129926775.481,130900868,1,false
load,6161,129944938.330,129946769.029,130921864,1,false
load,6162,129965937.629,129967772.059,130942848,1,false
load,6163,129986930.712,129993772.148,130963808,1,false
load,6164,130007928.295,130012775.591,130984792,1,false
load,6165,130028947.733,130032770.152,131005784,1,false
load,6166,130049924.972,130053779.926,131026744,1,false
load,6167,130070935.262,130073775.364,131047740,1,false
load,6168,130091927.448,130094777.922,131068708,1,false
load,6169,130112935.930,130114768.158,131089700,1,false
load,6170,130133923.559,130135767.880,131110664,1,false
load,6171,130154923.460,130161773.363,131131644,1,false
load,6172,130175936.316,130180772.198,131152640,1,false
load,6173,130196937.550,130200771.445,131173616,1,false
load,6174,130217926.855,130222784.767,131194584,1,false
load,6175,130238942.985,130242773.843,131215576,1,false
load,6176,130259930.986,130263043.234,131236548,1,false
load,6177,130280205.831,130283772.873,131256800,1,false
load,6178,130300935.693,130303929.478,131277516,1,false
load,6179,130321089.640,130323957.045,131297644,1,false
load,6180,130342128.242,130344780.008,131318656,1,false
load,6181,130362957.171,130365774.244,131339472,1,false
load,6182,130383960.813,130390449.273,131360460,1,false
load,6183,130404642.760,130410793.819,131381120,1,false
load,6184,130424920.892,130431781.776,131401380,1,false
load,6185,130445944.402,130450784.816,131422380,1,false
load,6186,130466946.637,130471771.924,131443356,1,false
load,6187,130487927.885,130492769.960,131464320,1,false
load,6188,130508945.423,130512101.584,131485316,1,false
load,6189,130529227.004,130532778.427,131505580,1,false
load,6190,130549930.216,130552776.503,131526264,1,false
load,6191,130570925.463,130573808.846,131547236,1,false
load,6192,130591943.466,130593791.936,131568236,1,false
load,6193,130612952.042,130614783.097,131589224,1,false
load,6194,130633929.428,130639765.148,131610184,1,false
load,6195,130654943.837,130659778.138,131631176,1,false
load,6196,130675930.000,130679778.798,131652140,1,false
load,6197,130696938.583,130700743.616,131673124,1,false
load,6198,130717889.770,130720785.941,131694060,1,false
load,6199,130738940.791,130741785.267,131715096,1,false
load,6200,130759948.835,130761776.859,131736080,1,false
load,6201,130780935.655,130782776.207,131757048,1,false
load,6202,130801937.532,130806653.406,131778028,1,false
load,6203,130822795.823,130827145.227,131798864,1,false
load,6204,130843299.901,130847634.664,131819344,1,false
load,6205,130863789.001,130868118.280,131839812,1,false
load,6206,130884273.433,130888634.081,131860276,1,false
load,6207,130904795.328,130909101.662,131880784,1,false
load,6208,130925245.160,130929531.361,131901216,1,false
load,6209,130945688.394,130950015.631,131921632,1,false
load,6210,130966172.572,130970497.914,131942104,1,false
load,6211,130986656.880,130990978.426,131962564,1,false
load,6212,131007145.479,131011455.336,131983028,1,false
load,6213,131027607.448,131031928.616,132003480,1,false
load,6214,131048090.578,131052443.650,132023940,1,false
load,6215,131068635.663,131072894.143,132044464,1,false
load,6216,131089019.143,131093385.209,132064824,1,false
load,6217,131109585.365,131115770.754,132085368,1,false
load,6218,131129928.761,131136771.912,132105696,1,false
load,6219,131150929.702,131154839.393,132126684,1,false
load,6220,131171944.906,131175285.300,132147668,1,false
load,6221,131192441.516,131196772.214,132168156,1,false
load,6222,131212928.570,131216238.228,132188612,1,false
load,6223,131233360.071,131236796.282,132209032,1,false
load,6224,131253947.792,131257776.125,132229600,1,false
load,6225,131274928.583,131277777.457,132250552,1,false
load,6226,131295945.205,131298789.822,132271556,1,false
load,6227,131316944.110,131318774.304,132292528,1,false
load,6228,131337931.160,131339776.948,132313500,1,false
load,6229,131358937.841,131363688.866,132334484,1,false
load,6230,131380057.586,131384780.560,132355588,1,false
load,6231,131401069.891,131404672.066,132376572,1,false
load,6232,131421794.330,131425134.140,132397276,1,false
load,6233,131442295.888,131445626.899,132417764,1,false
load,6234,131462787.882,131466101.045,132438232,1,false
load,6235,131483218.651,131486620.858,132458640,1,false
load,6236,131503785.916,131507059.602,132479192,1,false
load,6237,131524212.621,131529772.679,132499600,1,false
load,6238,131544924.729,131548019.586,132520284,1,false
load,6239,131565142.405,131568502.704,132540484,1,false
load,6240,131585642.905,131588979.683,132560968,1,false
load,6241,131606142.940,131609457.942,132581448,1,false
load,6242,131626572.329,131629919.224,132601864,1,false
load,6243,131647077.759,131650796.710,132622352,1,false
load,6244,131667962.697,131670898.662,132643208,1,false
load,6245,131705850.117,131709785.205,132681056,1,false
load,6246,131725905.395,131728775.106,132701092,1,false
load,6247,131746947.450,131748778.430,132722116,1,false
load,6248,131767956.469,131770776.599,132743104,1,false
load,6249,131788946.750,131793784.326,132764072,1,false
load,6250,131809949.220,131814780.742,132785060,1,false
load,6251,131830929.802,131834775.612,132806024,1,false
load,6252,131851925.680,131855784.346,132826992,1,false
load,6253,131872934.913,131875776.168,132847976,1,false
load,6254,131893924.148,131896778.175,132868948,1,false
load,6255,131914927.602,131916778.029,132889932,1,false
load,6256,131935927.002,131937777.368,132910912,1,false
load,6257,131956930.492,131961687.539,132931900,1,false
load,6258,131977858.029,131982152.208,132952800,1,false
load,6259,131998321.220,132002677.881,132973244,1,false
load,6260,132018809.554,132023109.479,132993708,1,false
load,6261,132039269.140,132043637.565,133014152,1,false
load,6262,132059795.201,132064097.865,133034656,1,false
load,6263,132080248.252,132085902.080,133055096,1,false
load,6264,132101060.167,132105061.176,133075888,1,false
load,6265,132121207.792,132125533.933,133096016,1,false
load,6266,132141689.004,132146029.896,133116480,1,false
load,6267,132162184.439,132166478.403,133136948,1,false
load,6268,132182628.519,132186972.792,133157368,1,false
load,6269,132203126.347,132207449.138,133177848,1,false
load,6270,132223600.311,132227935.752,133198304,1,false
load,6271,132244095.645,132248414.791,133218780,1,false
load,6272,132264571.140,132268893.012,133239236,1,false
load,6273,132285042.847,132289351.463,133259688,1,false
load,6274,132305510.908,132309843.220,133280184,1,false
load,6275,132325991.767,132330554.392,133300592,1,false
load,6276,132346708.949,132350786.732,133321292,1,false
load,6277,132366946.886,132371281.046,133341512,1,false
load,6278,132387431.551,132391746.603,133361976,1,false
load,6279,132407912.535,132412227.924,133382440,1,false
load,6280,132428379.007,132432712.482,133402880,1,false
load,6281,132448853.656,132453787.964,133423340,1,false
load,6282,132468898.994,132473772.502,133443360,1,false
load,6283,132489921.287,132494168.945,133464364,1,false
load,6284,132510324.587,132514785.177,133484744,1,false
load,6285,132530941.005,132535778.273,133505348,1,false
load,6286,132551933.956,132555779.781,133526312,1,false
load,6287,132572932.153,132576782.372,133547296,1,false
load,6288,132593991.921,132596777.115,133568332,1,false
load,6289,132614929.097,132617780.141,133589260,1,false
load,6290,132635938.594,132637772.583,133610236,1,false
load,6291,132656929.101,132658006.570,133631212,1,false
load,6292,132677155.716,132678775.831,133651416,1,false
load,6293,132697926.777,132703780.803,133672168,1,false
load,6294,132718934.357,132723749.833,133693156,1,false
load,6295,132739904.524,132744778.015,133714100,1,false
load,6296,132760933.002,132764783.329,133735112,1,false
load,6297,132781951.867,132785409.736,133756108,1,false
load,6298,132802561.842,132805774.084,133776700,1,false
load,6299,132822934.017,132826798.544,133797048,1,false
load,6300,132843955.318,132846778.363,133818056,1,false
load,6301,132864929.381,132867778.008,133839012,1,false
load,6302,132885924.826,132887778.688,133859988,1,false
load,6303,132906930.374,132912773.917,133880968,1,false
load,6304,132927934.034,132932777.316,133901952,1,false
load,6305,132948923.105,132953778.879,133922912,1,false
load,6306,132969779.513,132973783.852,133943756,1,false
load,6307,132989937.491,132994780.418,133963892,1,false
load,6308,133010927.807,133014776.371,133984864,1,false
load,6309,133031926.928,133035778.738,134005844,1,false
load,6310,133052925.676,133055784.078,134026824,1,false
load,6311,133073935.420,133075775.247,134047812,1,false
load,6312,133094922.713,133096774.856,134068776,1,false
load,6313,133115932.503,133121778.404,134089768,1,false
load,6314,133136930.089,133141779.117,134110740,1,false
load,6315,133157926.777,133161778.492,134131728,1,false
load,6316,133178925.591,133182775.158,134152704,1,false
load,6317,133199921.509,133202781.707,134173672,1,false
load,6318,133220928.195,133223771.303,134194664,1,false
load,6319,133241920.358,133243772.054,134215628,1,false
load,6320,133262919.918,133264768.673,134236604,1,false
load,6321,133283918.470,133288781.444,134257588,1,false
load,6322,133304957.795,133309797.929,134278612,1,false
load,6323,133325935.917,133329779.402,134299568,1,false
load,6324,133346935.090,133350779.044,134320544,1,false
load,6325,133367943.241,133370786.627,134341528,1,false
load,6326,133388965.720,133391780.463,134362532,1,false
load,6327,133409941.666,133411778.278,134383492,1,false
load,6328,133430935.734,133432358.190,134404460,1,false
load,6329,133451510.526,133456773.167,134425068,1,false
load,6330,133471920.303,133473774.659,134445404,1,false
load,6331,133492929.680,133497772.660,134466400,1,false
load,6332,133513921.475,133518778.586,134487368,1,false
load,6333,133534923.795,133538777.459,134508352,1,false
load,6334,133555926.969,133559776.658,134529340,1,false
load,6335,133576924.624,133579780.298,134550312,1,false
load,6336,133597959.023,133600777.449,134571328,1,false
load,6337,133618930.602,133620775.822,134592276,1,false
load,6338,133639924.585,133641779.065,134613252,1,false
load,6339,133660927.352,133665779.515,134634228,1,false
load,6340,133681924.444,133686776.810,134655212,1,false
load,6341,133702925.627,133707776.313,134676192,1,false
load,6342,133723926.117,133727779.569,134697168,1,false
load,6343,133744928.626,133747780.899,134718152,1,false
load,6344,133765931.482,133768781.236,134739128,1,false
load,6345,133786929.974,133788776.045,134760104,1,false
load,6346,133807920.772,133813776.347,134781080,1,false
load,6347,133828924.413,133833779.040,134802072,1,false
load,6348,133849928.384,133854782.365,134823044,1,false
load,6349,133870987.458,133874779.966,134844088,1,false
load,6350,133891928.153,133895775.268,134865004,1,false
load,6351,133912923.046,133915777.833,134885988,1,false
load,6352,133933922.438,133936778.657,134906968,1,false
load,6353,133954927.265,133956803.137,134927944,1,false
load,6354,133975954.955,133981774.947,134948948,1,false
load,6355,133996921.118,134001776.315,134969896,1,false
load,6356,134017934.236,134022780.872,134990888,1,false
load,6357,134038793.564,134042775.677,135011732,1,false
load,6358,134058926.875,134063783.235,135031840,1,false
load,6359,134079929.183,134083777.304,135052824,1,false
load,6360,134100922.458,134104778.192,135073808,1,false
load,6361,134120931.815,134124780.638,135093788,1,false
load,6362,134141926.783,134144776.203,135114768,1,false
load,6363,134162928.401,134165778.395,135135744,1,false
load,6364,134183929.374,134185777.211,135156720,1,false
load,6365,134204926.439,134206779.458,135177696,1,false
load,6366,134225928.198,134230775.985,135198684,1,false
load,6367,134246925.033,134251776.131,135219660,1,false
load,6368,134267921.025,134271785.008,135240636,1,false
load,6369,134288934.567,134292779.417,135261632,1,false
load,6370,134309935.420,134312778.715,135282604,1,false
load,6371,134330926.596,134334769.393,135303580,1,false
load,6372,134351915.855,134353775.793,135324544,1,false
load,6373,134372923.098,134374775.674,135345536,1,false
load,6374,134393925.205,134398778.502,135366516,1,false
load,6375,134414940.829,134419775.971,135387508,1,false
load,6376,134435927.880,134439776.752,135408476,1,false
load,6377,134456937.303,134460775.128,135429460,1,false
load,6378,134477929.075,134480779.862,135450436,1,false
load,6379,134498934.827,134501775.998,135471416,1,false
load,6380,134519926.508,134521774.790,135492396,1,false
load,6381,134540919.998,134542776.716,135513376,1,false
load,6382,134561925.252,134566778.837,135534356,1,false
load,6383,134582927.345,134587776.826,135555332,1,false
load,6384,134603925.980,134607778.233,135576316,1,false
load,6385,134624931.745,134628778.229,135597292,1,false
load,6386,134645927.256,134648776.485,135618272,1,false
load,6387,134666927.097,134669779.711,135639252,1,false
load,6388,134687796.533,134689777.916,135660100,1,false
load,6389,134707931.206,134710776.982,135680212,1,false
load,6390,134728922.929,134730783.570,135701192,1,false
load,6391,134749945.613,134755776.136,135722188,1,false
load,6392,134770934.642,134775779.891,135743156,1,false
load,6393,134791931.324,134796781.542,135764132,1,false
load,6394,134812932.812,134816778.557,135785116,1,false
load,6395,134833928.392,134837776.952,135806084,1,false
load,6396,134854937.899,134857782.181,135827076,1,false
load,6397,134875936.920,134878774.730,135848060,1,false
load,6398,134896922.290,134898775.078,135869028,1,false
load,6399,134917921.134,134923780.311,135890004,1,false
load,6400,134938931.077,134943783.381,135910992,1,false
load,6401,134959946.472,134964782.389,135931988,1,false
load,6402,134980937.085,134986773.067,135952960,1,false
load,6403,135001904.283,135005790.946,135973904,1,false
load,6404,135022940.546,135025777.390,135994916,1,false
load,6405,135043925.173,135046777.222,136015884,1,false
load,6406,135064926.653,135066776.439,136036864,1,false
load,6407,135085926.882,135091775.565,136057840,1,false
load,6408,135106925.202,135111780.732,136078824,1,false
load,6409,135127930.092,135132778.379,136099804,1,false
load,6410,135148928.726,135152777.706,136120784,1,false
load,6411,135169931.773,135173778.506,136141764,1,false
load,6412,135190925.070,135193775.004,136162736,1,false
load,6413,135211926.430,135214781.346,136183720,1,false
load,6414,135232930.597,135234777.803,136204700,1,false
load,6415,135253923.521,135259776.470,136225680,1,false
load,6416,135274928.742,135279779.739,136246660,1,false
load,6417,135295932.408,135300777.956,136267644,1,false
load,6418,135316930.206,135320777.609,136288620,1,false
load,6419,135337999.776,135340779.240,136309656,1,false
load,6420,135359030.353,135362772.860,136330672,1,false
load,6421,135379930.204,135382769.762,136351556,1,false
load,6422,135400924.344,135402852.003,136372532,1,false
load,6423,135420949.958,135423771.848,136392544,1,false
load,6424,135441926.061,135444772.065,136413492,1,false
load,6425,135462921.100,135467945.194,136434468,1,false
load,6426,135483095.225,135489771.485,136454628,1,false
load,6427,135503929.258,135509767.951,136475432,1,false
load,6428,135524919.809,135531349.972,136496412,1,false
load,6429,135545503.112,135549964.840,136517020,1,false
load,6430,135565654.915,135570107.544,136537108,1,false
load,6431,135586282.666,135590613.390,136557704,1,false
load,6432,135606773.792,135611081.408,136578184,1,false
load,6433,135627238.775,135631651.230,136598620,1,false
load,6434,135647851.735,135652547.782,136619220,1,false
load,6435,135668704.057,135672770.843,136640052,1,false
load,6436,135688923.630,135693771.350,136660248,1,false
load,6437,135709931.424,135713486.845,136681240,1,false
load,6438,135730642.348,135734607.084,136701928,1,false
load,6439,135750711.920,135754769.324,136721980,1,false
load,6440,135770955.638,135776778.443,136742208,1,false
load,6441,135791932.809,135796771.588,136763156,1,false
load,6442,135812931.281,135817770.122,136784136,1,false
load,6443,135833925.528,135837775.289,136805108,1,false
load,6444,135854932.031,135858769.856,136826100,1,false
load,6445,135875921.886,135878769.113,136847064,1,false
load,6446,135896925.053,135903773.192,136868048,1,false
load,6447,135917923.886,135923770.864,136889028,1,false
load,6448,135938934.174,135944770.449,136910020,1,false
load,6449,135959924.422,135964773.330,136930984,1,false
load,6450,135980936.419,135985167.384,136951976,1,false
load,6451,136001288.061,136005774.246,136972316,1,false
load,6452,136021921.496,136024770.016,136992928,1,false
load,6453,136042927.655,136045769.132,137013908,1,false
load,6454,136063917.399,136065772.148,137034880,1,false
load,6455,136084926.495,136086769.536,137055868,1,false
load,6456,136105919.035,136110766.982,137076844,1,false
load,6457,136126872.666,136131770.122,137097776,1,false
load,6458,136147928.975,136151770.527,137118808,1,false
load,6459,136168933.241,136172781.816,137139788,1,false
load,6460,136189945.682,136192780.150,137160788,1,false
load,6461,136210934.841,136213773.098,137181756,1,false
load,6462,136231930.881,136233775.174,137202724,1,false
load,6463,136252930.142,136254770.679,137223704,1,false
load,6464,136273925.656,136278772.095,137244688,1,false
load,6465,136294928.016,136299777.695,137265664,1,false
load,6466,136315946.323,136319676.390,137286672,1,false
load,6467,136336800.036,136340131.304,137307496,1,false
load,6468,136357292.145,136360803.633,137327972,1,false
load,6469,136377974.456,136381781.278,137348632,1,false
load,6470,136398937.352,136401778.691,137369572,1,false
load,6471,136419937.446,136422779.435,137390552,1,false
load,6472,136440929.927,136442780.892,137411528,1,false
load,6473,136461937.003,136463774.369,137432508,1,false
load,6474,136482926.896,136487782.275,137453484,1,false
load,6475,136503939.585,136508775.494,137474468,1,false
load,6476,136524933.553,136528777.218,137495444,1,false
load,6477,136545933.833,136549775.673,137516428,1,false
load,6478,136566927.197,136569782.271,137537400,1,false
load,6479,136587932.652,136590779.311,137558380,1,false
load,6480,136608929.671,136610773.545,137579364,1,false
load,6481,136629932.498,136635771.707,137600348,1,false
load,6482,136650927.185,136655774.586,137621316,1,false
load,6483,136671925.228,136676789.802,137642296,1,false
load,6484,136692949.182,136696775.404,137663300,1,false
load,6485,136713924.405,136717205.092,137684260,1,false
load,6486,136734355.524,136737774.812,137704672,1,false
load,6487,136754928.784,136758773.400,137725216,1,false
load,6488,136775932.810,136778778.495,137746200,1,false
load,6489,136796928.046,136799776.837,137767176,1,false
load,6490,136817927.442,136819773.907,137788156,1,false
load,6491,136838915.785,136844773.840,137809132,1,false
load,6492,136859922.077,136864778.033,137830112,1,false
load,6493,136880928.395,136884874.201,137851096,1,false
load,6494,136901813.082,136905358.579,137871960,1,false
load,6495,136922517.614,136925843.876,137892672,1,false
load,6496,136943024.069,136946296.734,137913124,1,false
load,6497,136964238.257,136966793.619,137934320,1,false
load,6498,136984950.422,136987270.997,137955012,1,false
load,6499,137005428.632,137007736.357,137975468,1,false
load,6500,137025855.247,137028216.842,137995880,1,false
load,6501,137046364.392,137048666.820,138016368,1,false
load,6502,137066797.846,137069192.569,138036784,1,false
load,6503,137087350.061,137089781.910,138057316,1,false
load,6504,137107933.249,137110775.135,138077880,1,false
load,6505,137128922.266,137130774.366,138098848,1,false
load,6506,137149795.188,137151777.299,138119696,1,false
load,6507,137169999.623,137171772.211,138139888,1,false
load,6508,137190920.413,137192774.614,138160788,1,false
load,6509,137211925.255,137216773.002,138181772,1,false
load,6510,137232923.236,137237772.317,138202748,1,false
load,6511,137253926.857,137257774.872,138223728,1,false
load,6512,137274927.674,137278777.335,138244708,1,false
load,6513,137295927.708,137298771.864,138265692,1,false
load,6514,137316924.193,137319772.865,138286664,1,false
load,6515,137337922.580,137339774.098,138307648,1,false
load,6516,137358928.280,137360775.749,138328624,1,false
load,6517,137379939.369,137384776.848,138349624,1,false
load,6518,137400932.091,137405775.273,138370592,1,false
load,6519,137421927.091,137425772.522,138391576,1,false
load,6520,137442918.690,137449772.918,138412544,1,false
load,6521,137463921.211,137466774.818,138433520,1,false
load,6522,137484927.157,137487775.037,138454504,1,false
load,6523,137505922.393,137507776.185,138475480,1,false
load,6524,137526929.171,137532773.715,138496464,1,false
load,6525,137547928.840,137552777.329,138517440,1,false
load,6526,137568921.723,137573779.333,138538416,1,false
load,6527,137589932.778,137593773.044,138559412,1,false
load,6528,137610922.383,137614775.060,138580372,1,false
load,6529,137631919.710,137634772.764,138601360,1,false
load,6530,137652924.020,137655778.303,138622336,1,false
load,6531,137673925.391,137675772.888,138643320,1,false
load,6532,137694924.108,137700602.262,138664300,1,false
load,6533,137715763.278,137720778.377,138685112,1,false
load,6534,137735927.809,137741773.100,138705256,1,false
load,6535,137756944.842,137761773.280,138726256,1,false
load,6536,137777928.493,137782459.610,138747224,1,false
load,6537,137798607.336,137802663.608,138767880,1,false
load,6538,137818798.597,137823777.457,138788056,1,false
load,6539,137838925.785,137843775.245,138808160,1,false
load,6540,137859924.080,137864780.259,138829140,1,false
load,6541,137880932.279,137884772.873,138850128,1,false
load,6542,137901930.529,137904776.124,138871100,1,false
load,6543,137922927.599,137925774.294,138892084,1,false
load,6544,137943925.732,137945772.930,138913060,1,false
load,6545,137964926.617,137966776.459,138934040,1,false
load,6546,137985926.001,137990771.344,138955016,1,false
load,6547,138006920.014,138011774.590,138975988,1,false
load,6548,138027920.653,138031774.750,138996972,1,false
load,6549,138048922.058,138052775.084,139017948,1,false
load,6550,138069926.101,138072773.999,139038932,1,false
load,6551,138090919.531,138093786.046,139059904,1,false
load,6552,138111935.032,138113777.908,139080904,1,false
load,6553,138132926.279,138134133.505,139101868,1,false
load,6554,138153328.850,138154602.834,139122256,1,false
load,6555,138173888.500,138175044.019,139142792,1,false
load,6556,138194206.321,138195517.049,139163088,1,false
load,6557,138214670.670,138216022.928,139183536,1,false
load,6558,138235183.424,138236478.369,139204028,1,false
load,6559,138255637.500,138256946.224,139224460,1,false
load,6560,138276142.896,138277492.266,139244948,1,false
load,6561,138296666.831,138297908.534,139265456,1,false
load,6562,138317078.329,138318456.190,139285852,1,false
load,6563,138337615.564,138338863.464,139306368,1,false
load,6564,138358024.684,138359375.968,139326748,1,false
load,6565,138378538.138,138379829.830,139347252,1,false
load,6566,138398996.528,138400785.048,139367688,1,false
load,6567,138419796.130,138425771.383,139388460,1,false
load,6568,138439919.478,138441772.933,139408568,1,false
load,6569,138460922.965,138466775.138,139429552,1,false
load,6570,138481931.748,138486774.413,139450536,1,false
load,6571,138502922.484,138507775.657,139471512,1,false
load,6572,138523927.267,138527777.212,139492496,1,false
load,6573,138544931.210,138548780.714,139513480,1,false
load,6574,138565928.545,138568775.962,139534452,1,false
load,6575,138586929.227,138588774.440,139555436,1,false
load,6576,138607945.277,138609777.542,139576432,1,false
load,6577,138628931.183,138633775.880,139597400,1,false
load,6578,138649929.669,138654789.252,139618372,1,false
load,6579,138670944.098,138674776.682,139639368,1,false
load,6580,138691996.837,138696767.642,139660396,1,false
load,6581,138712923.502,138715775.294,139681308,1,false
load,6582,138733926.828,138736775.602,139702296,1,false
load,6583,138754924.357,138756777.453,139723264,1,false
load,6584,138775935.220,138777774.367,139744256,1,false
load,6585,138796927.817,138801770.772,139765228,1,false
load,6586,138817918.225,138822773.846,139786196,1,false
load,6587,138838919.382,138842776.402,139807176,1,false
load,6588,138859925.533,138863775.698,139828168,1,false
load,6589,138880925.993,138883772.438,139849148,1,false
load,6590,138901927.106,138904775.112,139870124,1,false
load,6591,138922923.134,138924773.594,139891108,1,false
load,6592,138943921.775,138945776.102,139912080,1,false
load,6593,138964949.238,138969775.305,139933088,1,false
load,6594,138985929.688,138990772.670,139954048,1,false
load,6595,139006925.434,139010772.051,139975024,1,false
load,6596,139027916.914,139031774.073,139995996,1,false
load,6597,139048926.299,139053768.073,140016984,1,false
load,6598,139069920.111,139072774.808,140037952,1,false
load,6599,139090904.454,139092772.563,140058916,1,false
load,6600,139111923.004,139113776.678,140079912,1,false
load,6601,139132924.443,139137774.368,140100900,1,false
load,6602,139153918.255,139158776.935,140121872,1,false
load,6603,139174925.187,139178773.505,140142860,1,false
load,6604,139195921.328,139199775.948,140163832,1,false
load,6605,139216920.715,139219778.074,140184816,1,false
load,6606,139237926.195,139240774.867,140205792,1,false
load,6607,139258921.197,139260778.262,140226768,1,false
load,6608,139279930.173,139285770.130,140247760,1,false
load,6609,139300918.629,139305782.218,140268732,1,false
load,6610,139321957.888,139326783.314,140289744,1,false
load,6611,139342959.029,139346781.817,140310732,1,false
load,6612,139363961.167,139367801.536,140331708,1,false
load,6613,139384964.540,139387777.779,140352692,1,false
load,6614,139405932.344,139408775.609,140373640,1,false
load,6615,139426931.735,139428777.109,140394616,1,false
load,6616,139447942.982,139453772.087,140415608,1,false
load,6617,139468922.169,139473777.971,140436568,1,false
load,6618,139489927.990,139494772.675,140457560,1,false
load,6619,139510921.225,139514776.248,140478524,1,false
load,6620,139531931.672,139535775.536,140499520,1,false
load,6621,139552919.670,139555773.260,140520488,1,false
load,6622,139573929.269,139576773.567,140541472,1,false
load,6623,139594920.960,139596773.911,140562452,1,false
load,6624,139615923.405,139621772.871,140583424,1,false
load,6625,139636925.748,139641772.363,140604404,1,false
load,6626,139657919.238,139662779.311,140625376,1,false
load,6627,139678923.151,139682771.787,140646360,1,false
load,6628,139699920.999,139703774.167,140667344,1,false
load,6629,139720924.082,139723773.001,140688324,1,false
load,6630,139741919.135,139743771.501,140709304,1,false
load,6631,139762919.460,139764774.930,140730276,1,false
load,6632,139783933.191,139788770.714,140751268,1,false
load,6633,139804922.423,139809776.262,140772240,1,false
load,6634,139825926.493,139829778.222,140793224,1,false
load,6635,139846940.537,139850778.454,140814224,1,false
load,6636,139867932.249,139870777.475,140835192,1,false
load,6637,139888924.814,139891774.726,140856160,1,false
load,6638,139909926.795,139911774.075,140877144,1,false
load,6639,139930924.992,139932774.242,140898120,1,false
load,6640,139951922.112,139956781.728,140919096,1,false
load,6641,139972941.008,139977787.453,140940096,1,false
load,6642,139993953.774,139997787.462,140961092,1,false
load,6643,140014941.091,140018772.927,140982056,1,false
load,6644,140035930.974,140038772.266,141003024,1,false
load,6645,140056919.710,140059781.028,141023992,1,false
load,6646,140077932.422,140079780.677,141044984,1,false
load,6647,140098913.644,140100775.464,141065948,1,false
load,6648,140119927.102,140124772.614,141086940,1,false
load,6649,140140917.769,140145777.798,141107912,1,false
load,6650,140161926.564,140165771.739,141128896,1,false
load,6651,140182921.429,140186773.633,141149876,1,false
load,6652,140203922.046,140206775.754,141170856,1,false
load,6653,140224919.954,140227775.897,141191836,1,false
load,6654,140244935.638,140247777.910,141211824,1,false
load,6655,140265927.665,140268777.973,141232796,1,false
load,6656,140286924.918,140288778.059,141253776,1,false
load,6657,140306953.424,140310771.568,141273780,1,false
load,6658,140327922.704,140330771.951,141294732,1,false
load,6659,140348919.759,140355769.975,141315708,1,false
load,6660,140369933.208,140375769.450,141336700,1,false
load,6661,140390928.150,140396782.416,141357676,1,false
load,6662,140411928.431,140416771.851,141378656,1,false
load,6663,140432874.517,140437771.886,141399580,1,false
load,6664,140453935.183,140457782.223,141420624,1,false
load,6665,140474931.138,140478771.626,141441596,1,false
load,6666,140495920.723,140498769.680,141462564,1,false
load,6667,140516921.317,140523768.244,141483548,1,false
load,6668,140537919.900,140543768.686,141504532,1,false
load,6669,140558864.035,140564772.540,141525452,1,false
load,6670,140579920.506,140584772.062,141546480,1,false
load,6671,140600923.036,140605768.741,141567468,1,false
load,6672,140621928.934,140625770.360,141588456,1,false
load,6673,140642925.864,140646771.515,141609428,1,false
load,6674,140663928.476,140666770.055,141630408,1,false
load,6675,140684920.189,140691769.217,141651388,1,false
load,6676,140705877.993,140711772.592,141672320,1,false
load,6677,140726926.963,140732770.016,141693348,1,false
load,6678,140747877.704,140751771.101,141714280,1,false
load,6679,140768930.088,140773772.809,141735316,1,false
load,6680,140789925.936,140793774.484,141756284,1,false
load,6681,140810925.712,140813769.578,141777264,1,false
load,6682,140831937.846,140833367.062,141798260,1,false
load,6683,140852532.278,140853726.723,141818840,1,false
load,6684,140872886.936,140874793.445,141839164,1,false
load,6685,140892916.797,140894679.112,141859176,1,false
load,6686,140915799.169,140919256.843,141882040,1,false
load,6687,140936440.809,140939727.222,141902668,1,false
load,6688,140956868.839,140960225.815,141923068,1,false
load,6689,140977383.634,140981695.506,141943556,1,false
load,6690,140997940.139,141001165.133,141964096,1,false
load,6691,141018293.054,141021676.349,141984428,1,false
load,6692,141038798.158,141042151.598,142004920,1,false
load,6693,141059299.834,141064465.764,142025392,1,false
load,6694,141080914.242,141083229.612,142046988,1,false
load,6695,141101350.855,141103597.259,142067404,1,false
load,6696,141121695.433,141124019.724,142087732,1,false
load,6697,141142140.807,141144515.835,142108160,1,false
load,6698,141163970.391,141165024.928,142129900,1,false
load,6699,141184311.386,141185670.765,142150288,1,false
load,6700,141204814.517,141205939.043,142170768,1,false
load,6701,141225108.338,141226467.089,142191036,1,false
load,6702,141245612.193,141246917.507,142211528,1,false
load,6703,141266070.880,141267379.858,142231960,1,false
load,6704,141286510.085,141287867.386,142252408,1,false
load,6705,141307021.272,141308347.046,142272876,1,false
load,6706,141327526.804,141328863.397,142293372,1,false
load,6707,141348032.622,141349500.269,142313852,1,false
load,6708,141368670.706,141369828.450,142334464,1,false
load,6709,141388963.266,141390294.326,142354740,1,false
load,6710,141409452.811,141410775.202,142375216,1,false
load,6711,141430496.588,141435482.131,142396268,1,false
load,6712,141450705.921,141455797.788,142416420,1,false
load,6713,141471801.970,141476794.046,142437496,1,false
load,6714,141491942.562,141496772.732,142457616,1,false
load,6715,141512926.051,141517781.414,142478580,1,false
load,6716,141533944.295,141537776.267,142499580,1,false
load,6717,141554941.856,141558778.691,142520556,1,false
load,6718,141575940.867,141579780.438,142541536,1,false
load,6719,141596941.125,141599776.880,142562512,1,false
load,6720,141617944.493,141619780.143,142583500,1,false
load,6721,141638934.780,141640777.099,142604464,1,false
load,6722,141659934.645,141665767.298,142625448,1,false
load,6723,141680869.826,141686794.937,142646360,1,false
load,6724,141700902.033,141705792.925,142666380,1,false
load,6725,141721949.173,141726789.241,142687408,1,false
load,6726,141742939.213,141746777.820,142708364,1,false
load,6727,141763943.030,141767776.117,142729348,1,false
load,6728,141784939.954,141789767.404,142750328,1,false
load,6729,141805871.049,141808786.384,142771244,1,false
load,6730,141825881.785,141828776.935,142791232,1,false
load,6731,141846935.454,141849810.464,142812272,1,false
load,6732,141867957.202,141870770.938,142833268,1,false
load,6733,141888919.523,141891770.046,142854208,1,false
load,6734,141909930.413,141915254.562,142875196,1,false
load,6735,141930362.755,141936776.194,142895608,1,false
load,6736,141950933.691,141956774.043,142916160,1,false
load,6737,141971943.777,141977776.232,142937156,1,false
load,6738,141992942.184,141997771.366,142958128,1,false
load,6739,142013926.931,142018769.667,142979096,1,false
load,6740,142034922.572,142040770.052,143000072,1,false
load,6741,142055933.704,142059770.637,143021068,1,false
load,6742,142076928.026,142079772.311,143042036,1,false
load,6743,142097921.522,142102913.480,143063004,1,false
load,6744,142118080.356,142119322.142,143083148,1,false
load,6745,142138486.008,142139812.903,143103584,1,false
load,6746,142158987.873,142160311.464,143124012,1,false
load,6747,142179470.150,142180774.477,143144548,1,false
load,6748,142199934.643,142201239.229,143164924,1,false
load,6749,142220364.381,142221726.855,143185332,1,false
load,6750,142240860.429,142242199.206,143205808,1,false
load,6751,142261355.664,142262667.868,143226284,1,false
load,6752,142281795.745,142283163.519,143246704,1,false
load,6753,142302314.009,142303626.825,143267204,1,false
load,6754,142322758.166,142324124.473,143287628,1,false
load,6755,142343248.099,142344595.050,143308096,1,false
load,6756,142363799.671,142365070.228,143328616,1,false
load,6757,142384257.388,142385601.580,143349068,1,false
load,6758,142404754.982,142406032.940,143369536,1,false
load,6759,142425226.304,142426768.865,143390000,1,false
load,6760,142445920.111,142446984.826,143410668,1,false
load,6761,142466140.717,142467476.512,143430868,1,false
load,6762,142486626.580,142487934.260,143451328,1,false
load,6763,142507088.900,142508798.114,143471776,1,false
load,6764,142527960.983,142533772.446,143492624,1,false
load,6765,142548925.256,142553783.659,143513576,1,false
load,6766,142569943.278,142574127.712,143534568,1,false
load,6767,142590287.119,142594782.258,143554892,1,false
load,6768,142610936.662,142615785.428,143575520,1,false
load,6769,142631952.756,142635782.873,143596516,1,false
load,6770,142652939.674,142656787.561,143617484,1,false
load,6771,142673948.567,142676778.155,143638472,1,false
load,6772,142694936.960,142697775.955,143659440,1,false
load,6773,142715939.445,142717788.223,143680424,1,false
load,6774,142736938.034,142742772.376,143701404,1,false
load,6775,142757933.765,142762777.387,143722380,1,false
load,6776,142778961.246,142783777.329,143743384,1,false
load,6777,142799928.028,142803784.885,143764336,1,false
load,6778,142820944.635,142824781.871,143785332,1,false
load,6779,142841938.508,142844777.715,143806300,1,false
load,6780,142862933.833,142864777.540,143827276,1,false
load,6781,142883929.940,142885779.273,143848252,1,false
load,6782,142904941.096,142910788.313,143869240,1,false
load,6783,142925937.322,142930780.086,143890212,1,false
load,6784,142946936.436,142950778.246,143911200,1,false
load,6785,142967938.360,142971790.926,143932180,1,false
load,6786,142988944.786,142991783.184,143953164,1,false
load,6787,143009942.114,143012247.032,143974140,1,false
load,6788,143030395.901,143032728.051,143994568,1,false
load,6789,143050852.787,143053199.149,144015008,1,false
load,6790,143071355.566,143073677.878,144035492,1,false
load,6791,143091794.396,143094126.321,144055912,1,false
load,6792,143112273.661,143114651.790,144076380,1,false
load,6793,143132816.225,143135772.506,144096892,1,false
load,6794,143152881.004,143155785.339,144116940,1,false
load,6795,143173925.343,143176773.095,144137964,1,false
load,6796,143194952.284,143196771.483,144158972,1,false
load,6797,143215930.821,143217769.871,144179936,1,false
load,6798,143236935.974,143241773.474,144200912,1,false
load,6799,143257926.656,143262772.183,144221880,1,false
load,6800,143278948.221,143282773.322,144242880,1,false
load,6801,143299928.403,143303772.973,144263852,1,false
load,6802,143320928.055,143323782.488,144284820,1,false
load,6803,143341932.244,143344772.184,144305808,1,false
load,6804,143362931.864,143364774.519,144326784,1,false
load,6805,143383929.844,143390769.669,144347764,1,false
load,6806,143404935.540,143410772.662,144368752,1,false
load,6807,143425927.106,143431771.580,144389728,1,false
load,6808,143446922.771,143451775.001,144410696,1,false
load,6809,143467927.999,143472769.823,144431680,1,false
load,6810,143488932.555,143492774.292,144452664,1,false
load,6811,143509932.170,143513773.840,144473640,1,false
load,6812,143530923.119,143533772.002,144494616,1,false
load,6813,143551920.519,143558771.918,144515596,1,false
load,6814,143572920.722,143578772.689,144536572,1,false
load,6815,143593936.055,143598770.910,144557568,1,false
load,6816,143614925.780,143619770.404,144578536,1,false
load,6817,143635927.245,143639772.715,144599520,1,false
load,6818,143656921.439,143660770.189,144620492,1,false
load,6819,143677924.388,143681770.211,144641472,1,false
load,6820,143698928.056,143701774.500,144662456,1,false
load,6821,143719940.161,143726358.389,144683444,1,false
load,6822,143740506.970,143746769.347,144704016,1,false
load,6823,143760929.236,143767770.686,144724392,1,false
load,6824,143781920.183,143787768.866,144745368,1,false
load,6825,143802920.434,143808769.528,144766344,1,false
load,6826,143823916.436,143828772.608,144787320,1,false
load,6827,143844934.744,143847795.595,144808320,1,false
load,6828,143865947.568,143868778.856,144829312,1,false
load,6829,143886931.398,143888787.066,144850276,1,false
load,6830,143907941.068,143909778.394,144871268,1,false
load,6831,143928929.191,143934767.040,144892236,1,false
load,6832,143949919.256,143954779.462,144913208,1,false
load,6833,143970945.113,143974778.094,144934204,1,false
load,6834,143991937.434,143995776.685,144955180,1,false
load,6835,144012942.413,144015784.069,144976164,1,false
load,6836,144033936.791,144036778.948,144997132,1,false
load,6837,144054939.649,144056785.514,145018116,1,false
load,6838,144075937.443,144077779.015,145039092,1,false
load,6839,144096931.688,144101776.011,145060068,1,false
load,6840,144117931.008,144122778.836,145081048,1,false
load,6841,144138935.344,144142777.534,145102036,1,false
load,6842,144159929.300,144164770.303,145123012,1,false
load,6843,144180911.606,144184771.279,145143968,1,false
load,6844,144201877.584,144205775.014,145164916,1,false
load,6845,144222926.749,144225775.507,145185940,1,false
load,6846,144243931.691,144246773.307,145206928,1,false
load,6847,144264925.543,144270769.983,145227904,1,false
load,6848,144285926.510,144291775.634,145248880,1,false
load,6849,144306926.352,144311772.348,145269864,1,false
load,6850,144327928.712,144332774.087,145290844,1,false
load,6851,144348927.503,144352770.430,145311816,1,false
load,6852,144369918.460,144373774.019,145332788,1,false
load,6853,144390922.749,144393770.953,145353780,1,false
load,6854,144411922.837,144414770.563,145374756,1,false
load,6855,144432984.315,144438777.845,145395796,1,false
load,6856,144453932.296,144458775.779,145416724,1,false
load,6857,144474926.201,144479773.345,145437704,1,false
load,6858,144495924.392,144500773.072,145458676,1,false
load,6859,144516920.283,144520772.950,145479652,1,false
load,6860,144537928.708,144540817.802,145500640,1,false
load,6861,144558932.491,144560486.403,145521620,1,false
load,6862,144579642.552,144580950.977,145542312,1,false
load,6863,144600100.473,144601423.743,145562744,1,false
load,6864,144620576.816,144621882.706,145583208,1,false
load,6865,144641038.897,144642371.874,145603644,1,false
load,6866,144661535.063,144662859.457,145624124,1,false
load,6867,144682018.261,144683328.593,145644592,1,false
load,6868,144702487.155,144703813.282,145665076,1,false
load,6869,144722978.593,144724294.545,145685520,1,false
load,6870,144743866.803,144748836.310,145706372,1,false
load,6871,144764011.050,144765245.195,145726504,1,false
load,6872,144784404.136,144785723.888,145746872,1,false
load,6873,144804965.409,144806210.637,145767416,1,false
load,6874,144825363.314,144826676.663,145787796,1,false
load,6875,144845845.369,144847141.485,145808256,1,false
load,6876,144866303.476,144867647.029,145828692,1,false
load,6877,144886793.820,144888107.911,145849160,1,false
load,6878,144907263.751,144908598.729,145869612,1,false
load,6879,144927754.555,144929067.749,145890084,1,false
load,6880,144948231.971,144949589.086,145910544,1,false
load,6881,144968765.126,144970022.585,145931052,1,false
load,6882,144989176.215,144991771.339,145951444,1,false
load,6883,145009918.804,145010968.600,145972172,1,false
load,6884,145030124.151,145031460.919,145992352,1,false
load,6885,145050616.527,145051923.915,146012824,1,false
load,6886,145071079.272,145072412.613,146033272,1,false
load,6887,145091565.879,145092881.883,146053736,1,false
load,6888,145112035.882,145113379.210,146074188,1,false
load,6889,145132530.692,145133841.701,146094664,1,false
load,6890,145152997.464,145154318.142,146115108,1,false
load,6891,145173472.236,145174809.308,146135620,1,false
load,6892,145193954.907,145195274.186,146156024,1,false
load,6893,145214429.741,145215741.048,146176496,1,false
load,6894,145234857.084,145236244.453,146196892,1,false
load,6895,145255392.861,145256709.086,146217412,1,false
load,6896,145275855.079,145277194.117,146237848,1,false
load,6897,145296347.805,145297710.344,146258316,1,false
load,6898,145316876.762,145318176.505,146278824,1,false
load,6899,145337336.954,145338640.585,146299264,1,false
load,6900,145357810.869,145359124.296,146319720,1,false
load,6901,145378868.079,145383684.416,146340756,1,false
load,6902,145399847.878,145404197.993,146361716,1,false
load,6903,145420354.737,145424686.428,146382204,1,false
load,6904,145440793.877,145445127.038,146402628,1,false
load,6905,145461300.012,145465649.776,146423116,1,false
load,6906,145481793.613,145486110.893,146443588,1,false
load,6907,145502267.205,145506595.930,146464044,1,false
load,6908,145522750.858,145529730.900,146484496,1,false
load,6909,145542854.706,145547535.196,146504584,1,false
load,6910,145563692.928,145568023.064,146525404,1,false
load,6911,145584177.340,145588505.366,146545868,1,false
load,6912,145604689.740,145610963.579,146566352,1,false
load,6913,145625118.470,145630772.039,146586764,1,false
load,6914,145645925.126,145650006.659,146607552,1,false
load,6915,145666034.858,145670436.961,146627648,1,false
load,6916,145686692.237,145690889.446,146648280,1,false
load,6917,145707046.618,145711360.822,146668624,1,false
load,6918,145727520.250,145731866.701,146689076,1,false
load,6919,145748020.432,145752338.497,146709548,1,false
load,6920,145768510.628,145773813.005,146730032,1,false
load,6921,145788940.019,145793777.423,146750432,1,false
load,6922,145809934.768,145815772.698,146771408,1,false
load,6923,145830931.402,145834805.823,146792376,1,false
load,6924,145851004.189,145854776.324,146812436,1,false
load,6925,145871059.491,145875776.456,146832472,1,false
load,6926,145891933.144,145896769.879,146853324,1,false
load,6927,145912931.265,145916775.745,146874300,1,false
load,6928,145933930.269,145936655.584,146895284,1,false
load,6929,145954795.357,145957774.914,146916128,1,false
load,6930,145974948.821,145978770.646,146936264,1,false
load,6931,145995261.531,145998096.366,146956548,1,false
load,6932,146021257.548,146023273.872,146982468,1,false
load,6933,146037400.478,146039060.395,146998648,1,false
load,6934,146058221.898,146059486.356,147019448,1,false
load,6935,146080607.540,146084359.772,147041812,1,false
load,6936,146101521.068,146104779.492,147062708,1,false
load,6937,146121931.535,146125778.764,147083096,1,false
load,6938,146142937.093,146147768.516,147104084,1,false
load,6939,146163925.531,146166776.495,147125056,1,false
load,6940,146184930.369,146186787.876,147146032,1,false
load,6941,146205944.377,146207780.037,147167028,1,false
load,6942,146226946.368,146231770.249,147188008,1,false
load,6943,146247927.249,146252782.122,147208968,1,false
load,6944,146268931.140,146272771.860,147229956,1,false
load,6945,146289928.257,146293772.524,147250936,1,false
load,6946,146309946.028,146313771.161,147270928,1,false
load,6947,146330924.762,146334775.010,147291888,1,false
load,6948,146351942.529,146354772.382,147312888,1,false
load,6949,146372924.122,146375782.817,147333852,1,false
load,6950,146393951.059,146397782.330,147354848,1,false
load,6951,146414935.323,146420770.151,147375820,1,false
load,6952,146435924.647,146442764.289,147396784,1,false
load,6953,146456874.786,146461770.611,147417716,1,false
load,6954,146477925.373,146481771.777,147438744,1,false
load,6955,146498925.296,146502784.982,147459724,1,false
load,6956,146519935.068,146522769.064,147480712,1,false
load,6957,146540926.278,146543772.422,147501684,1,false
load,6958,146561927.674,146563771.023,147522664,1,false
load,6959,146582924.886,146588775.719,147543644,1,false
load,6960,146603947.299,146608387.139,147564644,1,false
load,6961,146624522.420,146628851.848,147585208,1,false
load,6962,146645013.678,146650766.989,147605672,1,false
load,6963,146665920.191,146669818.189,147626556,1,false
load,6964,146685972.354,146690291.781,147646592,1,false
load,6965,146706399.185,146710767.458,147666996,1,false
load,6966,146726924.438,146731768.238,147687504,1,false
load,6967,146747930.001,146751726.183,147708488,1,false
load,6968,146768866.367,146773767.081,147729404,1,false
load,6969,146789922.412,146792681.582,147750436,1,false
load,6970,146810797.556,146813144.002,147771292,1,false
load,6971,146831304.344,146834766.542,147791784,1,false
load,6972,146851928.380,146854118.977,147812384,1,false
load,6973,146872280.436,146874600.665,147832712,1,false
load,6974,146892766.424,146895064.566,147853176,1,false
load,6975,146913228.603,146916764.542,147873624,1,false
load,6976,146933868.659,146936025.655,147894244,1,false
load,6977,146954152.630,146956487.529,147914508,1,false
load,6978,146974649.828,146976978.113,147934992,1,false
load,6979,146995082.513,146997443.503,147955396,1,false
load,6980,147015586.383,147017930.295,147975884,1,false
load,6981,147036089.099,147038402.198,147996368,1,false
load,6982,147056523.539,147058877.691,148016784,1,false
load,6983,147077033.688,147079370.394,148037268,1,false
load,6984,147097523.745,147099835.732,148057744,1,false
load,6985,147117990.493,147120330.390,148078188,1,false
load,6986,147138485.291,147140791.649,148098700,1,false
load,6987,147158944.750,147161268.031,148119104,1,false
load,6988,147179422.062,147181752.742,148139576,1,false
load,6989,147199923.160,147202236.603,148160044,1,false
load,6990,147220393.710,147222746.821,148180492,1,false
load,6991,147240903.906,147243171.446,148200980,1,false
load,6992,147261298.713,147263702.876,148221360,1,false
load,6993,147281855.157,147284146.296,148241896,1,false
load,6994,147302300.152,147304621.432,148262320,1,false
load,6995,147322778.160,147325102.731,148282776,1,false
load,6996,147343260.556,147345578.794,148303248,1,false
load,6997,147363735.868,147366090.357,148323692,1,false
load,6998,147384241.681,147386577.277,148344184,1,false
load,6999,147404734.904,147407058.475,148364656,1,false
load,7000,147425212.886,147427590.856,148385112,1,false
load,7001,147445741.843,147448007.153,148405624,1,false
load,7002,147466162.006,147468455.335,148426020,1,false
load,7003,147486610.859,147488961.512,148446448,1,false
load,7004,147507113.483,147509454.537,148466932,1,false
load,7005,147527613.778,147529930.814,148487416,1,false
load,7006,147548084.346,147550403.137,148507860,1,false
load,7007,147568552.315,147570871.451,148528316,1,false
load,7008,147588800.875,147591358.826,148548540,1,false
load,7009,147609550.778,147611849.821,148569268,1,false
load,7010,147630008.624,147632327.511,148589704,1,false
load,7011,147650482.431,147652793.427,148610200,1,false
load,7012,147670950.685,147673280.824,148630604,1,false
load,7013,147691434.206,147693743.497,148651080,1,false
load,7014,147711901.988,147714235.111,148671520,1,false
load,7015,147732390.681,147734711.260,148691992,1,false
load,7016,147752852.210,147755189.945,148712428,1,false
load,7017,147773358.470,147775662.358,148732924,1,false
load,7018,147793792.930,147796152.370,148753328,1,false
load,7019,147814847.537,147816619.503,148774372,1,false
load,7020,147835809.743,147837793.262,148795292,1,false
load,7021,147855953.427,147857776.804,148815428,1,false
load,7022,147876925.870,147878776.772,148836384,1,false
load,7023,147897929.578,147902624.485,148857368,1,false
load,7024,147918786.975,147923139.713,148878204,1,false
load,7025,147939296.753,147943582.502,148898696,1,false
load,7026,147959739.944,147964057.524,148919120,1,false
load,7027,147980224.529,147984606.307,148939580,1,false
load,7028,148000766.697,148005020.534,148960096,1,false
load,7029,148021176.414,148025497.544,148980492,1,false
load,7030,148041676.925,148046003.664,149000972,1,false
load,7031,148062154.491,148066450.509,149021432,1,false
load,7032,148082607.281,148086959.465,149041860,1,false
load,7033,148103120.253,148107421.747,149062360,1,false
load,7034,148123566.099,148127919.603,149082784,1,false
load,7035,148144075.317,148148395.145,149103272,1,false
load,7036,148164556.500,148168849.987,149123736,1,false
load,7037,148187976.716,148189789.613,149147128,1,false
load,7038,148208962.397,148216820.638,149168100,1,false
load,7039,148229430.915,148234372.535,149188552,1,false
load,7040,148249471.489,148250795.970,149208620,1,false
load,7041,148269943.252,148271249.782,149229024,1,false
load,7042,148290379.173,148291741.664,149249432,1,false
load,7043,148310888.133,148312771.441,149269924,1,false
load,7044,148331047.475,148332703.470,149290068,1,false
load,7045,148351850.509,148353150.287,149310844,1,false
load,7046,148372311.665,148373640.810,149331288,1,false
load,7047,148392800.910,148396870.759,149351756,1,false
load,7048,148413746.288,148419770.043,149372684,1,false
load,7049,148433934.212,148435777.443,149392848,1,false
load,7050,148454946.036,148459785.328,149413836,1,false
load,7051,148475941.222,148480787.575,149434812,1,false
load,7052,148496944.483,148500785.856,149455800,1,false
load,7053,148517939.893,148521786.494,149476776,1,false
load,7054,148538942.227,148541777.387,149497756,1,false
load,7055,148559936.330,148564773.254,149518732,1,false
load,7056,148580925.843,148582776.326,149539700,1,false
load,7057,148601934.136,148603781.395,149560684,1,false
load,7058,148622937.526,148627790.025,149581664,1,false
load,7059,148643948.574,148648776.404,149602660,1,false
load,7060,148664935.175,148669768.035,149623624,1,false
load,7061,148685922.639,148689777.597,149644588,1,false
load,7062,148706932.967,148709785.894,149665580,1,false
load,7063,148727938.728,148732766.668,149686568,1,false
load,7064,148748883.222,148750778.491,149707496,1,false
load,7065,148769955.040,148775787.753,149728548,1,false
load,7066,148790942.473,148795779.380,149749516,1,false
load,7067,148811932.360,148816777.636,149770476,1,false
load,7068,148832930.147,148836786.829,149791460,1,false
load,7069,148853940.315,148857776.617,149812444,1,false
load,7070,148874931.317,148878771.821,149833420,1,false
load,7071,148895929.887,148898776.353,149854400,1,false
load,7072,148916935.813,148918627.038,149875384,1,false
load,7073,148937736.729,148939782.875,149896156,1,false
load,7074,148957940.859,148959786.785,149916340,1,false
load,7075,148978949.040,148984783.499,149937336,1,false
load,7076,148999942.698,149004783.430,149958308,1,false
load,7077,149020897.213,149025784.267,149979240,1,false
load,7078,149041938.407,149045774.375,150000260,1,false
load,7079,149062928.002,149067767.659,150021228,1,false
load,7080,149082989.857,149086371.976,150041268,1,false
load,7081,149103491.494,149106838.662,150061780,1,false
load,7082,149123985.667,149127267.336,150082232,1,false
load,7083,149144443.015,149147766.657,150102740,1,false
load,7084,149164926.115,149168238.275,150123124,1,false
load,7085,149185358.232,149188709.058,150143540,1,false
load,7086,149205850.281,149211764.790,150164012,1,false
load,7087,149225864.789,149229699.581,150184008,1,false
load,7088,149246866.099,149250217.371,150204988,1,false
load,7089,149267372.987,149270652.032,150225480,1,false
load,7090,149287797.235,149291101.874,150245880,1,false
load,7091,149308857.401,149313767.090,150266924,1,false
load,7092,149328902.050,149332059.377,150286944,1,false
load,7093,149349190.754,149352581.235,150307212,1,false
load,7094,149369698.365,149373012.868,150327708,1,false
load,7095,149390165.456,149393575.081,150348152,1,false
load,7096,149410743.505,149415767.526,150368704,1,false
load,7097,149430921.641,149434483.206,150388860,1,false
load,7098,149451639.437,149455764.555,150409560,1,false
load,7099,149471922.744,149475449.175,150429828,1,false
load,7100,149492573.758,149495915.147,150450456,1,false
load,7101,149513077.554,149518766.434,150470940,1,false
load,7102,149533928.814,149536879.437,150491776,1,false
load,7103,149553977.874,149557356.680,150511800,1,false
load,7104,149574485.852,149577848.508,150532316,1,false
load,7105,149594993.588,149598343.887,150552780,1,false
load,7106,149615497.889,149619789.322,150573280,1,false
load,7107,149635956.038,149639777.421,150593700,1,false
load,7108,149656931.772,149659783.533,150614656,1,false
load,7109,149677933.979,149680777.723,150635644,1,false
load,7110,149698932.641,149700777.846,150656612,1,false
load,7111,149719931.598,149721778.588,150677596,1,false
load,7112,149740927.986,149745766.331,150698572,1,false
load,7113,149761921.392,149766209.522,150719540,1,false
load,7114,149782360.216,149786706.233,150739964,1,false
load,7115,149802858.800,149807766.465,150760440,1,false
load,7116,149823919.691,149827667.666,150781480,1,false
load,7117,149844798.330,149848139.982,150802344,1,false
load,7118,149865298.635,149868615.559,150822816,1,false
load,7119,149885737.757,149889109.696,150843244,1,false
load,7120,149906237.798,149909583.282,150863720,1,false
load,7121,149926748.511,149930052.087,150884212,1,false
load,7122,149947164.303,149950596.374,150904604,1,false
load,7123,149967749.224,149971021.292,150925168,1,false
load,7124,149988165.587,149991595.928,150945568,1,false
load,7125,150008740.934,150011970.959,150966120,1,false
load,7126,150029096.173,150032437.246,150986456,1,false
load,7127,150049597.286,150052942.155,151006944,1,false
load,7128,150070092.031,150073406.983,151027412,1,false
load,7129,150090518.077,150093915.169,151047816,1,false
load,7130,150111079.055,150114406.649,151068360,1,false
load,7131,150131561.506,150134873.471,151088820,1,false
load,7132,150151991.173,150155330.132,151109232,1,false
load,7133,150172482.764,150175791.709,151129732,1,false
load,7134,150192941.272,150196281.975,151150148,1,false
load,7135,150213436.273,150216756.825,151170624,1,false
load,7136,150233870.406,150237819.369,151191036,1,false
load,7137,150253913.081,150257794.664,151211064,1,false
load,7138,150274958.794,150278781.556,151232080,1,false
load,7139,150295941.232,150298779.901,151253040,1,false
load,7140,150323468.915,150327798.484,151280596,1,false
load,7141,150343968.325,150347853.369,151301028,1,false
load,7142,150365020.982,150368331.117,151322060,1,false
load,7143,150385452.800,150388784.679,151342536,1,false
load,7144,150405948.503,150409270.802,151362944,1,false
load,7145,150426432.225,150429785.304,151383412,1,false
load,7146,150446933.364,150450226.296,151403892,1,false
load,7147,150467363.161,150470705.833,151424296,1,false
load,7148,150487860.970,150491173.573,151444776,1,false
load,7149,150508287.798,150511665.236,151465180,1,false
load,7150,150528799.434,150532144.495,151485676,1,false
load,7151,150549298.190,150552616.976,151506152,1,false
load,7152,150569725.772,150573127.294,151526560,1,false
load,7153,150590299.299,150595764.785,151547112,1,false
load,7154,150610870.784,150614091.341,151567664,1,false
load,7155,150631228.220,150634575.583,151588004,1,false
load,7156,150651726.501,150655036.991,151608480,1,false
load,7157,150672169.974,150675485.735,151628904,1,false
load,7158,150692598.020,150695994.140,151649312,1,false
load,7159,150713147.840,150716442.917,151669848,1,false
load,7160,150733573.735,150736956.962,151690252,1,false
load,7161,150754091.735,150757417.144,151710748,1,false
load,7162,150774585.223,150777907.403,151731224,1,false
load,7163,150795016.622,150798407.904,151751632,1,false
load,7164,150815525.326,150818864.615,151772120,1,false
load,7165,150836013.031,150839352.933,151792588,1,false
load,7166,150856563.594,150859840.998,151813128,1,false
load,7167,150876991.294,150880302.338,151833524,1,false
load,7168,150897416.690,150900799.571,151853944,1,false
load,7169,150917989.420,150923770.159,151874492,1,false
load,7170,150938937.538,150941734.735,151895416,1,false
load,7171,150959850.254,150962218.160,151916304,1,false
load,7172,150980358.134,150982708.969,151936792,1,false
load,7173,151000853.430,151003183.845,151957268,1,false
load,7174,151021340.578,151025764.994,151977736,1,false
load,7175,151041872.528,151044123.579,151998252,1,false
load,7176,151062283.073,151064618.869,152018644,1,false
load,7177,151082787.516,151085089.923,152039112,1,false
load,7178,151103230.505,151105582.480,152059540,1,false
load,7179,151123731.762,151126051.195,152080032,1,false
load,7180,151144169.699,151146568.851,152100444,1,false
load,7181,151164719.566,151167008.204,152120972,1,false
load,7182,151185150.069,151187476.815,152141388,1,false
load,7183,151205578.890,151207965.373,152161792,1,false
load,7184,151226081.169,151228434.004,152182280,1,false
load,7185,151246593.001,151248927.960,152202764,1,false
load,7186,151267083.481,151269403.121,152223240,1,false
load,7187,151287516.388,151289869.857,152243656,1,false
load,7188,151308026.329,151310372.638,152264140,1,false
load,7189,151328524.695,151330853.739,152284624,1,false
load,7190,151349031.520,151352782.353,152305108,1,false
load,7191,151369967.422,151371834.119,152326024,1,false
load,7192,151391021.038,151392277.939,152347056,1,false
load,7193,151411436.687,151412780.069,152367448,1,false
load,7194,151431942.953,151433215.997,152387944,1,false
load,7195,151452377.936,151453706.232,152408364,1,false
load,7196,151472849.984,151474205.468,152428804,1,false
load,7197,151493361.132,151494655.514,152449296,1,false
load,7198,151513789.425,151515135.820,152469704,1,false
load,7199,151534300.944,151535680.376,152490200,1,false
load,7200,151556799.118,151562767.630,152512676,1,false
load,7201,151576924.134,151580710.875,152532776,1,false
load,7202,151597870.938,151601182.584,152553708,1,false
load,7203,151618301.804,151621794.738,152574112,1,false
load,7204,151638950.229,151642782.936,152594744,1,false
load,7205,151659940.911,151662775.236,152615720,1,false
load,7206,151682177.400,151687154.093,152637924,1,false
load,7207,151702304.818,151703573.185,152658040,1,false
load,7208,151722732.535,151724046.185,152678444,1,false
load,7209,151743174.534,151744569.166,152698868,1,false
load,7210,151763746.361,151764992.768,152719416,1,false
load,7211,151784156.706,151785482.556,152739812,1,false
load,7212,151804634.664,151805948.741,152760264,1,false
load,7213,151825071.422,151826427.816,152780688,1,false
load,7214,151845586.317,151846932.180,152801176,1,false
load,7215,151866088.260,151867390.986,152821660,1,false
load,7216,151886520.457,151887871.652,152842068,1,false
load,7217,151907016.141,151908340.913,152862548,1,false
load,7218,151927496.069,151928837.778,152883020,1,false
load,7219,151947995.375,151949304.999,152903484,1,false
load,7220,151968442.810,151969785.514,152923980,1,false
load,7221,151988939.086,151990259.679,152944392,1,false
load,7222,152009373.968,152010745.387,152964808,1,false
load,7223,152029905.182,152031211.493,152985316,1,false
load,7224,152050352.108,152051705.659,153005744,1,false
load,7225,152070853.462,152072170.567,153026224,1,false
load,7226,152091283.753,152092658.915,153046636,1,false
load,7227,152111807.471,152113144.939,153067140,1,false
load,7228,152132291.409,152133608.769,153087604,1,false
load,7229,152152721.754,152154087.267,153108020,1,false
load,7230,152173226.054,152174569.516,153128500,1,false
load,7231,152193726.156,152195044.971,153148980,1,false
load,7232,152214162.982,152215577.743,153169400,1,false
load,7233,152234736.754,152236797.072,153189948,1,false
load,7234,152254963.703,152256778.723,153210164,1,false
load,7235,152275965.712,152281775.651,153231132,1,false
load,7236,152296942.115,152301778.627,153252096,1,false
load,7237,152317949.267,152322778.157,153273080,1,false
load,7238,152338936.537,152342792.038,153294048,1,false
load,7239,152358972.078,152363785.469,153314060,1,false
load,7240,152379938.340,152383778.464,153335016,1,false
load,7241,152400933.868,152404781.422,153355988,1,false
load,7242,152421939.091,152424779.699,153376968,1,false
load,7243,152442942.179,152445780.166,153397956,1,false
load,7244,152463947.581,152465780.031,153418936,1,false
load,7245,152484937.559,152490773.676,153439904,1,false
load,7246,152505922.099,152510780.603,153460872,1,false
load,7247,152526932.784,152531778.144,153481864,1,false
load,7248,152547931.192,152551778.181,153502840,1,false
load,7249,152568927.905,152572785.789,153523812,1,false
load,7250,152589941.664,152592778.944,153544816,1,false
load,7251,152610934.704,152613777.518,153565780,1,false
load,7252,152631926.807,152633777.227,153586752,1,false
load,7253,152652927.647,152658777.857,153607736,1,false
load,7254,152673969.493,152678779.391,153628752,1,false
load,7255,152694927.478,152699780.397,153649692,1,false
load,7256,152715931.315,152719777.770,153670680,1,false
load,7257,152736929.565,152740779.633,153691652,1,false
load,7258,152757933.636,152760426.564,153712636,1,false
load,7259,152778595.166,152780784.210,153733276,1,false
load,7260,152798936.374,152801779.658,153753608,1,false
load,7261,152819930.759,152821775.705,153774572,1,false
load,7262,152840929.967,152842793.969,153795556,1,false
load,7263,152861947.955,152866775.371,153816552,1,false
load,7264,152882933.194,152887782.384,153837516,1,false
load,7265,152903932.298,152907779.620,153858500,1,false
load,7266,152924928.736,152928241.218,153879476,1,false
load,7267,152945362.449,152948698.203,153899880,1,false
load,7268,152965860.374,152969186.296,153920364,1,false
load,7269,152986357.117,152989651.856,153940836,1,false
load,7270,153006796.973,153010134.351,153961256,1,false
load,7271,153027295.319,153030606.427,153981740,1,false
load,7272,153047721.139,153051084.384,154002144,1,false
load,7273,153068261.561,153071568.875,154022660,1,false
load,7274,153088690.528,153092046.606,154043076,1,false
load,7275,153109195.374,153112561.973,154063564,1,false
load,7276,153129707.495,153133794.556,154084052,1,false
load,7277,153149958.257,153153602.923,154104284,1,false
load,7278,153170749.169,153174779.932,154125060,1,false
load,7279,153190931.902,153194779.236,154145212,1,false
load,7280,153211940.308,153215777.243,154166204,1,false
load,7281,153232925.795,153235779.031,154187168,1,false
load,7282,153253928.004,153256776.865,154208152,1,false
load,7283,153274928.664,153276778.947,154229132,1,false
load,7284,153295927.251,153301776.857,154250104,1,false
load,7285,153316929.809,153321779.267,154271088,1,false
load,7286,153337929.280,153342777.057,154292068,1,false
load,7287,153358927.027,153362776.892,154313048,1,false
load,7288,153379915.455,153383777.163,154334016,1,false
load,7289,153400926.938,153403781.166,154355000,1,false
load,7290,153421930.686,153424775.899,154375984,1,false
load,7291,153442924.960,153444780.505,154396960,1,false
load,7292,153463966.481,153469787.291,154417984,1,false
load,7293,153484951.469,153489777.110,154438944,1,false
load,7294,153505939.575,153510785.990,154459920,1,false
load,7295,153526937.807,153530314.116,154480896,1,false
load,7296,153547439.923,153550795.625,154501440,1,false
load,7297,153567942.181,153571265.597,154521864,1,false
load,7298,153588422.699,153591731.390,154542320,1,false
load,7299,153608860.854,153612219.079,154562740,1,false
load,7300,153629373.292,153632693.733,154583236,1,false
load,7301,153649862.827,153653765.150,154603704,1,false
load,7302,153670917.722,153673647.850,154624732,1,false
load,7303,153691796.907,153694145.259,154645596,1,false
load,7304,153712295.456,153714611.442,154666076,1,false
load,7305,153732729.656,153735085.863,154686488,1,false
load,7306,153753236.369,153755563.251,154706972,1,false
load,7307,153773685.511,153776042.144,154727404,1,false
load,7308,153794168.712,153796563.533,154747864,1,false
load,7309,153814675.600,153816986.952,154768348,1,false
load,7310,153835144.574,153837477.384,154788800,1,false
load,7311,153855626.514,153857940.161,154809260,1,false
load,7312,153876164.296,153878445.916,154829776,1,false
load,7313,153896591.392,153898903.166,154850188,1,false
load,7314,153917085.243,153921771.240,154870664,1,false
load,7315,153937925.165,153939860.969,154891480,1,false
load,7316,153957965.288,153960338.659,154911500,1,false
load,7317,153978477.389,153980834.107,154932016,1,false
load,7318,153998948.897,154001308.802,154952444,1,false
load,7319,154019455.968,154021780.401,154972980,1,false
load,7320,154039939.187,154042260.627,154993400,1,false
load,7321,154060362.059,154062773.651,155013796,1,false
load,7322,154080941.658,154083765.521,155034360,1,false
load,7323,154101921.425,154103691.215,155055316,1,false
load,7324,154122856.748,154124220.334,155076236,1,false
load,7325,154143356.415,154144689.388,155096708,1,false
load,7326,154163850.445,154165124.656,155117188,1,false
load,7327,154184275.731,154185632.333,155137596,1,false
load,7328,154204779.389,154206104.471,155158076,1,false
load,7329,154225243.028,154226613.769,155178528,1,false
load,7330,154245743.520,154247158.714,155199004,1,false
load,7331,154266304.716,154267558.651,155219544,1,false
load,7332,154286722.583,154288039.099,155239936,1,false
load,7333,154307150.229,154308572.009,155260344,1,false
load,7334,154327741.630,154329011.203,155280912,1,false
load,7335,154348199.870,154349502.829,155301356,1,false
load,7336,154368637.905,154369976.683,155321768,1,false
load,7337,154389115.866,154390414.085,155342232,1,false
load,7338,154409576.329,154410918.742,155362676,1,false
load,7339,154430081.008,154431361.275,155383160,1,false
load,7340,154450512.248,154451831.732,155403564,1,false
load,7341,154471006.230,154472345.088,155424044,1,false
load,7342,154491502.679,154492819.612,155444524,1,false
load,7343,154511936.756,154513291.512,155464932,1,false
load,7344,154532434.108,154533778.486,155485484,1,false
load,7345,154552931.640,154554259.462,155505892,1,false
load,7346,154573417.509,154574724.625,155526360,1,false
load,7347,154593849.110,154595204.358,155546772,1,false
load,7348,154614346.506,154615696.756,155567240,1,false
load,7349,154634850.976,154636161.755,155587728,1,false
load,7350,154655280.119,154656647.137,155608140,1,false
load,7351,154675793.806,154677128.977,155628632,1,false
load,7352,154696275.069,154697603.981,155649096,1,false
load,7353,154716783.332,154720771.768,155669560,1,false
load,7354,154736918.456,154738561.747,155689692,1,false
load,7355,154757720.045,154759028.891,155710480,1,false
load,7356,154778202.364,154779590.149,155730940,1,false
load,7357,154798704.695,154799986.536,155751432,1,false
load,7358,154819141.659,154820476.545,155771844,1,false
load,7359,154839630.566,154842765.488,155792312,1,false
load,7360,154859864.471,154861433.695,155812528,1,false
load,7361,154880590.142,154881901.777,155833228,1,false
load,7362,154901015.902,154902380.507,155853640,1,false
load,7363,154921525.288,154922860.671,155874124,1,false
load,7364,154942023.635,154943349.532,155894604,1,false
load,7365,154962504.631,154963814.136,155915064,1,false
load,7366,154982947.235,154984792.944,155935484,1,false
load,7367,155003949.517,155009774.938,155956464,1,false
load,7368,155024929.992,155029779.145,155977432,1,false
load,7369,155045932.227,155050777.963,155998412,1,false
load,7370,155066922.270,155070777.716,156019380,1,false
load,7371,155087930.018,155091781.466,156040360,1,false
load,7372,155108935.329,155111780.406,156061352,1,false
load,7373,155129980.860,155131802.489,156082384,1,false
load,7374,155150964.011,155152797.139,156103336,1,false
load,7375,155171967.881,155177747.663,156124320,1,false
load,7376,155192926.079,155197785.242,156145256,1,false
load,7377,155213934.721,155217780.942,156166248,1,false
load,7378,155234942.745,155239782.844,156187240,1,false
load,7379,155255940.189,155258745.607,156208216,1,false
load,7380,155276858.326,155279212.963,156229112,1,false
load,7381,155297365.490,155299708.068,156249600,1,false
load,7382,155317860.290,155320160.933,156270072,1,false
load,7383,155338285.601,155340642.084,156290476,1,false
load,7384,155358791.618,155361111.071,156310960,1,false
load,7385,155379293.075,155381599.810,156331448,1,false
load,7386,155399721.824,155402078.922,156351852,1,false
load,7387,155420227.521,155422548.814,156372336,1,false
load,7388,155440654.229,155443039.439,156392752,1,false
load,7389,155461160.766,155463559.593,156413232,1,false
load,7390,155481716.685,155483980.101,156433768,1,false
load,7391,155502133.050,155504479.363,156454164,1,false
load,7392,155522630.707,155524937.287,156474648,1,false
load,7393,155543084.348,155545430.244,156495080,1,false
load,7394,155563583.645,155565914.996,156515560,1,false
load,7395,155584070.815,155586379.757,156536024,1,false
load,7396,155604501.285,155606873.046,156556432,1,false
load,7397,155625000.679,155627336.679,156576912,1,false
load,7398,155645489.276,155647871.296,156597396,1,false
load,7399,155665999.526,155668325.225,156617876,1,false
load,7400,155686479.149,155688816.421,156638356,1,false
load,7401,155706989.803,155709262.017,156658832,1,false
load,7402,155727414.140,155729778.047,156679228,1,false
load,7403,155747947.909,155750764.994,156699744,1,false
load,7404,155768973.497,155771793.754,156720748,1,false
load,7405,155789959.459,155791172.554,156741708,1,false
load,7406,155810301.910,155811678.515,156762036,1,false
load,7407,155830790.955,155832122.492,156782504,1,false
load,7408,155851283.988,155852765.253,156802976,1,false
load,7409,155871915.341,155873122.256,156823592,1,false
load,7410,155892272.740,155893600.617,156843932,1,false
load,7411,155912756.223,155914079.155,156864388,1,false
load,7412,155933239.248,155936767.182,156884860,1,false
load,7413,155953874.765,155954999.483,156905468,1,false
load,7414,155974168.211,155975577.296,156925744,1,false
load,7415,155994738.338,155995985.247,156946288,1,false
load,7416,156015139.631,156016460.540,156966676,1,false
load,7417,156035634.978,156036951.731,156987148,1,false
load,7418,156056064.226,156057421.225,157007556,1,false
load,7419,156076565.169,156077910.044,157028040,1,false
load,7420,156097067.699,156098376.763,157048520,1,false
load,7421,156117498.968,156118856.579,157068940,1,false
load,7422,156138003.511,156139338.341,157089416,1,false
load,7423,156158500.578,156159810.868,157109896,1,false
load,7424,156178938.355,156180301.900,157130312,1,false
load,7425,156199436.146,156200780.052,157150852,1,false
load,7426,156219932.454,156221255.934,157171268,1,false
load,7427,156240417.971,156243769.174,157191736,1,false
load,7428,156260920.874,156264765.732,157212220,1,false
load,7429,156281926.480,156286778.982,157233204,1,false
load,7430,156302925.140,156307245.122,157254176,1,false
load,7431,156323359.318,156327802.143,157274592,1,false
load,7432,156343971.245,156348218.421,157295184,1,false
load,7433,156364378.015,156368684.280,157315568,1,false
load,7434,156384849.243,156390774.660,157336020,1,false
load,7435,156404871.301,156409668.836,157356024,1,false
load,7436,156425794.731,156430143.469,157376932,1,false
load,7437,156446282.151,156453773.003,157397400,1,false
load,7438,156466923.572,156471108.602,157418016,1,false
load,7439,156487262.803,156491575.760,157438336,1,false
load,7440,156507693.198,156512078.932,157458748,1,false
load,7441,156528235.073,156534767.868,157479276,1,false
load,7442,156548917.751,156552997.145,157499932,1,false
load,7443,156569128.006,156573474.758,157520124,1,false
load,7444,156589635.269,156593956.710,157540608,1,false
load,7445,156610063.258,156614438.335,157561016,1,false
load,7446,156630569.488,156634946.693,157581508,1,false
load,7447,156651074.848,156655420.694,157601984,1,false
load,7448,156671578.045,156675869.455,157622476,1,false
load,7449,156692016.315,156696376.041,157642896,1,false
load,7450,156712522.152,156716863.084,157663376,1,false
load,7451,156733015.258,156737315.498,157683852,1,false
load,7452,156753457.066,156757831.961,157704312,1,false
load,7453,156773943.204,156778303.042,157724740,1,false
load,7454,156794445.479,156798781.944,157745268,1,false
load,7455,156814933.340,156819766.007,157765688,1,false
load,7456,156835926.987,156839800.763,157786660,1,false
load,7457,156856965.494,156860780.270,157807684,1,false
load,7458,156878001.105,156880772.543,157828700,1,false
load,7459,156898927.919,156901169.215,157849608,1,false
load,7460,156919294.012,156921648.124,157869948,1,false
load,7461,156939799.204,156942129.095,157890432,1,false
load,7462,156960288.535,156962601.591,157910904,1,false
load,7463,156980727.774,156983791.365,157931320,1,false
load,7464,157000949.847,157003776.990,157951520,1,false
load,7465,157021953.035,157024779.120,157972512,1,false
load,7466,157042931.541,157044777.399,157993468,1,false
load,7467,157063924.681,157065777.543,158014440,1,false
load,7468,157084927.029,157089778.544,158035420,1,false
load,7469,157105927.693,157110782.848,158056396,1,false
load,7470,157126930.723,157130776.960,158077380,1,false
load,7471,157147932.159,157151780.195,158098364,1,false
load,7472,157168931.243,157171780.706,158119344,1,false
load,7473,157189931.431,157192777.686,158140324,1,false
load,7474,157210924.379,157212777.881,158161296,1,false
load,7475,157231928.683,157237777.457,158182280,1,false
load,7476,157251937.588,157253777.611,158202272,1,false
load,7477,157272927.876,157278775.832,158223240,1,false
load,7478,157293930.973,157298778.880,158244216,1,false
load,7479,157314958.550,157319784.807,158265232,1,false
load,7480,157335941.852,157339778.323,158286188,1,false
load,7481,157356961.837,157360804.264,158307184,1,false
load,7482,157377976.786,157380782.169,158328184,1,false
load,7483,157398938.826,157401779.205,158349120,1,false
load,7484,157419938.167,157421781.031,158370104,1,false
load,7485,157440936.599,157446777.258,158391080,1,false
load,7486,157461912.204,157466777.030,158412040,1,false
load,7487,157482921.397,157487776.898,158433028,1,false
load,7488,157503931.270,157507782.211,158454012,1,false
load,7489,157524935.255,157527843.089,158475000,1,false
load,7490,157544964.408,157548294.086,158495012,1,false
load,7491,157565451.672,157568790.419,158515520,1,false
load,7492,157585954.305,157589259.686,158535960,1,false
load,7493,157606397.816,157609756.484,158556392,1,false
load,7494,157626866.794,157630202.156,158576828,1,false
load,7495,157647321.578,157650677.129,158597268,1,false
load,7496,157667849.170,157671158.523,158617776,1,false
load,7497,157688287.033,157691676.704,158638192,1,false
load,7498,157708791.623,157712149.182,158658680,1,false
load,7499,157729298.248,157732596.805,158679160,1,false
load,7500,157749725.188,157753123.399,158699568,1,false
load,7501,157770300.152,157773564.402,158720124,1,false
load,7502,157790731.402,157794040.632,158740540,1,false
load,7503,157811155.966,157814563.968,158760944,1,false
load,7504,157831736.928,157835037.898,158781500,1,false
load,7505,157852158.554,157855582.932,158801904,1,false
load,7506,157872769.914,157876854.342,158822488,1,false
load,7507,157893014.784,157896779.031,158842720,1,false
load,7508,157913931.645,157917778.270,158863612,1,false
load,7509,157934934.377,157939772.671,158884592,1,false
load,7510,157955960.451,157958780.629,158905584,1,false
load,7511,157976939.346,157978783.722,158926564,1,false
load,7512,157997939.475,158003778.460,158947544,1,false
load,7513,158018931.535,158023782.464,158968512,1,false
load,7514,158039939.213,158044779.799,158989500,1,false
load,7515,158060927.991,158064794.582,159010468,1,false
load,7516,158081946.714,158085776.915,159031472,1,false
load,7517,158102966.156,158105784.593,159052464,1,false
load,7518,158123941.078,158126778.367,159073420,1,false
load,7519,158144937.035,158146783.580,159094400,1,false
load,7520,158165941.560,158171783.386,159115376,1,false
load,7521,158186941.515,158191344.013,159136364,1,false
load,7522,158207507.255,158211823.639,159156908,1,false
load,7523,158227937.300,158232290.625,159177316,1,false
load,7524,158248444.084,158252779.917,159197860,1,false
load,7525,158268938.657,158275765.103,159218280,1,false
load,7526,158289920.806,158293737.128,159239240,1,false
load,7527,158310851.065,158314204.485,159260156,1,false
load,7528,158331353.474,158334672.799,159280628,1,false
load,7529,158351791.398,158355161.331,159301048,1,false
load,7530,158372351.863,158375649.927,159321596,1,false
load,7531,158392853.661,158396151.735,159342068,1,false
load,7532,158413282.089,158416617.801,159362480,1,false
load,7533,158433789.520,158437071.492,159382964,1,false
load,7534,158454226.500,158457559.362,159403384,1,false
load,7535,158474716.078,158479767.038,159423856,1,false
load,7536,158494926.333,158500765.393,159444044,1,false
load,7537,158515915.225,158519037.170,159465020,1,false
load,7538,158536190.289,158539546.091,159485276,1,false
load,7539,158556690.941,158559943.730,159505748,1,false
load,7540,158577082.590,158580457.740,159526120,1,false
load,7541,158597586.833,158600905.280,159546604,1,false
load,7542,158618065.835,158621397.071,159567068,1,false
load,7543,158638550.873,158642764.391,159587528,1,false
load,7544,158658863.585,158662369.248,159607828,1,false
load,7545,158679510.312,158682848.365,159628448,1,false
load,7546,158700010.212,158703312.996,159648932,1,false
load,7547,158720442.974,158723810.641,159669392,1,false
load,7548,158740945.562,158744280.098,159689828,1,false
load,7549,158761507.725,158765766.754,159710368,1,false
load,7550,158781934.649,158785257.764,159730776,1,false
load,7551,158802368.493,158807765.391,159751192,1,false
load,7552,158822878.754,158826208.021,159771676,1,false
load,7553,158843363.769,158846673.265,159792148,1,false
load,7554,158863795.647,158867161.324,159812560,1,false
load,7555,158884304.845,158887632.871,159833044,1,false
load,7556,158904793.297,158908102.274,159853520,1,false
load,7557,158925228.426,158928592.684,159873932,1,false
load,7558,158945727.295,158949055.102,159894412,1,false
load,7559,158966161.413,158969546.805,159914824,1,false
load,7560,158986661.793,158990018.094,159935308,1,false
load,7561,159007163.700,159010559.445,159955780,1,false
load,7562,159027669.282,159030976.256,159976268,1,false
load,7563,159048084.325,159051465.058,159996668,1,false
load,7564,159068584.019,159071930.567,160017144,1,false
load,7565,159089083.416,159092424.079,160037628,1,false
load,7566,159109576.107,159112885.072,160058096,1,false
load,7567,159130003.817,159133384.313,160078504,1,false
load,7568,159150505.812,159153843.232,160098992,1,false
load,7569,159171002.118,159174330.210,160119460,1,false
load,7570,159191484.665,159194817.129,160139928,1,false
load,7571,159211975.437,159215286.089,160160396,1,false
load,7572,159232399.088,159235770.319,160180804,1,false
load,7573,159252921.971,159256238.978,160201304,1,false
load,7574,159273334.302,159276726.855,160221700,1,false
load,7575,159293849.594,159297192.997,160242196,1,false
load,7576,159314349.229,159317681.654,160262672,1,false
load,7577,159334792.398,159338153.784,160283092,1,false
load,7578,159355293.857,159358671.307,160303572,1,false
load,7579,159375791.849,159379101.020,160324048,1,false
load,7580,159396218.542,159399586.323,160344460,1,false
load,7581,159416716.436,159420071.251,160364936,1,false
load,7582,159437227.998,159440558.509,160385440,1,false
load,7583,159457706.702,159461071.695,160405884,1,false
load,7584,159478220.117,159482764.421,160426384,1,false
load,7585,159498874.730,159502017.140,160447016,1,false
load,7586,159519155.375,159522559.898,160467280,1,false
load,7587,159539716.644,159542993.917,160487816,1,false
load,7588,159560142.564,159563434.064,160508220,1,false
load,7589,159580573.072,159584765.783,160528640,1,false
load,7590,159600915.886,159605768.404,160548960,1,false
load,7591,159621919.539,159625796.266,160569940,1,false
load,7592,159642962.757,159645374.081,160590968,1,false
load,7593,159663535.622,159665862.940,160611524,1,false
load,7594,159684012.391,159686339.042,160631984,1,false
load,7595,159704499.839,159706797.994,160652444,1,false
load,7596,159724925.728,159728774.270,160672848,1,false
load,7597,159745923.132,159747792.119,160693824,1,false
load,7598,159766944.242,159768794.786,160714824,1,false
load,7599,159787973.171,159794766.003,160735832,1,false
load,7600,159808924.439,159813276.871,160756768,1,false
load,7601,159829424.216,159833786.715,160777308,1,false
load,7602,159849929.307,159854243.206,160797732,1,false
load,7603,159870364.682,159874726.969,160818148,1,false
load,7604,159890939.714,159895193.504,160838696,1,false
load,7605,159911365.910,159915683.193,160859104,1,false
load,7606,159931854.462,159938773.612,160879584,1,false
load,7607,159951890.545,159956658.766,160899596,1,false
load,7608,159972807.523,159977119.552,160920492,1,false
load,7609,159993280.503,159997589.412,160940944,1,false
load,7610,160013744.990,160018100.751,160961384,1,false
load,7611,160034263.085,160038547.058,160981884,1,false
load,7612,160054706.196,160059028.983,161002312,1,false
load,7613,160074858.581,160079546.723,161022440,1,false
load,7614,160095739.666,160099999.005,161043300,1,false
load,7615,160116152.444,160120450.429,161063692,1,false
load,7616,160136627.831,160140937.748,161084152,1,false
load,7617,160157091.328,160161430.412,161104592,1,false
load,7618,160177586.859,160181940.061,161125072,1,false
load,7619,160198093.511,160202410.609,161145560,1,false
load,7620,160218566.075,160222869.767,161166004,1,false
load,7621,160239023.908,160243345.918,161186444,1,false
load,7622,160259496.403,160264593.006,161206900,1,false
load,7623,160279745.539,160284329.158,161227132,1,false
load,7624,160300482.974,160304829.761,161247844,1,false
load,7625,160320990.294,160325289.274,161268340,1,false
load,7626,160341448.268,160345804.305,161288804,1,false
load,7627,160361986.637,160366244.793,161309292,1,false
load,7628,160382442.684,160386935.492,161329764,1,false
load,7629,160403325.373,160407231.140,161350592,1,false
load,7630,160423348.926,160429787.111,161370596,1,false
load,7631,160444887.529,160448808.308,161392112,1,false
load,7632,160464915.308,160468833.271,161412124,1,false
load,7633,160484969.892,160489128.192,161432156,1,false
load,7634,160505318.585,160509563.382,161452480,1,false
load,7635,160525835.706,160530448.699,161472980,1,false
load,7636,160546621.465,160550550.661,161493748,1,false
load,7637,160566652.894,160571043.123,161513756,1,false
load,7638,160587163.190,160591556.686,161534248,1,false
load,7639,160607669.362,160611996.621,161554732,1,false
load,7640,160628153.068,160632476.672,161575192,1,false
load,7641,160648620.726,160652985.910,161595644,1,false
load,7642,160669138.076,160673428.501,161616144,1,false
load,7643,160689563.117,160693884.345,161636544,1,false
load,7644,160710004.587,160714389.182,161656972,1,false
load,7645,160730515.060,160734846.901,161677464,1,false
load,7646,160750980.349,160755795.387,161697904,1,false
load,7647,160771938.567,160776782.220,161718840,1,false
load,7648,160792948.032,160796787.540,161739836,1,false
load,7649,160813946.325,160816776.883,161760812,1,false
load,7650,160834942.970,160837781.915,161781792,1,false
load,7651,160855943.770,160857779.740,161802772,1,false
load,7652,160876929.060,160878776.207,161823732,1,false
load,7653,160897931.712,160902780.895,161844712,1,false
load,7654,160918929.785,160923241.974,161865688,1,false
load,7655,160939369.412,160943745.821,161886116,1,false
load,7656,160959881.157,160964226.273,161906604,1,false
load,7657,160980408.719,160984691.433,161927108,1,false
load,7658,161000865.752,161005188.754,161947548,1,false
load,7659,161021364.914,161025672.172,161968024,1,false
load,7660,161041795.305,161046152.862,161988436,1,false
load,7661,161062303.837,161066620.183,162008924,1,false
load,7662,161082735.119,161087083.327,162029336,1,false
load,7663,161103242.924,161107547.529,162049824,1,false
load,7664,161123677.986,161129771.697,162070240,1,false
load,7665,161143941.338,161149362.281,162090484,1,false
load,7666,161164517.943,161169789.129,162111040,1,false
load,7667,161184946.709,161189779.048,162131448,1,false
load,7668,161205956.175,161210778.257,162152420,1,false
load,7669,161226939.730,161230787.071,162173396,1,false
load,7670,161247950.758,161251777.376,162194392,1,false
load,7671,161268939.016,161271778.995,162215356,1,false
load,7672,161289931.114,161292779.713,162236328,1,false
load,7673,161310932.310,161312775.246,162257312,1,false
load,7674,161331935.500,161337776.337,162278296,1,false
load,7675,161352933.519,161357779.973,162299268,1,false
load,7676,161373935.038,161378797.141,162320256,1,false
load,7677,161394946.659,161398780.919,162341248,1,false
load,7678,161416003.194,161419802.203,162362280,1,false
load,7679,161436949.166,161439784.193,162383204,1,false
load,7680,161457964.429,161460782.566,162404204,1,false
load,7681,161478945.896,161480782.911,162425160,1,false
load,7682,161499945.775,161505771.406,162446140,1,false
load,7683,161520923.870,161525778.529,162467100,1,false
load,7684,161541919.686,161546783.280,162488076,1,false
load,7685,161562940.696,161566782.353,162509072,1,false
load,7686,161583936.981,161586779.459,162530052,1,false
load,7687,161604934.004,161607778.729,162551028,1,false
load,7688,161625932.425,161627779.726,162572008,1,false
load,7689,161646927.580,161648774.960,162592980,1,false
load,7690,161667924.923,161672774.940,162613956,1,false
load,7691,161688923.944,161693787.855,162634936,1,false
load,7692,161709935.644,161713779.032,162655924,1,false
load,7693,161730930.907,161734779.554,162676896,1,false
load,7694,161751942.393,161754796.319,162697896,1,false
load,7695,161772939.456,161775778.422,162718868,1,false
load,7696,161793934.104,161795776.765,162739844,1,false
load,7697,161814941.042,161818765.068,162760832,1,false
load,7698,161835920.039,161840772.495,162781788,1,false
load,7699,161856930.438,161861776.599,162802776,1,false
load,7700,161877927.110,161881782.515,162823756,1,false
load,7701,161898937.334,161905769.715,162844748,1,false
load,7702,161919923.751,161922775.867,162865712,1,false
load,7703,161940930.177,161943777.883,162886696,1,false
load,7704,161961930.981,161964771.797,162907680,1,false
load,7705,161982927.140,161985773.586,162928656,1,false
load,7706,162003935.235,162009769.957,162949644,1,false
load,7707,162024926.534,162030771.969,162970612,1,false
load,7708,162045917.977,162049772.307,162991576,1,false
load,7709,162066927.665,162071778.583,163012568,1,false
load,7710,162087929.817,162090770.158,163033548,1,false
load,7711,162108868.072,162111786.191,163054472,1,false
load,7712,162128879.742,162131771.410,163074468,1,false
load,7713,162149868.529,162152769.405,163095428,1,false
load,7714,162170917.619,162172768.884,163116464,1,false
load,7715,162191925.544,162193773.644,163137444,1,false
load,7716,162212923.938,162217772.751,163158424,1,false
load,7717,162233930.887,162238776.844,163179412,1,false
load,7718,162254924.003,162258779.010,163200388,1,false
load,7719,162275931.329,162279776.375,163221372,1,false
load,7720,162296928.841,162299775.389,163242348,1,false
load,7721,162317926.350,162320717.899,163263332,1,false
load,7722,162338851.679,162340779.684,163284228,1,false
load,7723,162358889.447,162361776.439,163304248,1,false
load,7724,162379926.276,162381776.438,163325268,1,false
load,7725,162400934.911,162406774.518,163346252,1,false
load,7726,162421925.522,162426774.110,163367220,1,false
load,7727,162442930.978,162447782.238,163388212,1,false
load,7728,162463933.513,162467775.278,163409192,1,false
load,7729,162484934.259,162488781.888,163430172,1,false
load,7730,162505936.390,162508776.784,163451148,1,false
load,7731,162526935.230,162529776.113,163472132,1,false
load,7732,162547938.017,162549777.001,163493108,1,false
load,7733,162568910.386,162574773.442,163514064,1,false
load,7734,162589923.671,162594773.315,163535060,1,false
load,7735,162610931.252,162615778.220,163556040,1,false
load,7736,162631924.525,162635774.461,163577016,1,false
load,7737,162652936.925,162656778.086,163598012,1,false
load,7738,162673927.750,162676778.398,163618980,1,false
load,7739,162694929.453,162696776.363,163639964,1,false
load,7740,162715924.889,162717779.049,163660932,1,false
load,7741,162736934.366,162742790.737,163681928,1,false
load,7742,162757938.869,162762773.934,163702908,1,false
load,7743,162778942.917,162782782.416,163723892,1,false
load,7744,162799932.764,162803786.433,163744860,1,false
load,7745,162820946.618,162823744.273,163765856,1,false
load,7746,162841870.548,162844199.694,163786768,1,false
load,7747,162862358.139,162864683.352,163807228,1,false
load,7748,162882794.316,162885151.739,163827644,1,false
load,7749,162903315.259,162905626.722,163848148,1,false
load,7750,162923746.548,162926097.268,163868552,1,false
load,7751,162944310.748,162946588.583,163889100,1,false
load,7752,162964740.927,162967767.647,163909512,1,false
load,7753,162984937.871,162987793.442,163929692,1,false
load,7754,163005988.976,163008795.914,163950724,1,false
load,7755,163026958.831,163028784.408,163971668,1,false
load,7756,163047945.492,163049780.447,163992636,1,false
load,7757,163068967.670,163073780.086,164013644,1,false
load,7758,163089945.349,163094786.205,164034596,1,false
load,7759,163110965.850,163114788.775,164055596,1,false
load,7760,163131965.484,163135786.045,164076572,1,false
load,7761,163152962.128,163155785.240,164097548,1,false
load,7762,163173978.088,163176786.963,164118552,1,false
load,7763,163195010.274,163196783.285,164139556,1,false
load,7764,163215983.389,163221779.759,164160520,1,false
load,7765,163236942.743,163241788.711,164181452,1,false
load,7766,163257945.098,163262781.119,164202432,1,false
load,7767,163278958.153,163282785.807,164223420,1,false
load,7768,163299961.559,163303797.681,164244412,1,false
load,7769,163320984.422,163323788.904,164265408,1,false
load,7770,163341078.756,163344803.510,164285484,1,false
load,7771,163361975.010,163364787.214,164306356,1,false
load,7772,163382986.562,163385795.766,164327352,1,false
load,7773,163403949.369,163405785.696,164348296,1,false
load,7774,163424956.845,163430788.683,164369280,1,false
load,7775,163446055.684,163450824.540,164390348,1,false
load,7776,163467012.139,163471775.261,164411288,1,false
load,7777,163487936.344,163491788.674,164432196,1,false
load,7778,163508939.780,163512780.948,164453176,1,false
load,7779,163529937.131,163532779.744,164474156,1,false
load,7780,163550927.209,163553777.927,164495128,1,false
load,7781,163571916.784,163573785.282,164516092,1,false
load,7782,163592940.379,163598772.411,164537100,1,false
load,7783,163613940.265,163618774.519,164558076,1,false
load,7784,163634925.087,163639776.868,164579040,1,false
load,7785,163655926.981,163660768.035,164600020,1,false
load,7786,163676867.512,163679777.805,164620940,1,false
load,7787,163697924.372,163700777.557,164641984,1,false
load,7788,163718925.748,163720783.024,164662968,1,false
load,7789,163739933.986,163741778.912,164683952,1,false
load,7790,163760926.674,163765767.828,164704928,1,false
load,7791,163781918.137,163786771.233,164725896,1,false
load,7792,163802926.426,163806775.338,164746880,1,false
load,7793,163823923.738,163827772.307,164767856,1,false
load,7794,163844928.006,163847782.475,164788836,1,false
load,7795,163865929.543,163868769.950,164809820,1,false
load,7796,163886867.098,163888768.994,164830744,1,false
load,7797,163907916.195,163909769.768,164851768,1,false
load,7798,163928923.271,163933784.926,164872752,1,false
load,7799,163949938.530,163954771.982,164893752,1,false
load,7800,163970867.531,163974773.102,164914664,1,false
load,7801,163991928.446,163995774.338,164935704,1,false
load,7802,164012933.790,164015771.167,164956688,1,false
load,7803,164033918.226,164036771.476,164977644,1,false
load,7804,164054929.992,164056772.678,164998636,1,false
load,7805,164075920.084,164077771.309,165019604,1,false
load,7806,164096917.012,164101768.996,165040588,1,false
load,7807,164117918.038,164122778.782,165061564,1,false
load,7808,164138927.973,164142777.919,165082556,1,false
load,7809,164159927.890,164163774.548,165103536,1,false
load,7810,164180922.939,164183777.971,165124512,1,false
load,7811,164201925.675,164204778.833,165145492,1,false
load,7812,164222927.039,164224776.928,165166476,1,false
load,7813,164243925.222,164245210.283,165187452,1,false
load,7814,164264364.969,164265777.952,165207876,1,false
load,7815,164284926.038,164290773.665,165228404,1,false
load,7816,164305936.570,164310777.334,165249400,1,false
load,7817,164326926.440,164331780.021,165270368,1,false
load,7818,164347933.657,164351782.295,165291360,1,false
load,7819,164368945.509,164372777.977,165312348,1,false
load,7820,164389930.664,164392779.378,165333312,1,false
load,7821,164410932.170,164413776.650,165354292,1,false
load,7822,164431929.426,164434767.630,165375272,1,false
load,7823,164452922.826,164458815.254,165396244,1,false
load,7824,164473085.542,164474803.536,165416388,1,false
load,7825,164493962.779,164499790.989,165437244,1,false
load,7826,164514948.956,164519775.286,165458204,1,false
load,7827,164535938.195,164540778.934,165479176,1,false
load,7828,164556939.645,164560775.276,165500160,1,false
load,7829,164577924.868,164581718.407,165521128,1,false
load,7830,164598867.124,164601775.315,165542044,1,false
load,7831,164618881.688,164622807.452,165562040,1,false
load,7832,164638943.491,164642396.917,165582080,1,false
load,7833,164659541.837,164662790.113,165602664,1,false
load,7834,164679964.090,164683793.356,165623064,1,false
load,7835,164700975.925,164703796.457,165644052,1,false
load,7836,164721978.359,164724803.879,165665036,1,false
load,7837,164742981.899,164744793.772,165686020,1,false
load,7838,164763964.775,164765794.550,165706992,1,false
load,7839,164784972.160,164789787.978,165727976,1,false
load,7840,164805967.517,164810791.452,165748952,1,false
load,7841,164826955.556,164830783.984,165769912,1,false
load,7842,164847952.474,164851791.001,165790892,1,false
load,7843,164868960.274,164871797.885,165811880,1,false
load,7844,164889966.701,164892793.931,165832864,1,false
load,7845,164910957.273,164912805.080,165853832,1,false
load,7846,164931965.456,164933781.724,165874824,1,false
load,7847,164952929.764,164957780.552,165895764,1,false
load,7848,164973931.139,164978785.926,165916744,1,false
load,7849,164994937.477,164998775.436,165937728,1,false
load,7850,165015930.844,165020776.053,165958704,1,false
load,7851,165036942.769,165039784.843,165979700,1,false
load,7852,165057960.004,165060788.039,166000688,1,false
load,7853,165078947.911,165080780.698,166021656,1,false
load,7854,165099927.594,165101775.348,166042616,1,false
load,7855,165120931.518,165125781.057,166063604,1,false
load,7856,165141930.502,165146775.472,166084584,1,false
load,7857,165162927.045,165166774.944,166105556,1,false
load,7858,165183925.570,165187774.379,166126532,1,false
load,7859,165204886.236,165207775.050,166147476,1,false
load,7860,165225926.480,165228776.928,166168492,1,false
load,7861,165246928.092,165249764.947,166189480,1,false
load,7862,165267916.900,165273771.982,166210444,1,false
load,7863,165288926.122,165293774.744,166231432,1,false
load,7864,165309923.560,165314777.493,166252412,1,false
load,7865,165330932.796,165334776.428,166273396,1,false
load,7866,165351927.183,165355772.658,166294372,1,false
load,7867,165372929.382,165375785.371,166315352,1,false
load,7868,165393935.493,165396777.400,166336344,1,false
load,7869,165414938.014,165416774.908,166357324,1,false
load,7870,165435923.390,165441773.443,166378292,1,false
load,7871,165456921.632,165461775.705,166399268,1,false
load,7872,165477936.343,165482775.421,166420256,1,false
load,7873,165498922.543,165502777.906,166441224,1,false
load,7874,165519933.458,165523790.352,166462220,1,false
load,7875,165540940.930,165543775.420,166483204,1,false
load,7876,165561933.527,165564777.223,166504180,1,false
load,7877,165582930.028,165584781.730,166525156,1,false
load,7878,165603940.176,165610767.750,166546140,1,false
load,7879,165624922.898,165629776.992,166567100,1,false
load,7880,165645927.124,165650777.566,166588088,1,false
load,7881,165666931.508,165670774.979,166609072,1,false
load,7882,165687933.059,165691781.996,166630052,1,false
load,7883,165708935.020,165711777.944,166651032,1,false
load,7884,165729949.704,165731782.010,166672032,1,false
load,7885,165750947.556,165752781.853,166693000,1,false
load,7886,165771938.098,165777773.634,166713980,1,false
load,7887,165792926.828,165797296.134,166734948,1,false
load,7888,165813430.480,165817766.739,166755468,1,false
load,7889,165833914.670,165838239.076,166775892,1,false
load,7890,165854345.740,165858712.064,166796304,1,false
load,7891,165874856.905,165879776.888,166816792,1,false
load,7892,165894876.819,165899776.690,166836796,1,false
load,7893,165915930.498,165920775.486,166857824,1,false
load,7894,165936937.822,165940779.548,166878816,1,false
load,7895,165957930.798,165961776.247,166899788,1,false
load,7896,165978941.717,165981778.497,166920780,1,false
load,7897,165998949.510,166002780.844,166940764,1,false
load,7898,166019940.737,166024770.573,166961736,1,false
load,7899,166040921.909,166043775.506,166982700,1,false
load,7900,166061930.578,166063784.960,167003684,1,false
load,7901,166082937.389,166084774.212,167024676,1,false
load,7902,166103938.437,166108785.249,167045648,1,false
load,7903,166124940.528,166129776.517,167066640,1,false
load,7904,166145931.293,166149781.218,167087604,1,false
load,7905,166166933.983,166170781.666,167108584,1,false
load,7906,166187939.345,166190776.035,167129576,1,false
load,7907,166208923.409,166211777.702,167150536,1,false
load,7908,166229933.795,166231773.832,167171532,1,false
load,7909,166250926.313,166256776.851,167192492,1,false
load,7910,166271931.953,166276779.802,167213484,1,false
load,7911,166292935.638,166297780.993,167234468,1,false
load,7912,166313939.641,166317801.363,167255452,1,false
load,7913,166334959.802,166338777.632,167276456,1,false
load,7914,166355934.106,166358783.681,167297408,1,false
load,7915,166376960.325,166379790.882,167318412,1,false
load,7916,166397941.043,166399777.333,167339376,1,false
load,7917,166418929.521,166424771.681,167360344,1,false
load,7918,166439931.511,166445765.926,167381320,1,false
load,7919,166460871.151,166465775.407,167402232,1,false
load,7920,166481924.361,166485775.406,167423276,1,false
load,7921,166502927.460,166506779.213,167444252,1,false
load,7922,166523933.489,166526777.492,167465240,1,false
load,7923,166544940.418,166547690.556,167486220,1,false
load,7924,166565842.329,166567777.217,167507112,1,false
load,7925,166585878.925,166589765.716,167527128,1,false
load,7926,166606872.464,166608778.800,167548092,1,false
load,7927,166627928.147,166633773.904,167569132,1,false
load,7928,166648906.050,166653777.773,167590096,1,false
load,7929,166669934.912,166674777.632,167611100,1,false
load,7930,166690929.471,166694776.889,167632072,1,false
load,7931,166711933.014,166714784.590,167653060,1,false
load,7932,166732934.160,166735777.304,167674036,1,false
load,7933,166753936.895,166755785.387,167695016,1,false
load,7934,166774932.992,166776774.917,167716000,1,false
load,7935,166795932.824,166802766.679,167736972,1,false
load,7936,166816872.937,166821774.956,167757892,1,false
load,7937,166837920.860,166841791.610,167778920,1,false
load,7938,166858945.074,166862778.908,167799928,1,false
load,7939,166879930.707,166882777.985,167820888,1,false
load,7940,166900941.231,166903195.963,167841876,1,false
load,7941,166921370.362,166923626.308,167862300,1,false
load,7942,166941800.929,166944131.564,167882688,1,false
load,7943,166962306.245,166965412.444,167903184,1,false
load,7944,166982543.388,166985061.477,167923404,1,false
load,7945,167003220.358,167005558.757,167944056,1,false
load,7946,167023717.020,167027766.384,167964532,1,false
load,7947,167043917.693,167048777.211,167984724,1,false
load,7948,167064932.907,167067006.133,168005708,1,false
load,7949,167085220.285,167087476.046,168025984,1,false
load,7950,167105628.823,167107966.869,168046372,1,false
load,7951,167126082.854,167128440.051,168066812,1,false
load,7952,167146592.535,167148908.395,168087288,1,false
load,7953,167167081.937,167169402.206,168107772,1,false
load,7954,167187528.742,167189864.134,168128188,1,false
load,7955,167207987.458,167210350.445,168148632,1,false
load,7956,167228488.359,167230826.790,168169104,1,false
load,7957,167248985.544,167251418.556,168189584,1,false
load,7958,167269638.665,167273770.659,168210224,1,false
load,7959,167289931.088,167292777.716,168230492,1,false
load,7960,167310927.692,167312777.156,168251472,1,false
load,7961,167331941.449,167333776.151,168272456,1,false
load,7962,167352937.242,167358772.766,168293436,1,false
load,7963,167373925.629,167378776.766,168314408,1,false
load,7964,167394930.367,167398774.626,168335392,1,false
load,7965,167415927.521,167420769.065,168356368,1,false
load,7966,167436926.022,167439775.975,168377352,1,false
load,7967,167457931.077,167460775.835,168398328,1,false
load,7968,167478926.758,167480786.543,168419300,1,false
load,7969,167499936.007,167501774.170,168440292,1,false
load,7970,167520945.399,167525784.493,168461284,1,false
load,7971,167541941.655,167546789.222,168482256,1,false
load,7972,167562950.321,167567766.670,168503244,1,false
load,7973,167583882.467,167587778.043,168524160,1,false
load,7974,167604931.786,167607779.523,168545188,1,false
load,7975,167625939.880,167628778.737,168566168,1,false
load,7976,167646936.678,167648778.253,168587152,1,false
load,7977,167667919.285,167669775.871,168608112,1,false
load,7978,167688936.900,167693775.428,168629112,1,false
load,7979,167709932.784,167714164.779,168650084,1,false
load,7980,167730331.834,167734598.695,168670472,1,false
load,7981,167750764.675,167755102.584,168690876,1,false
load,7982,167771278.236,167775568.661,168711376,1,false
load,7983,167791734.831,167796031.123,168731812,1,false
load,7984,167812183.614,167816539.822,168752236,1,false
load,7985,167832693.309,167837011.936,168772728,1,false
load,7986,167853236.626,167857705.671,168793252,1,false
load,7987,167873848.270,167877954.188,168813840,1,false
load,7988,167894193.818,167898455.964,168834164,1,false
load,7989,167914607.719,167918924.643,168854556,1,false
load,7990,167935079.159,167939408.628,168875016,1,false
load,7991,167955564.094,167959861.286,168895472,1,false
load,7992,167976016.213,167980351.680,168915908,1,false
load,7993,167996523.541,168000836.470,168936396,1,false
load,7994,168016995.287,168021309.287,168956844,1,false
load,7995,168037466.599,168041791.026,168977300,1,false
load,7996,168057943.230,168062282.030,168997756,1,false
load,7997,168078432.716,168082740.699,169018256,1,false
load,7998,168098855.894,168104770.815,169038632,1,false
load,7999,168118869.933,168124769.954,169058628,1,false
load,8000,168139917.487,168145112.292,169079644,1,false
load,8001,168160296.481,168165542.855,169100012,1,false
load,8002,168180701.688,168185803.494,169120400,1,false
load,8003,168200783.969,168205785.037,169140448,1,false
load,8004,168220939.405,168222050.039,169160596,1,false
load,8005,168241203.982,168242522.006,169180844,1,false
load,8006,168261674.951,168262952.482,169201288,1,false
load,8007,168282109.867,168283435.562,169221700,1,false
load,8008,168302584.656,168303919.860,169242160,1,false
load,8009,168323073.748,168324427.485,169262628,1,false
load,8010,168343581.149,168344876.297,169283116,1,false
load,8011,168364034.594,168365343.698,169303548,1,false
load,8012,168384577.750,168386141.649,169324072,1,false
load,8013,168405309.442,168410392.881,169344788,1,false
load,8014,168425558.355,168426790.222,169365012,1,false
load,8015,168445946.176,168447297.789,169385380,1,false
load,8016,168466452.408,168468805.758,169405880,1,false
load,8017,168486945.695,168488777.863,169426340,1,false
load,8018,168507946.490,168513740.146,169447320,1,false
load,8019,168528859.983,168533787.455,169468220,1,false
load,8020,168548886.543,168553775.689,169488228,1,false
load,8021,168569943.963,168574779.663,169509260,1,false
load,8022,168590931.216,168594783.594,169530228,1,false
load,8023,168611936.858,168617767.686,169551208,1,false
load,8024,168632927.308,168638773.683,169572184,1,false
load,8025,168653932.124,168656792.088,169593164,1,false
load,8026,168674921.249,168676774.735,169614140,1,false
load,8027,168695924.410,168697775.970,169635116,1,false
load,8028,168716926.452,168721779.007,169656100,1,false
load,8029,168737940.515,168742776.748,169677096,1,false
load,8030,168758943.232,168762776.636,169698076,1,false
load,8031,168779932.429,168783776.369,169719044,1,false
load,8032,168800937.096,168803776.107,169740024,1,false
load,8033,168821929.321,168824776.068,169761000,1,false
load,8034,168842930.096,168844778.115,169781984,1,false
load,8035,168863924.946,168865778.319,169802956,1,false
load,8036,168884940.170,168890766.124,169823948,1,false
load,8037,168905920.414,168910777.723,169844908,1,false
load,8038,168926930.734,168930776.141,169865900,1,false
load,8039,168947928.220,168951776.962,169886880,1,false
load,8040,168968927.789,168971785.120,169907856,1,false
load,8041,168989937.092,168992777.173,169928840,1,false
load,8042,169010935.532,169012777.088,169949816,1,false
load,8043,169031942.935,169033775.607,169970808,1,false
load,8044,169052927.818,169057777.122,169991776,1,false
load,8045,169073926.711,169078778.697,170012752,1,false
load,8046,169094932.549,169098786.329,170033732,1,false
load,8047,169115934.314,169119776.591,170054716,1,false
load,8048,169136929.943,169139777.369,170075700,1,false
load,8049,169157928.517,169160776.728,170096672,1,false
load,8050,169178930.481,169180776.903,170117648,1,false
load,8051,169199927.913,169205774.021,170138640,1,false
load,8052,169220931.396,169227765.569,170159616,1,false
load,8053,169241872.080,169246779.717,170180532,1,false
load,8054,169262929.671,169266779.705,170201568,1,false
load,8055,169283934.323,169287775.548,170222556,1,false
load,8056,169304922.123,169307777.181,170243520,1,false
load,8057,169325934.297,169328776.352,170264516,1,false
load,8058,169346926.257,169348774.932,170285484,1,false
load,8059,169367947.958,169373794.183,170306492,1,false
load,8060,169388941.927,169393778.959,170327460,1,false
load,8061,169409938.073,169414777.657,170348432,1,false
load,8062,169430930.202,169434773.467,170369412,1,false
load,8063,169451925.906,169455776.621,170390380,1,false
load,8064,169472925.997,169475775.833,170411364,1,false
load,8065,169493930.043,169496775.243,170432344,1,false
load,8066,169514920.891,169516776.764,170453312,1,false
load,8067,169535942.691,169541778.812,170474320,1,false
load,8068,169556943.803,169561781.876,170495300,1,false
load,8069,169577939.248,169582793.214,170516268,1,false
load,8070,169598949.754,169602778.599,170537264,1,false
load,8071,169619934.923,169623780.802,170558228,1,false
load,8072,169640949.872,169645767.084,170579216,1,false
load,8073,169661932.530,169663778.358,170600184,1,false
load,8074,169682940.286,169684779.182,170621176,1,false
load,8075,169703919.073,169709773.143,170642132,1,false
load,8076,169724928.600,169729295.746,170663116,1,false
load,8077,169745432.664,169750766.822,170683628,1,false
load,8078,169765943.408,169772959.187,170704092,1,false
load,8079,169786095.823,169790792.827,170724228,1,false
load,8080,169806957.467,169811780.056,170745068,1,false
load,8081,169827920.666,169831784.458,170766012,1,false
load,8082,169848950.929,169852783.166,170787028,1,false
load,8083,169869953.882,169872784.711,170808004,1,false
load,8084,169890927.139,169893134.514,170828952,1,false
load,8085,169911291.734,169913606.707,170849304,1,false
load,8086,169931730.046,169934060.464,170869724,1,false
load,8087,169952230.116,169954515.955,170890200,1,false
load,8088,169972651.313,169975025.771,170910604,1,false
load,8089,169993159.131,169995517.794,170931084,1,false
load,8090,170013660.244,170015998.824,170951564,1,false
load,8091,170034160.467,170036500.796,170972052,1,false
load,8092,170054652.881,170056939.820,170992528,1,false
load,8093,170075091.010,170077447.425,171012940,1,false
load,8094,170095588.559,170097897.904,171033420,1,false
load,8095,170116013.735,170118406.383,171053824,1,false
load,8096,170136519.992,170138861.438,171074312,1,false
load,8097,170157000.737,170159334.934,171094768,1,false
load,8098,170177863.078,170181951.104,171115608,1,false
load,8099,170198075.574,170200322.096,171135812,1,false
load,8100,170218423.528,170220781.906,171156164,1,false
load,8101,170238924.460,170241257.675,171176616,1,false
load,8102,170259423.235,170261711.321,171197132,1,false
load,8103,170279851.482,170282216.388,171217500,1,false
load,8104,170300335.003,170302686.123,171237964,1,false
load,8105,170320855.431,170323174.310,171258472,1,false
load,8106,170341280.843,170343632.942,171278876,1,false
load,8107,170361796.122,170364120.799,171299368,1,false
load,8108,170382299.931,170384592.798,171319848,1,false
load,8109,170402729.968,170405101.423,171340260,1,false
load,8110,170423255.662,170425569.722,171360764,1,false
load,8111,170443680.068,170446052.326,171381168,1,false
load,8112,170464170.502,170466541.258,171401640,1,false
load,8113,170484667.219,170486995.403,171422124,1,false
load,8114,170505158.503,170507519.791,171442584,1,false
load,8115,170525658.432,170527982.002,171463064,1,false
load,8116,170546157.613,170548423.270,171483544,1,false
load,8117,170566578.289,170568915.356,171503952,1,false
load,8118,170587074.051,170589374.072,171524432,1,false
load,8119,170607502.251,170609857.625,171544832,1,false
load,8120,170628004.214,170630334.029,171565316,1,false
load,8121,170648484.841,170650830.871,171585780,1,false
load,8122,170668944.610,170671292.618,171606220,1,false
load,8123,170689445.276,170691789.021,171626712,1,false
load,8124,170709936.721,170714768.867,171647172,1,false
load,8125,170730852.227,170732727.889,171668064,1,false
load,8126,170751861.828,170753212.801,171689056,1,false
load,8127,170772343.118,170773686.637,171709512,1,false
load,8128,170792852.754,170794156.581,171730004,1,false
load,8129,170813307.205,170814704.976,171750444,1,false
load,8130,170833884.968,170835149.803,171770996,1,false
load,8131,170854327.464,170855646.204,171791416,1,false
load,8132,170874801.577,170876167.675,171811872,1,false
load,8133,170895317.048,170896567.673,171832368,1,false
load,8134,170915742.160,170917050.775,171852772,1,false
load,8135,170936167.626,170937780.555,171873176,1,false
load,8136,170956934.366,170958025.701,171893928,1,false
load,8137,170977140.326,170978514.337,171914116,1,false
load,8138,170997643.879,170998994.441,171934596,1,false
load,8139,171018146.255,171019524.824,171955080,1,false
load,8140,171038650.631,171039945.219,171975564,1,false
load,8141,171059082.938,171060433.849,171995972,1,false
load,8142,171079575.362,171080870.250,172016452,1,false
load,8143,171100004.034,171101403.142,172036860,1,false
load,8144,171120509.095,171121865.885,172057340,1,false
load,8145,171141008.735,171142329.450,172077832,1,false
load,8146,171161450.067,171162825.924,172098252,1,false
load,8147,171181937.893,171183798.056,172118716,1,false
load,8148,171202969.936,171207868.532,172139716,1,false
load,8149,171223030.669,171226765.347,172159760,1,false
load,8150,171243924.070,171248805.488,172180632,1,false
load,8151,171264931.371,171269300.777,172201620,1,false
load,8152,171285438.960,171289783.355,172222124,1,false
load,8153,171305935.976,171310764.252,172242584,1,false
load,8154,171326867.256,171330730.498,172263504,1,false
load,8155,171347856.984,171351212.991,172284464,1,false
load,8156,171368859.403,171373767.634,172305448,1,false
load,8157,171388868.498,171392164.529,172325436,1,false
load,8158,171409297.895,171412641.143,172345852,1,false
load,8159,171429794.761,171433769.358,172366324,1,false
load,8160,171449916.217,171453607.778,172386432,1,false
load,8161,171470714.113,171474094.764,172407208,1,false
load,8162,171491214.275,171494592.031,172427688,1,false
load,8163,171511746.039,171515054.961,172448196,1,false
load,8164,171532159.187,171535516.425,172468588,1,false
load,8165,171552663.885,171556018.674,172489072,1,false
load,8166,171573159.773,171576524.855,172509548,1,false
load,8167,171593665.941,171596977.105,172530032,1,false
load,8168,171614133.953,171617430.311,172550484,1,false
load,8169,171634575.330,171637935.181,172570908,1,false
load,8170,171655087.904,171658424.932,172591404,1,false
load,8171,171675572.551,171679787.138,172611868,1,false
load,8172,171695944.916,171699351.568,172632220,1,false
load,8173,171716503.503,171719855.781,172652756,1,false
load,8174,171736998.359,171740321.089,172673232,1,false
load,8175,171757468.901,171760810.669,172693684,1,false
load,8176,171777985.655,171781296.660,172714176,1,false
load,8177,171798456.166,171801780.676,172734632,1,false
load,8178,171818924.893,171822258.980,172755076,1,false
load,8179,171839409.954,171842724.760,172775588,1,false
load,8180,171859853.120,171869532.654,172795960,1,false
load,8181,171886281.472,171887785.758,172822312,1,false
load,8182,171902961.799,171905776.770,172839032,1,false
load,8183,171923041.467,171924627.955,172859096,1,false
load,8184,171943763.487,171945113.671,172879796,1,false
load,8185,171964233.333,171965587.362,172900248,1,false
load,8186,171984748.994,171986084.794,172920736,1,false
load,8187,172005232.487,172006557.288,172941212,1,false
load,8188,172025744.561,172035274.037,172961692,1,false
load,8189,172046458.054,172047524.621,172982392,1,false
load,8190,172066727.002,172068000.800,173002636,1,false
load,8191,172086855.289,172089793.446,173022744,1,false
load,8192,172106900.495,172110773.998,173042768,1,false
load,8193,172126918.533,172130770.641,173062772,1,false
load,8194,172147924.938,172151771.058,173083756,1,false
load,8195,172168932.716,172171770.293,173104748,1,false
load,8196,172189911.455,172196771.982,173125700,1,false
load,8197,172210931.963,172216772.137,173146700,1,false
load,8198,172231918.948,172237785.360,173167672,1,false
load,8199,172252938.005,172257781.714,173188672,1,false
load,8200,172273937.504,172277766.450,173209648,1,false
load,8201,172294925.812,172298771.412,173230620,1,false
load,8202,172315928.108,172319772.690,173251604,1,false
load,8203,172336927.938,172339289.246,173272572,1,false
load,8204,172357441.826,172359774.886,173293088,1,false
load,8205,172377926.160,172380771.571,173313532,1,false
load,8206,172398925.275,172405403.791,173334508,1,false
load,8207,172419554.849,172425586.954,173355124,1,false
load,8208,172439688.230,172441771.762,173375240,1,false
load,8209,172459878.632,172462770.436,173395408,1,false
load,8210,172480918.948,172486770.660,173416424,1,false
load,8211,172501927.711,172507485.359,173437416,1,false
load,8212,172522660.795,172527689.903,173458128,1,false
load,8213,172542790.959,172548771.662,173478240,1,false
load,8214,172562921.116,172568772.076,173498352,1,false
load,8215,172583930.756,172589294.163,173519344,1,false
load,8216,172604434.127,172609768.982,173539840,1,false
load,8217,172624924.216,172630771.138,173560292,1,false
load,8218,172645938.907,172650782.802,173581292,1,false
load,8219,172666938.372,172671770.594,173602268,1,false
load,8220,172687929.183,172690808.633,173623236,1,false
load,8221,172708987.103,172711783.704,173644280,1,false
load,8222,172729933.761,172731778.345,173665196,1,false
load,8223,172750936.308,172752778.773,173686180,1,false
load,8224,172771912.882,172776782.464,173707136,1,false
load,8225,172792932.775,172797774.950,173728136,1,false
load,8226,172813926.857,172817774.911,173749116,1,false
load,8227,172834936.149,172838782.381,173770104,1,false
load,8228,172855962.351,172858779.285,173791104,1,false
load,8229,172876952.177,172879776.027,173812072,1,false
load,8230,172897956.544,172899777.123,173833056,1,false
load,8231,172919003.290,172924780.583,173854080,1,false
load,8232,172939955.070,172944788.482,173875012,1,false
load,8233,172960960.151,172965776.667,173895996,1,false
load,8234,172981946.590,172985778.385,173916964,1,false
load,8235,173003036.502,173006774.219,173938036,1,false
load,8236,173023933.139,173026773.832,173958912,1,false
load,8237,173044936.807,173047775.394,173979900,1,false
load,8238,173065943.911,173067773.838,174000884,1,false
load,8239,173087996.775,173092780.435,174022912,1,false
load,8240,173108946.069,173112778.585,174043848,1,false
load,8241,173129062.525,173132928.624,174063940,1,false
load,8242,173150086.545,173153793.057,174084940,1,false
load,8243,173170963.261,173174781.823,174105800,1,false
load,8244,173191937.249,173194772.601,174126752,1,false
load,8245,173212932.810,173215768.198,174147732,1,false
load,8246,173233931.369,173235770.706,174168708,1,false
load,8247,173254933.594,173260969.083,174189684,1,false
load,8248,173275122.536,173276767.366,174209860,1,false
load,8249,173295917.683,173300985.136,174230628,1,false
load,8250,173316151.019,173317771.203,174250844,1,false
load,8251,173336925.452,173341768.109,174271600,1,false
load,8252,173357917.411,173362772.647,174292572,1,false
load,8253,173378932.359,173382770.577,174313568,1,false
load,8254,173399922.351,173403767.847,174334540,1,false
load,8255,173420923.831,173423768.474,174355512,1,false
load,8256,173441971.408,173444772.229,174376552,1,false
load,8257,173462926.115,173464769.567,174397480,1,false
load,8258,173483938.314,173485770.506,174418468,1,false
load,8259,173504918.332,173509770.828,174439436,1,false
load,8260,173525951.820,173530781.373,174460440,1,false
load,8261,173546965.466,173550687.598,174481436,1,false
load,8262,173567311.022,173571447.014,174501764,1,false
load,8263,173587666.034,173591649.215,174522092,1,false
load,8264,173607794.452,173612114.523,174542208,1,false
load,8265,173628268.664,173632584.127,174562660,1,false
load,8266,173648749.604,173653074.070,174583120,1,false
load,8267,173669226.816,173673559.456,174603580,1,false
load,8268,173689713.713,173694119.638,174624044,1,false
load,8269,173710286.574,173714532.477,174644600,1,false
load,8270,173730734.963,173734999.085,174665028,1,false
load,8271,173751190.346,173755511.844,174685472,1,false
load,8272,173771685.418,173775917.447,174705932,1,false
load,8273,173792065.131,173796420.622,174726304,1,false
load,8274,173812575.303,173816900.258,174746792,1,false
load,8275,173833062.205,173837412.111,174767256,1,false
load,8276,173853580.830,173857847.547,174787756,1,false
load,8277,173874012.816,173878337.867,174808164,1,false
load,8278,173894494.800,173898805.845,174828632,1,false
load,8279,173914963.507,173919791.973,174849072,1,false
load,8280,173935973.450,173940776.405,174870064,1,false
load,8281,173956931.819,173960776.369,174891004,1,false
load,8282,173977936.675,173980778.453,174911984,1,false
load,8283,173998931.095,174001775.585,174932956,1,false
load,8284,174019931.980,174021776.578,174953940,1,false
load,8285,174040927.141,174042781.198,174974916,1,false
load,8286,174061944.315,174066773.468,174995916,1,false
load,8287,174082927.738,174087774.856,175016880,1,false
load,8288,174103920.444,174108794.628,175037848,1,false
load,8289,174124969.743,174129768.554,175058876,1,false
load,8290,174145927.860,174149769.749,175079816,1,false
load,8291,174166930.599,174170768.952,175100800,1,false
load,8292,174187926.049,174190769.474,175121772,1,false
load,8293,174208926.167,174211768.551,175142752,1,false
load,8294,174229932.650,174235770.106,175163736,1,false
load,8295,174250973.269,174256772.060,175184760,1,false
load,8296,174271940.686,174276770.765,175205708,1,false
load,8297,174292930.353,174297772.119,175226672,1,false
load,8298,174313930.067,174317767.900,175247660,1,false
load,8299,174334924.273,174337092.638,175268628,1,false
load,8300,174355284.759,174357548.914,175288968,1,false
load,8301,174375719.801,174378023.374,175309388,1,false
load,8302,174396356.675,174398510.007,175330004,1,false
load,8303,174416690.450,174418985.745,175350316,1,false
load,8304,174437140.495,174439500.317,175370748,1,false
load,8305,174457686.563,174459968.080,175391264,1,false
load,8306,174478133.139,174480411.527,175411700,1,false
load,8307,174498566.332,174502769.479,175432112,1,false
load,8308,174518923.561,174522003.125,175452452,1,false
load,8309,174539148.503,174541846.615,175472656,1,false
load,8310,174560010.904,174563041.534,175493500,1,false
load,8311,174580223.960,174584037.477,175513688,1,false
load,8312,174601193.215,174604229.553,175534636,1,false
load,8313,174621384.360,174625080.131,175554880,1,false
load,8314,174642248.503,174644814.288,175575656,1,false
load,8315,174663041.460,174665769.719,175596428,1,false
load,8316,174683924.060,174685785.082,175617284,1,false
load,8317,174704958.010,174709775.878,175638300,1,false
load,8318,174725942.513,174730301.092,175659272,1,false
load,8319,174746462.663,174750799.377,175679768,1,false
load,8320,174766953.921,174771217.696,175700240,1,false
load,8321,174787381.110,174791685.429,175720716,1,false
load,8322,174807841.501,174812210.551,175741080,1,false
load,8323,174831989.227,174836769.299,175765208,1,false
load,8324,174852938.277,174857787.947,175786144,1,false
load,8325,174873949.527,174877777.560,175807128,1,false
load,8326,174896809.440,174898781.334,175829964,1,false
load,8327,174916959.139,174918690.218,175850092,1,false
load,8328,174937854.397,174939160.530,175870968,1,false
load,8329,174958317.878,174959631.207,175891416,1,false
load,8330,174978796.356,174980116.525,175911872,1,false
load,8331,174999287.794,175000595.768,175932340,1,false
load,8332,175019779.470,175022770.168,175952808,1,false
load,8333,175039931.596,175042769.345,175972948,1,false
load,8334,175060920.149,175063766.669,175993916,1,false
load,8335,175081921.290,175087769.730,176014896,1,false
load,8336,175101945.577,175104765.485,176034904,1,false
load,8337,175122911.721,175128770.489,176055852,1,false
load,8338,175143921.129,175149770.946,176076840,1,false
load,8339,175164919.549,175169773.539,176097812,1,false
load,8340,175185923.257,175190778.734,176118808,1,false
load,8341,175206937.329,175210769.325,176139796,1,false
load,8342,175227919.976,175231770.408,176160748,1,false
load,8343,175248897.871,175251773.376,176181708,1,false
load,8344,175269931.836,175274960.526,176202728,1,false
load,8345,175290111.168,175291422.358,176222888,1,false
load,8346,175310752.391,175311866.980,176243508,1,false
load,8347,175331025.653,175332354.603,176263756,1,false
load,8348,175351520.721,175352856.450,176284236,1,false
load,8349,175372009.392,175373323.247,176304704,1,false
load,8350,175392501.282,175393818.224,176325172,1,false
load,8351,175412977.766,175414302.041,176345636,1,false
load,8352,175433449.927,175434762.562,176366088,1,false
load,8353,175453955.880,175455776.273,176386572,1,false
load,8354,175474936.969,175480770.061,176407540,1,false
load,8355,175495923.081,175500773.154,176428500,1,false
load,8356,175516933.677,175521849.969,176449484,1,false
load,8357,175536957.926,175541783.686,176469492,1,false
load,8358,175557031.402,175561778.869,176489540,1,false
load,8359,175577951.652,175582220.012,176510440,1,false
load,8360,175598389.994,175602791.619,176530924,1,false
load,8361,175618946.127,175623780.882,176551404,1,false
load,8362,175639946.199,175643644.133,176572380,1,false
load,8363,175660800.024,175664120.461,176593208,1,false
load,8364,175681272.358,175684578.798,176613668,1,false
load,8365,175701737.574,175705073.116,176634112,1,false
load,8366,175722248.803,175725519.232,176654588,1,false
load,8367,175742683.392,175746034.856,176675016,1,false
load,8368,175763234.845,175766830.152,176695548,1,false
load,8369,175783996.187,175787779.343,176716288,1,false
load,8370,175804935.316,175807775.903,176737212,1,false
load,8371,175825485.736,175828603.609,176757732,1,false
load,8372,175845774.174,175848783.028,176778004,1,false
load,8373,175865962.979,175868941.232,176798156,1,false
load,8374,175886094.713,175889407.284,176818296,1,false
load,8375,175906564.907,175909854.206,176838736,1,false
load,8376,175927012.745,175930369.773,176859168,1,false
load,8377,175947531.727,175950854.951,176879664,1,false
load,8378,175968041.567,175971330.688,176900156,1,false
load,8379,175988491.219,175991804.431,176920596,1,false
load,8380,176008967.774,176012250.773,176941040,1,false
load,8381,176029423.167,176032767.347,176961500,1,false
load,8382,176049936.199,176053239.919,176981980,1,false
load,8383,176070395.841,176073730.590,177002464,1,false
load,8384,176091054.240,176094211.454,177023048,1,false
load,8385,176111363.862,176114670.617,177043344,1,false
load,8386,176131791.040,176135148.821,177063740,1,false
load,8387,176152312.506,176155638.560,177084256,1,false
load,8388,176172800.810,176176116.947,177104716,1,false
load,8389,176193274.677,176196593.176,177125168,1,false
load,8390,176213749.625,176217055.648,177145620,1,false
load,8391,176234226.901,176237546.705,177166084,1,false
load,8392,176254649.668,176258026.886,177186484,1,false
load,8393,176275160.296,176278498.434,177206976,1,false
load,8394,176295660.341,176299006.423,177227464,1,false
load,8395,176316156.666,176319528.721,177247932,1,false
load,8396,176336664.388,176339951.418,177268420,1,false
load,8397,176357160.905,176360764.707,177288896,1,false
load,8398,176377923.977,176380910.910,177309636,1,false
load,8399,176398061.220,176401384.536,177329760,1,false
load,8400,176418499.105,176421838.238,177350176,1,false
load,8401,176439009.784,176442335.867,177370668,1,false
load,8402,176459441.974,176462793.581,177391080,1,false
load,8403,176479943.450,176483278.855,177411556,1,false
load,8404,176500435.930,176504764.636,177432040,1,false
load,8405,176520865.818,176524238.509,177452444,1,false
load,8406,176541382.993,176544737.930,177472996,1,false
load,8407,176564259.348,176569274.589,177495792,1,false
load,8408,176584408.449,176585690.862,177515956,1,false
load,8409,176604958.387,176606146.816,177536448,1,false
load,8410,176625317.662,176626664.532,177556796,1,false
load,8411,176645805.315,176647094.793,177577260,1,false
load,8412,176666261.892,176667616.347,177597692,1,false
load,8413,176687060.087,176692141.154,177618480,1,false
load,8414,176707316.505,176708575.368,177638708,1,false
load,8415,176727742.701,176729027.699,177659116,1,false
load,8416,176748198.416,176749520.989,177679552,1,false
load,8417,176769025.909,176774070.143,177700360,1,false
load,8418,176789265.276,176790512.816,177720576,1,false
load,8419,176812806.662,176815005.604,177744100,1,false
load,8420,176833155.005,176835781.326,177764428,1,false
load,8421,176853940.176,176856774.044,177785192,1,false
load,8422,176874936.571,176876775.333,177806172,1,false
load,8423,176895937.585,176897765.909,177827148,1,false
load,8424,176916865.792,176921667.346,177848052,1,false
load,8425,176937808.426,176942046.807,177868988,1,false
load,8426,176958174.843,176962527.048,177889324,1,false
load,8427,176978675.757,176982993.139,177909804,1,false
load,8428,176999165.255,177003516.338,177930272,1,false
load,8429,177019667.962,177023957.259,177950752,1,false
load,8430,177040090.921,177044407.356,177971160,1,false
load,8431,177060518.816,177064899.375,177991572,1,false
load,8432,177081015.154,177085371.459,178012044,1,false
load,8433,177101516.822,177105842.639,178032528,1,false
load,8434,177122001.868,177126336.501,178052992,1,false
load,8435,177142499.115,177146829.423,178073468,1,false
load,8436,177162986.389,177167284.342,178093936,1,false
load,8437,177183416.981,177187772.156,178114364,1,false
load,8438,177203914.093,177208245.776,178134824,1,false
load,8439,177224400.679,177228726.205,178155332,1,false
load,8440,177244870.012,177249214.992,178175744,1,false
load,8441,177265370.939,177269674.316,178196300,1,false
load,8442,177285802.703,177290179.369,178216628,1,false
load,8443,177306303.148,177310624.267,178237112,1,false
load,8444,177326728.243,177331122.638,178257520,1,false
load,8445,177347233.885,177351584.300,178278000,1,false
load,8446,177367738.937,177372079.654,178298488,1,false
load,8447,177388204.644,177392542.737,178318936,1,false
load,8448,177408697.139,177413052.121,178339408,1,false
load,8449,177429218.849,177433521.945,178359904,1,false
load,8450,177449640.332,177453974.018,178380316,1,false
load,8451,177470128.326,177474519.955,178400784,1,false
load,8452,177490633.809,177494937.110,178421268,1,false
load,8453,177511060.711,177515498.343,178441676,1,false
load,8454,177531642.339,177535898.651,178462236,1,false
load,8455,177552063.352,177556403.934,178482632,1,false
load,8456,177572564.340,177576893.347,178503116,1,false
load,8457,177593054.008,177597373.545,178523588,1,false
load,8458,177613477.818,177617848.576,178543988,1,false
load,8459,177634000.372,177638467.270,178564488,1,false
load,8460,177654579.316,177658811.208,178585048,1,false
load,8461,177674940.605,177679281.363,178605396,1,false
load,8462,177695442.739,177699786.424,178625876,1,false
load,8463,177715940.137,177720233.934,178646352,1,false
load,8464,177736362.063,177740728.365,178666748,1,false
load,8465,177756850.150,177761208.815,178687224,1,false
load,8466,177777353.882,177781662.740,178707708,1,false
load,8467,177797790.740,177802148.460,178728120,1,false
load,8468,177818296.702,177822637.444,178748612,1,false
load,8469,177838799.649,177845765.430,178769092,1,false
load,8470,177858865.712,177863765.471,178789140,1,false
load,8471,177879875.404,177884067.803,178810128,1,false
load,8472,177900221.457,177904542.396,178830452,1,false
load,8473,177920658.337,177926765.001,178850872,1,false
load,8474,177940883.049,177945517.384,178871080,1,false
load,8475,177961670.134,177965984.916,178891844,1,false
load,8476,177982308.462,177986495.163,178912464,1,false
load,8477,178002651.623,178006927.853,178932784,1,false
load,8478,178023093.034,178027765.906,178953212,1,false
load,8479,178043870.285,178048768.469,178973964,1,false
load,8480,178064869.190,178069769.065,178994944,1,false
load,8481,178085936.889,178089772.831,179015988,1,false
load,8482,178106943.318,178109312.859,179036972,1,false
load,8483,178127449.444,178129810.562,179057464,1,false
load,8484,178147938.316,178150279.857,179077928,1,false
load,8485,178168431.304,178170769.732,179098404,1,false
load,8486,178188929.578,178191233.233,179118884,1,false
load,8487,178209352.860,178211717.354,179139288,1,false
load,8488,178229850.994,178232193.562,179159764,1,false
load,8489,178250355.337,178252669.495,179180248,1,false
load,8490,178270791.084,178273161.832,179200660,1,false
load,8491,178291309.714,178295776.482,179221164,1,false
load,8492,178311938.596,178314101.862,179241772,1,false
load,8493,178332219.198,178334596.540,179262032,1,false
load,8494,178352712.308,178355783.067,179282508,1,false
load,8495,178372928.547,178376419.193,179302704,1,false
load,8496,178393571.002,178396036.989,179323320,1,false
load,8497,178414219.223,178416518.918,179343948,1,false
load,8498,178434652.033,178436972.291,179364364,1,false
load,8499,178455081.459,178457500.855,179384776,1,false
load,8500,178475653.880,178477974.349,179405324,1,false
load,8501,178496090.065,178498521.039,179425748,1,false
load,8502,178516665.240,178518895.524,179446300,1,false
load,8503,178537015.131,178539370.166,179466624,1,false
load,8504,178557535.162,178559890.371,179487128,1,false
load,8505,178578020.415,178580362.735,179507596,1,false
load,8506,178598523.088,178600849.621,179528076,1,false
load,8507,178619019.394,178621340.838,179548548,1,false
load,8508,178639444.701,178641794.009,179568960,1,false
load,8509,178659937.840,178662287.906,179589432,1,false
load,8510,178680461.537,178682770.473,179609932,1,false
load,8511,178700952.403,178703241.954,179630400,1,false
load,8512,178721390.073,178723747.521,179650872,1,false
load,8513,178741876.692,178744773.527,179671288,1,false
load,8514,178762805.704,178764704.763,179692204,1,false
load,8515,178782873.298,178785155.048,179712244,1,false
load,8516,178803310.384,178805640.857,179732668,1,false
load,8517,178823800.593,178826122.672,179753144,1,false
load,8518,178844238.782,178846591.997,179773548,1,false
load,8519,178864748.353,178867067.100,179794052,1,false
load,8520,178885224.815,178887538.861,179814496,1,false
load,8521,178905661.592,178908028.898,179834916,1,false
load,8522,178926172.948,178928510.161,179855408,1,false
load,8523,178946667.718,178949773.638,179875884,1,false
load,8524,178966938.994,178970774.782,179896132,1,false
load,8525,178987939.428,178989927.564,179917116,1,false
load,8526,179008079.754,179010414.152,179937240,1,false
load,8527,179028595.442,179030916.248,179957732,1,false
load,8528,179049031.644,179051360.947,179978148,1,false
load,8529,179069520.747,179071852.593,179998616,1,false
load,8530,179090015.264,179092340.460,180019092,1,false
load,8531,179110433.782,179112805.301,180039492,1,false
load,8532,179130956.910,179133310.613,180059992,1,false
load,8533,179151468.304,179153769.559,180080484,1,false
load,8534,179171907.944,179174238.232,180100904,1,false
load,8535,179192364.045,179195773.003,180121412,1,false
load,8536,179212950.023,179215210.225,180141904,1,false
load,8537,179233375.442,179235655.814,180162368,1,false
load,8538,179253801.726,179258777.659,180182724,1,false
load,8539,179273940.324,179276642.326,180202832,1,false
load,8540,179294803.094,179297138.266,180223684,1,false
load,8541,179315307.157,179317590.859,180244168,1,false
load,8542,179335739.470,179338096.607,180264572,1,false
load,8543,179356239.957,179358537.549,180285052,1,false
load,8544,179376718.408,179379041.115,180305512,1,false
load,8545,179397208.124,179399501.436,180325988,1,false
load,8546,179417649.115,179420014.821,180346404,1,false
load,8547,179438176.615,179440512.171,180366912,1,false
load,8548,179458681.054,179460937.330,180387396,1,false
load,8549,179482171.137,179485560.928,180410860,1,false
load,8550,179502675.597,179506199.843,180431356,1,false
load,8551,179523339.079,179529785.197,180452000,1,false
load,8552,179543947.629,179547788.111,180472584,1,false
load,8553,179564949.189,179567779.607,180493564,1,false
load,8554,179585319.684,179590781.056,180513912,1,false
load,8555,179605996.875,179610767.834,180534564,1,false
load,8556,179626931.003,179629790.352,180555480,1,false
load,8557,179647951.793,179649778.142,180576480,1,false
load,8558,179668942.952,179674782.240,180597452,1,false
load,8559,179689935.648,179694776.980,180618424,1,false
load,8560,179710942.448,179715786.840,180639408,1,false
load,8561,179731012.054,179735793.243,180659464,1,false
load,8562,179751947.203,179756024.256,180680372,1,false
load,8563,179772164.099,179776502.729,180700572,1,false
load,8564,179792666.776,179798771.515,180721060,1,false
load,8565,179812938.831,179817785.688,180741312,1,false
load,8566,179833956.264,179837801.606,180762308,1,false
load,8567,179854968.343,179858797.193,180783296,1,false
load,8568,179875977.607,179878786.484,180804288,1,false
load,8569,179896944.463,179899799.806,180825240,1,false
load,8570,179917974.554,179919991.781,180846244,1,false
load,8571,179938162.987,179940783.514,180866412,1,false
load,8572,179958934.567,179960642.013,180887160,1,false
load,8573,179979797.757,179981146.707,180908016,1,false
load,8574,180000290.134,180001614.120,180928480,1,false
load,8575,180020785.888,180022117.914,180948948,1,false
load,8576,180041247.502,180042566.805,180969392,1,false
load,8577,180061685.653,180063792.687,180989812,1,false
load,8578,180081946.336,180083777.968,181010056,1,false
load,8579,180102935.152,180104790.277,181031024,1,false
load,8580,180123945.269,180128777.842,181052016,1,false
load,8581,180144926.636,180149779.060,181072976,1,false
load,8582,180165934.182,180169778.787,181093960,1,false
load,8583,180186936.551,180190039.653,181114936,1,false
load,8584,180207203.884,180210508.791,181135188,1,false
load,8585,180227662.682,180230976.949,181155632,1,false
load,8586,180248125.798,180251512.260,181176072,1,false
load,8587,180268664.615,180271928.661,181196592,1,false
load,8588,180289081.839,180292408.566,181216988,1,false
load,8589,180309573.164,180312907.351,181237460,1,false
load,8590,180330062.171,180333374.423,181257932,1,false
load,8591,180350535.619,180353855.059,181278384,1,false
load,8592,180371013.320,180374322.339,181298840,1,false
load,8593,180391485.937,180395771.933,181319288,1,false
load,8594,180411934.729,180415772.567,181339716,1,false
load,8595,180432928.258,180435768.633,181360696,1,false
load,8596,180453940.148,180456275.416,181381684,1,false
load,8597,180474441.460,180476770.379,181402168,1,false
load,8598,180494934.281,180497773.785,181422636,1,false
load,8599,180515928.271,180517775.012,181443620,1,false
load,8600,180536936.082,180538771.400,181464604,1,false
load,8601,180557926.651,180563784.528,181485576,1,false
load,8602,180577959.119,180579770.215,181505588,1,false
load,8603,180598925.805,180603771.617,181526544,1,false
load,8604,180619931.913,180624779.335,181547516,1,false
load,8605,180640926.989,180644779.460,181568492,1,false
load,8606,180661939.059,180665791.100,181589476,1,false
load,8607,180682943.779,180685780.930,181610468,1,false
load,8608,180703934.450,180706234.747,181631432,1,false
load,8609,180724371.544,180726778.141,181651916,1,false
load,8610,180744927.203,180747772.833,181672392,1,false
load,8611,180765923.998,180767774.998,181693372,1,false
load,8612,180786931.964,180788123.168,181714356,1,false
load,8613,180807275.972,180808776.276,181734676,1,false
load,8614,180827935.713,180833779.194,181755320,1,false
load,8615,180848933.297,180853777.730,181776292,1,false
load,8616,180869938.061,180874778.451,181797280,1,false
load,8617,180890930.926,180894795.765,181818256,1,false
load,8618,180911960.886,180915178.098,181839268,1,false
load,8619,180932322.426,180935773.797,181859604,1,false
load,8620,180952926.783,180956073.052,181880188,1,false
load,8621,180973227.913,180976608.342,181900472,1,false
load,8622,180993779.031,180997781.417,181920992,1,false
load,8623,181013936.524,181017573.554,181941136,1,false
load,8624,181034733.128,181038014.079,181961916,1,false
load,8625,181055168.784,181058772.885,181982332,1,false
load,8626,181075917.919,181079215.606,182003064,1,false
load,8627,181096372.830,181099351.498,182023556,1,false
load,8628,181116896.122,181119776.523,182043992,1,false
load,8629,181137976.405,181140226.768,182065060,1,false
load,8630,181158412.463,181160722.892,182085492,1,false
load,8631,181178845.960,181181776.675,182105888,1,false
load,8632,181198881.248,181201776.755,182125904,1,false
load,8633,181219944.979,181222278.160,182146940,1,false
load,8634,181240440.896,181242778.115,182167424,1,false
load,8635,181260933.467,181263774.110,182187896,1,false
load,8636,181281929.017,181283775.228,182208872,1,false
load,8637,181302930.681,181304777.703,182229848,1,false
load,8638,181323940.057,181328772.619,182250844,1,false
load,8639,181344922.888,181349775.906,182271804,1,false
load,8640,181365940.188,181369778.181,182292800,1,false
load,8641,181386940.885,181390777.029,182313776,1,false
load,8642,181407940.288,181410605.951,182334760,1,false
load,8643,181428753.058,181432779.809,182355556,1,false
load,8644,181448943.574,181452770.979,182375720,1,false
load,8645,181469934.801,181472768.232,182396688,1,false
load,8646,181490921.534,181493770.113,182417668,1,false
load,8647,181511932.940,181512974.887,182438652,1,false
load,8648,181532134.428,181533504.963,182458836,1,false
load,8649,181552650.573,181553910.529,182479332,1,false
load,8650,181573082.912,181574399.084,182499744,1,false
load,8651,181593562.924,181594871.490,182520204,1,false
load,8652,181615904.396,181619788.343,182542524,1,false
load,8653,181636940.523,181640782.405,182563540,1,false
load,8654,181657935.833,181660778.583,182584508,1,false
load,8655,181678933.705,181681779.340,182605484,1,false
load,8656,181699938.319,181701778.453,182626476,1,false
load,8657,181720947.564,181725925.105,182647460,1,false
load,8658,181741080.024,181742310.970,182667572,1,false
load,8659,181761435.663,181762786.754,182687912,1,false
load,8660,181781952.107,181783279.063,182708404,1,false
load,8661,181802530.479,181803829.923,182728960,1,false
load,8662,181822947.692,181824237.306,182749360,1,false
load,8663,181843379.063,181844703.296,182769824,1,false
load,8664,181863879.959,181865766.683,182790252,1,false
load,8665,181884920.649,181889756.020,182811280,1,false
load,8666,181905921.949,181910243.297,182832256,1,false
load,8667,181926358.317,181931774.187,182852748,1,false
load,8668,181946921.328,181951219.210,182873216,1,false
load,8669,181967364.396,181971714.736,182893700,1,false
load,8670,181987858.829,181992173.339,182914116,1,false
load,8671,182008285.405,182012663.165,182934520,1,false
load,8672,182028795.247,182033145.860,182955016,1,false
load,8673,182049297.010,182053611.354,182975500,1,false
load,8674,182069722.184,182074102.975,182995900,1,false
load,8675,182090220.439,182094575.017,183016376,1,false
load,8676,182110731.888,182115051.953,183036860,1,false
load,8677,182131170.464,182135797.169,183057288,1,false
load,8678,182152005.446,182156023.103,183078096,1,false
load,8679,182172183.456,182176492.018,183098260,1,false
load,8680,182192611.477,182196961.467,183118664,1,false
load,8681,182213089.649,182217489.654,183139124,1,false
load,8682,182233652.111,182237908.194,183159660,1,false
load,8683,182254069.797,182258413.336,183180068,1,false
load,8684,182274560.930,182278887.071,183200540,1,false
load,8685,182294994.555,182299360.145,183220944,1,false
load,8686,182315495.673,182319836.006,183241428,1,false
load,8687,182335994.580,182340305.474,183261904,1,false
load,8688,182356501.146,182360799.793,183282396,1,false
load,8689,182447174.625,182451774.871,183372976,1,false
load,8690,182467934.746,182471776.012,183393716,1,false
load,8691,182488933.295,182492781.771,183414700,1,false
load,8692,182509949.331,182512778.386,183435696,1,false
load,8693,182530932.655,182533779.551,183456660,1,false
load,8694,182551938.051,182553777.420,183477640,1,false
load,8695,182572956.425,182577850.095,183498644,1,false
load,8696,182594005.233,182598328.561,183519672,1,false
load,8697,182614479.745,182618832.047,183540124,1,false
load,8698,182634936.443,182639336.284,183560564,1,false
load,8699,182655446.462,182659789.982,183581044,1,false
load,8700,182675951.311,182680288.017,183601532,1,false
load,8701,182696447.935,182700737.162,183622012,1,false
load,8702,182717016.517,182721244.412,183642556,1,false
load,8703,182737371.658,182741712.079,183662956,1,false
load,8704,182757859.302,182762175.791,183683364,1,false
load,8705,182778364.781,182782665.664,183703908,1,false
load,8706,182798798.117,182803140.831,183724260,1,false
load,8707,182819304.533,182823611.400,183744748,1,false
load,8708,182839731.022,182844091.510,183765152,1,false
load,8709,182860255.487,182864561.342,183785656,1,false
load,8710,182880947.109,182885049.052,183806332,1,false
load,8711,182901220.530,182905550.099,183826584,1,false
load,8712,182921723.457,182926023.163,183847068,1,false
load,8713,182942157.499,182946483.377,183867480,1,false
load,8714,182962649.201,182966958.971,183887952,1,false
load,8715,182983080.217,182987497.065,183908372,1,false
load,8716,183003647.039,183007917.767,183928912,1,false
load,8717,183024072.447,183028400.587,183949320,1,false
load,8718,183044557.901,183048895.452,183969788,1,false
load,8719,183065014.188,183069357.828,183990220,1,false
load,8720,183085512.496,183089883.305,184010692,1,false
load,8721,183106016.297,183110319.346,184031184,1,false
load,8722,183134565.650,183139788.361,184059696,1,false
load,8723,183155036.402,183159492.476,184080156,1,false
load,8724,183175644.874,183179973.693,184100744,1,false
load,8725,183196075.785,183200495.921,184121156,1,false
load,8726,183216649.636,183220935.062,184141704,1,false
load,8727,183237075.517,183241393.240,184162116,1,false
load,8728,183257502.691,183261893.581,184182524,1,false
load,8729,183278012.155,183282369.674,184203012,1,false
load,8730,183298508.249,183302840.456,184223480,1,false
load,8731,183318996.217,183323314.064,184243952,1,false
load,8732,183339423.855,183343792.724,184264368,1,false
load,8733,183361849.565,183364259.236,184286768,1,false
load,8734,183382424.860,183384739.478,184307324,1,false
load,8735,183403077.208,183405214.431,184327956,1,false
load,8736,183423353.170,183425699.142,184348280,1,false
load,8737,183443859.170,183446175.586,184368688,1,false
load,8738,183466265.290,183471778.620,184391080,1,false
load,8739,183486921.665,183491783.538,184411716,1,false
load,8740,183507934.153,183511775.091,184432712,1,false
load,8741,183527980.454,183532775.047,184452736,1,false
load,8742,183549043.220,183552777.035,184473784,1,false
load,8743,183569950.098,183573236.142,184494664,1,false
load,8744,183590372.717,183593778.330,184515116,1,false
load,8745,183610931.943,183614967.055,184535608,1,false
load,8746,183631071.824,183636769.934,184555728,1,false
load,8747,183651928.126,183655790.120,184576564,1,false
load,8748,183674815.749,183679819.747,184599432,1,false
load,8749,183694969.334,183696795.151,184619560,1,false
load,8750,183715949.689,183720779.937,184640528,1,false
load,8751,183735961.934,183737785.849,184660516,1,false
load,8752,183756948.574,183761785.927,184681488,1,false
load,8753,183777950.751,183785770.641,184702460,1,false
load,8754,183798929.007,183802785.692,184723416,1,false
load,8755,183819947.358,183823779.906,184744416,1,false
load,8756,183840947.309,183843777.542,184765396,1,false
load,8757,183861936.779,183864777.321,184786368,1,false
load,8758,183882952.060,183884501.439,184807360,1,false
load,8759,183903663.243,183905778.682,184828052,1,false
load,8760,183923938.379,183925780.459,184848312,1,false
load,8761,183944891.211,183951767.314,184869244,1,false
load,8762,183965929.533,183972768.325,184890260,1,false
load,8763,183986917.512,183991776.798,184911224,1,false
load,8764,184007931.102,184011779.729,184932220,1,false
load,8765,184028939.257,184032777.412,184953204,1,false
load,8766,184049932.510,184052783.122,184974176,1,false
load,8767,184070948.829,184073779.613,184995176,1,false
load,8768,184091935.104,184093335.456,185016136,1,false
load,8769,184112521.963,184116747.434,185036708,1,false
load,8770,184132884.439,184134290.341,185057052,1,false
load,8771,184153697.123,184154766.780,185077844,1,false
load,8772,184173999.504,184175229.147,185098124,1,false
load,8773,184194368.502,184195742.220,185118528,1,false
load,8774,184214451.928,184216854.968,185138536,1,false
load,8775,184235038.096,184236694.093,185159108,1,false
load,8776,184256097.746,184257146.973,185180140,1,false
load,8777,184276314.020,184277645.961,185200336,1,false
load,8778,184297806.334,184302241.713,185221816,1,false
load,8779,184318370.894,184322708.424,185242400,1,false
load,8780,184338897.109,184343216.269,185262864,1,false
load,8781,184359338.112,184364788.071,185283284,1,false
load,8782,184380020.177,184386880.778,185303940,1,false
load,8783,184401048.488,184404624.003,185324956,1,false
load,8784,184421792.792,184425095.545,185345660,1,false
load,8785,184442259.090,184445588.385,185366124,1,false
load,8786,184463353.667,184466057.436,185387264,1,false
load,8787,184484226.821,184488770.526,185408052,1,false
load,8788,184504937.399,184507778.598,185428744,1,false
load,8789,184525930.153,184527776.427,185449708,1,false
load,8790,184546931.938,184548778.826,185470692,1,false
load,8791,184567932.762,184572777.795,185491676,1,false
load,8792,184588938.960,184593782.728,185512656,1,false
load,8793,184609941.455,184613501.056,185533636,1,false
load,8794,184630666.051,184633983.856,185554344,1,false
load,8795,184651146.132,184654490.436,185574808,1,false
load,8796,184671597.650,184676768.773,185595240,1,false
load,8797,184691933.562,184695406.630,185615556,1,false
load,8798,184712567.794,184715903.335,185636168,1,false
load,8799,184733073.272,184737766.048,185656660,1,false
load,8800,184753872.970,184757797.910,185677436,1,false
load,8801,184773911.637,184777725.651,185697456,1,false
load,8802,184794858.779,184798782.600,185718380,1,false
load,8803,184814889.022,184818776.804,185738396,1,false
load,8804,184835943.081,184838779.293,185759424,1,false
load,8805,184856932.993,184859777.904,185780392,1,false
load,8806,184877938.167,184879790.007,185801380,1,false
load,8807,184898073.401,184900780.146,185821492,1,false
load,8808,184919014.495,184920796.619,185842412,1,false
load,8809,184939983.044,184941195.694,185863364,1,false
load,8810,184960370.135,184961795.702,185883780,1,false
load,8811,184980947.673,184982782.993,185904288,1,false
load,8812,185001927.057,185006787.275,185925244,1,false
load,8813,185022936.350,185027793.314,185946236,1,false
load,8814,185043947.216,185047780.883,185967224,1,false
load,8815,185064942.435,185068789.935,185988196,1,false
load,8816,185085950.365,185088783.198,186009184,1,false
load,8817,185106949.859,185111765.362,186030164,1,false
load,8818,185127944.645,185129790.225,186051144,1,false
load,8819,185148949.218,185150051.619,186072120,1,false
load,8820,185169208.585,185170521.387,186092360,1,false
load,8821,185189638.497,185190996.778,186112772,1,false
load,8822,185210139.710,185211481.593,186133260,1,false
load,8823,185230648.339,185231944.503,186153740,1,false
load,8824,185251081.893,185252484.988,186174160,1,false
load,8825,185271646.478,185272936.414,186194700,1,false
load,8826,185292087.234,185293385.721,186215124,1,false
load,8827,185312513.890,185313871.116,186235528,1,false
load,8828,185333011.217,185334341.256,186256008,1,false
load,8829,185353504.070,185354843.311,186276484,1,false
load,8830,185374008.072,185375297.553,186296964,1,false
load,8831,185394447.884,185395803.615,186317384,1,false
load,8832,185414942.702,185416268.977,186337860,1,false
load,8833,185435429.219,185436727.999,186358332,1,false
load,8834,185455862.446,185458768.741,186378744,1,false
load,8835,185476931.857,185485570.747,186399784,1,false
load,8836,185499525.665,185502315.926,186422356,1,false
load,8837,185520451.557,185522790.726,186443264,1,false
load,8838,185540937.492,185543256.835,186463732,1,false
load,8839,185561367.966,185563789.580,186484196,1,false
load,8840,185581946.019,185584780.253,186504696,1,false
load,8841,185602940.806,185604777.480,186525672,1,false
load,8842,185623943.073,185625777.559,186546652,1,false
load,8843,185644930.127,185650766.790,186567620,1,false
load,8844,185665942.090,185672768.165,186588620,1,false
load,8845,185686938.778,185690708.898,186609592,1,false
load,8846,185710888.567,185715303.783,186633520,1,false
load,8847,185731460.615,185735792.439,186654068,1,false
load,8848,185752010.324,185756793.531,186674604,1,false
load,8849,185773002.718,185776781.912,186695572,1,false
load,8850,185793934.104,185797551.235,186716480,1,false
load,8851,185814728.862,185821450.377,186737252,1,false
load,8852,185835621.868,185838163.278,186758132,1,false
load,8853,185856316.116,185858665.781,186778808,1,false
load,8854,185876949.552,185879097.539,186799420,1,false
load,8855,185897227.237,185899572.106,186819672,1,false
load,8856,185917693.774,185927539.218,186840124,1,false
load,8857,185938670.454,185940790.408,186861080,1,false
load,8858,185958947.196,185961784.068,186881332,1,false
load,8859,185979937.284,185981774.956,186902308,1,false
load,8860,186000933.309,186002777.308,186923284,1,false
load,8861,186022671.525,186026940.892,186945000,1,false
load,8862,186043084.668,186047061.199,186965384,1,false
load,8863,186063215.270,186067526.993,186985496,1,false
load,8864,186083704.717,186088768.415,187005980,1,false
load,8865,186103955.658,186108491.949,187026204,1,false
load,8866,186124650.394,186128967.908,187046876,1,false
load,8867,186145093.172,186149487.819,187067296,1,false
load,8868,186165602.047,186169950.838,187087788,1,false
load,8869,186186090.616,186190384.346,187108260,1,false
load,8870,186206516.874,186210872.713,187128664,1,false
load,8871,186227015.932,186231348.052,187149144,1,false
load,8872,186247505.467,186251832.783,187169608,1,false
load,8873,186272088.836,186276786.016,187194168,1,false
load,8874,186292946.309,186297780.534,187215012,1,false
load,8875,186313938.512,186317776.835,187235984,1,false
load,8876,186334931.240,186337831.583,187256948,1,false
load,8877,186355965.380,186358312.315,187277968,1,false
load,8878,186376469.457,186378779.133,187298456,1,false
load,8879,186396945.732,186399256.299,187318904,1,false
load,8880,186417428.859,186419746.464,187339372,1,false
load,8881,186437933.450,186442783.096,187359852,1,false
load,8882,186458955.923,186460789.411,187380860,1,false
load,8883,186479945.701,186481776.793,187401828,1,false
load,8884,186500952.505,186505729.815,187422812,1,false
load,8885,186521847.844,186526233.506,187443684,1,false
load,8886,186542348.716,186546744.431,187464240,1,false
load,8887,186562849.158,186567426.572,187484648,1,false
load,8888,186583575.472,186587705.654,187505356,1,false
load,8889,186603866.639,186608769.676,187525628,1,false
load,8890,186623874.413,186628639.554,187545624,1,false
load,8891,186644791.850,186649134.439,187566512,1,false
load,8892,186665299.441,186671770.048,187586996,1,false
load,8893,186685937.680,186690078.492,187607616,1,false
load,8894,186706226.441,186710580.928,187627884,1,false
load,8895,186726732.987,186731056.147,187648372,1,false
load,8896,186747175.508,186751514.070,187668800,1,false
load,8897,186767670.540,186772000.371,187689268,1,false
load,8898,186788171.635,186792483.603,187709748,1,false
load,8899,186808598.344,186812958.934,187730160,1,false
load,8900,186829089.791,186833481.516,187750636,1,false
load,8901,186849599.271,186853918.082,187771120,1,false
load,8902,186870085.337,186874410.941,187791588,1,false
load,8903,186890517.740,186894870.638,187811996,1,false
load,8904,186911011.850,186915349.336,187832480,1,false
load,8905,186931511.453,186935857.604,187852952,1,false
load,8906,186952008.803,186956292.687,187873428,1,false
load,8907,186972457.447,186976784.549,187893852,1,false
load,8908,186992951.402,186997764.387,187914332,1,false
load,8909,187016618.782,187017731.001,187937976,1,false
load,8910,187036845.445,187038787.207,187958184,1,false
load,8911,187056884.285,187058778.243,187978204,1,false
load,8912,187077950.929,187079768.033,187999256,1,false
load,8913,187098885.919,187103727.655,188020164,1,false
load,8914,187119992.285,187124254.027,188041252,1,false
load,8915,187140416.397,187144717.303,188061656,1,false
load,8916,187160856.862,187165226.233,188082072,1,false
load,8917,187181373.296,187187770.445,188102608,1,false
load,8918,187204808.390,187206781.772,188125984,1,false
load,8919,187225809.386,187230784.402,188146960,1,false
load,8920,187248813.829,187251732.456,188169940,1,false
load,8921,187268978.442,187271790.780,188190092,1,false
load,8922,187289918.693,187292779.851,188211008,1,false
load,8923,187310939.201,187312777.380,188232012,1,false
load,8924,187331948.071,187333788.533,188253000,1,false
load,8925,187352944.729,187357773.117,188273976,1,false
load,8926,187373942.905,187378785.368,188294948,1,false
load,8927,187394946.677,187398783.673,188315936,1,false
load,8928,187415941.234,187419783.199,188336908,1,false
load,8929,187436948.531,187439776.446,188357892,1,false
load,8930,187457937.917,187460782.099,188378868,1,false
load,8931,187478950.668,187480562.201,188399860,1,false
load,8932,187499677.693,187501033.495,188420568,1,false
load,8933,187519813.131,187521544.041,188440680,1,false
load,8934,187540679.446,187541990.248,188461532,1,false
load,8935,187561145.469,187562790.707,188481976,1,false
load,8936,187581958.261,187589773.659,188502764,1,false
load,8937,187602939.092,187607780.374,188523724,1,false
load,8938,187623938.396,187628800.500,188544708,1,false
load,8939,187644944.752,187648778.812,188565688,1,false
load,8940,187665935.117,187669008.266,188586656,1,false
load,8941,187686223.324,187689489.647,188606928,1,false
load,8942,187706654.727,187709968.707,188627340,1,false
load,8943,187727095.457,187730493.451,188647764,1,false
load,8944,187747660.344,187750924.903,188668300,1,false
load,8945,187768089.927,187771391.453,188688712,1,false
load,8946,187788589.190,187791847.963,188709196,1,false
load,8947,187809007.877,187812376.039,188729600,1,false
load,8948,187829528.536,187832822.482,188750096,1,false
load,8949,187849946.416,187853294.331,188770496,1,false
load,8950,187870456.340,187873784.146,188790984,1,false
load,8951,187890948.621,187894262.128,188811460,1,false
load,8952,187911498.608,187914749.203,188831980,1,false
load,8953,187931913.619,187935220.271,188852380,1,false
load,8954,187952344.428,187955680.185,188872856,1,false
load,8955,187972798.401,187976180.605,188893224,1,false
load,8956,187993312.418,187996649.501,188913732,1,false
load,8957,188013805.529,188017142.655,188934192,1,false
load,8958,188034301.668,188037592.633,188954668,1,false
load,8959,188056064.670,188058793.563,188976416,1,false
load,8960,188076123.672,188078643.692,188996452,1,false
load,8961,188096798.991,188099032.341,189017112,1,false
load,8962,188117172.746,188123803.187,189037456,1,false
load,8963,188139220.455,188144785.473,189059488,1,false
load,8964,188159966.719,188166777.370,189080212,1,false
load,8965,188180946.679,188185809.692,189101168,1,false
load,8966,188201997.682,188210788.082,189122196,1,false
load,8967,188223815.098,188226046.524,189143996,1,false
load,8968,188244162.736,188246471.640,189164320,1,false
load,8969,188264590.066,188266955.392,189184740,1,false
load,8970,188285098.125,188287467.291,189205224,1,false
load,8971,188305596.938,188307910.189,189225700,1,false
load,8972,188326027.664,188328386.737,189246112,1,false
load,8973,188346536.974,188348892.091,189266604,1,false
load,8974,188367055.302,188369386.200,189287100,1,false
load,8975,188387545.690,188390792.508,189307572,1,false
load,8976,188407952.088,188410781.237,189327956,1,false
load,8977,188428943.098,188431781.659,189348924,1,false
load,8978,188449948.650,188453772.404,189369912,1,false
load,8979,188470923.297,188477774.860,189390872,1,false
load,8980,188491935.348,188497771.844,189411860,1,false
load,8981,188512933.918,188516842.799,189432844,1,false
load,8982,188533074.571,188537300.818,189452952,1,false
load,8983,188553442.368,188557779.838,189473300,1,false
load,8984,188573519.482,188578785.902,189493364,1,false
load,8985,188593944.628,188598776.181,189513764,1,false
load,8986,188619834.914,188623773.211,189539632,1,false
load,8987,188639941.810,188644292.818,189559720,1,false
load,8988,188660444.083,188664770.958,189580204,1,false
load,8989,188680869.443,188685775.062,189600604,1,false
load,8990,188702834.097,188706772.869,189622552,1,false
load,8991,188721941.411,188726771.140,189641636,1,false
load,8992,188742934.612,188746772.131,189662616,1,false
load,8993,188763939.994,188766771.266,189683596,1,false
load,8994,188784948.566,188787776.424,189704584,1,false
load,8995,188805929.894,188807772.876,189725544,1,false
load,8996,188826930.180,188828769.096,189746532,1,false
load,8997,188847918.486,188853770.743,189767492,1,false
load,8998,188868943.378,188873775.539,189788500,1,false
load,8999,188889928.009,188893773.397,189809460,1,false
load,9000,188910932.496,188914770.815,189830444,1,false
load,9001,188931923.776,188934772.063,189851420,1,false
load,9002,188952941.294,188955317.992,189872412,1,false
load,9003,188973443.749,188975771.577,189892892,1,false
load,9004,188993927.277,188996772.868,189913356,1,false
load,9005,189014935.539,189016510.910,189934352,1,false
load,9006,189035659.314,189037778.639,189955048,1,false
load,9007,189055935.213,189057778.647,189975312,1,false
load,9008,189076939.513,189083773.604,189996296,1,false
load,9009,189097913.052,189102783.627,190017244,1,false
load,9010,189118940.423,189125772.805,190038248,1,false
load,9011,189139922.767,189143777.745,190059216,1,false
load,9012,189160947.748,189164778.220,190080216,1,false
load,9013,189181933.096,189184775.660,190101188,1,false
load,9014,189202929.838,189205299.949,190122164,1,false
load,9015,189223437.623,189225775.926,190142648,1,false
load,9016,189243934.063,189245891.255,190163124,1,false
load,9017,189263997.015,189266358.720,190183168,1,false
load,9018,189284511.864,189286821.205,190203660,1,false
load,9019,189304939.353,189307301.917,190224072,1,false
load,9020,189325446.025,189327790.825,190244556,1,false
load,9021,189345945.408,189348788.105,190265036,1,false
load,9022,189366948.929,189368782.304,190286020,1,false
load,9023,189387950.047,189390769.980,190307000,1,false
load,9024,189408939.269,189413778.042,190327972,1,false
load,9025,189429946.102,189434781.182,190348948,1,false
load,9026,189450942.900,189456767.797,190369932,1,false
load,9027,189470997.191,189475780.268,190389964,1,false
load,9028,189491938.787,189495773.586,190410884,1,false
load,9029,189512934.527,189516793.901,190431864,1,false
load,9030,189533951.992,189537765.700,190452856,1,false
load,9031,189554873.968,189557781.579,190473756,1,false
load,9032,189575931.743,189577658.381,190494796,1,false
load,9033,189596798.652,189598801.769,190515648,1,false
load,9034,189616989.114,189618773.775,190535820,1,false
load,9035,189637932.283,189639106.516,190556740,1,false
load,9036,189658272.420,189659781.894,190577060,1,false
load,9037,189678933.844,189680780.895,190597696,1,false
load,9038,189699954.908,189704782.330,190618700,1,false
load,9039,189720032.965,189728797.990,190638764,1,false
load,9040,189740969.930,189745574.139,190659672,1,false
load,9041,189761695.173,189766049.850,190680376,1,false
load,9042,189782158.846,189786517.407,190700828,1,false
load,9043,189802656.840,189808772.094,190721304,1,false
load,9044,189822923.748,189827474.950,190741548,1,false
load,9045,189843634.406,189847965.277,190762236,1,false
load,9046,189864088.494,189868465.916,190782680,1,false
load,9047,189884588.665,189888916.722,190803156,1,false
load,9048,189905065.287,189909381.745,190823612,1,false
load,9049,189925493.532,189929889.757,190844024,1,false
load,9050,189945998.604,189953567.997,190864500,1,false
load,9051,189966882.681,189970856.464,190885364,1,false
load,9052,189987022.082,189991310.064,190905492,1,false
load,9053,190007452.718,190011803.175,190925900,1,false
load,9054,190027958.034,190033488.899,190946384,1,false
load,9055,190048606.833,190052776.803,190967016,1,false
load,9056,190069020.221,190073210.585,190987412,1,false
load,9057,190089367.185,190093736.976,191007772,1,false
load,9058,190109853.685,190116295.859,191028200,1,false
load,9059,190130441.369,190134674.951,191048768,1,false
load,9060,190151453.346,190155171.466,191069756,1,false
load,9061,190172309.253,190175647.370,191090604,1,false
load,9062,190192825.533,190196081.093,191111096,1,false
load,9063,190213267.013,190216615.053,191131508,1,false
load,9064,190233787.242,190237077.672,191152004,1,false
load,9065,190254238.190,190257565.280,191172440,1,false
load,9066,190274719.517,190278768.981,191192912,1,false
load,9067,190294927.734,190298506.039,191213092,1,false
load,9068,190315650.864,190318989.316,191233800,1,false
load,9069,190336165.537,190339490.665,191254288,1,false
load,9070,190356649.033,190359937.194,191274756,1,false
load,9071,190377101.334,190385740.642,191295188,1,false
load,9072,190397863.691,190401885.305,191315932,1,false
load,9073,190418010.666,190421385.644,191336060,1,false
load,9074,190438517.500,190441850.335,191356548,1,false
load,9075,190459014.545,190462336.577,191377020,1,false
load,9076,190479772.994,190482826.519,191397752,1,false
load,9077,190500798.903,190503301.513,191418764,1,false
load,9078,190521455.082,190523788.644,191439404,1,false
load,9079,190541945.609,190544246.122,191459868,1,false
load,9080,190562371.336,190564724.665,191480308,1,false
load,9081,190583667.716,190585198.632,191501556,1,false
load,9082,190604371.910,190605677.595,191522268,1,false
load,9083,190624798.725,190626707.534,191542640,1,false
load,9084,190645859.034,190650780.302,191563688,1,false
load,9085,190665888.154,190669767.474,191583696,1,false
load,9086,190686926.162,190693765.147,191604712,1,false
load,9087,190707869.049,190712777.814,191625632,1,false
load,9088,190727885.051,190732652.166,191645628,1,false
load,9089,190752482.560,190757777.557,191670204,1,false
load,9090,190772944.845,190777779.523,191690648,1,false
load,9091,190793922.896,190798778.780,191711608,1,false
load,9092,190814940.493,190818780.153,191732600,1,false
load,9093,190835940.566,190839782.803,191753580,1,false
load,9094,190857057.619,190860395.457,191774680,1,false
load,9095,190877578.485,190882799.714,191795176,1,false
load,9096,190898817.910,190900617.607,191816396,1,false
load,9097,190919799.822,190921776.782,191837356,1,false
load,9098,190939934.390,190941537.005,191857472,1,false
load,9099,190960662.790,190962071.641,191878184,1,false
load,9100,190981247.790,190982511.284,191898744,1,false
load,9101,191001676.333,191003004.045,191919156,1,false
load,9102,191022176.350,191023481.932,191939636,1,false
load,9103,191042593.189,191043953.989,191960028,1,false
load,9104,191063092.178,191064473.644,191980508,1,false
load,9105,191084804.878,191088999.652,192002208,1,false
load,9106,191105171.201,191109462.150,192022552,1,false
load,9107,191125593.175,191133918.245,192042956,1,false
load,9108,191146022.529,191152771.697,192063364,1,false
load,9109,191166108.234,191170907.509,192083424,1,false
load,9110,191187015.223,191191428.468,192104312,1,false
load,9111,191207591.594,191212799.518,192124868,1,false
load,9112,191227951.529,191232766.205,192145212,1,false
load,9113,191248924.546,191252806.139,192166160,1,false
load,9114,191268944.490,191273268.132,192186168,1,false
load,9115,191289401.488,191294796.379,192206604,1,false
load,9116,191309944.243,191314777.567,192227124,1,false
load,9117,191330931.659,191334780.153,192248092,1,false
load,9118,191351934.285,191355780.557,192269068,1,false
load,9119,191372934.039,191377768.656,192290048,1,false
load,9120,191392987.952,191396962.100,192310088,1,false
load,9121,191413128.334,191417775.038,192330200,1,false
load,9122,191433928.162,191438781.251,192350984,1,false
load,9123,191454943.860,191458773.689,192371984,1,false
load,9124,191475933.626,191479772.368,192392952,1,false
load,9125,191496924.472,191499771.669,192413916,1,false
load,9126,191517932.479,191520769.317,192434908,1,false
load,9127,191538924.671,191543769.003,192455876,1,false
load,9128,191559877.352,191564770.314,192476816,1,false
load,9129,191580932.776,191584799.732,192497844,1,false
load,9130,191601963.202,191605784.720,192518864,1,false
load,9131,191622942.553,191625779.012,192539812,1,false
load,9132,191649788.358,191654796.274,192566624,1,false
load,9133,191669959.988,191674692.620,192586792,1,false
load,9134,191690864.445,191695171.294,192607668,1,false
load,9135,191711323.005,191715789.543,192628112,1,false
load,9136,191731952.334,191736785.431,192648716,1,false
load,9137,191752946.541,191756778.917,192669704,1,false
load,9138,191773931.475,191777778.425,192690660,1,false
load,9139,191794929.134,191797780.662,192711640,1,false
load,9140,191814941.943,191818787.055,192731632,1,false
load,9141,191835945.176,191839073.745,192752608,1,false
load,9142,191856244.784,191861236.436,192772888,1,false
load,9143,191876395.823,191879493.972,192793028,1,false
load,9144,191896651.455,191900063.089,192813264,1,false
load,9145,191917216.209,191920467.512,192833800,1,false
load,9146,191937573.324,191946773.631,192854144,1,false
load,9147,191957928.407,191961385.623,192874476,1,false
load,9148,191978531.805,191986772.595,192895060,1,false
load,9149,191998923.086,192002385.276,192915432,1,false
load,9150,192020032.788,192022864.051,192936516,1,false
load,9151,192041026.469,192045783.126,192957496,1,false
load,9152,192061950.352,192063810.839,192978396,1,false
load,9153,192082118.059,192084283.107,192998548,1,false
load,9154,192102402.005,192104768.749,193018808,1,false
load,9155,192122932.529,192125241.132,193039316,1,false
load,9156,192143357.378,192145715.698,193059772,1,false
load,9157,192163853.227,192166791.749,193080200,1,false
load,9158,192183904.860,192186779.599,193100228,1,false
load,9159,192204962.675,192207786.448,193121272,1,false
load,9160,192225955.405,192227781.135,193142240,1,false
load,9161,192246984.843,192248776.879,193163248,1,false
load,9162,192267930.979,192272685.690,193184172,1,false
load,9163,192288848.179,192298922.310,193205076,1,false
load,9164,192309076.853,192313785.221,193225280,1,false
load,9165,192329944.119,192334780.360,193246128,1,false
load,9166,192350928.907,192354775.288,193267096,1,false
load,9167,192371929.573,192375796.876,193288072,1,false
load,9168,192392948.296,192395787.438,193309068,1,false
load,9169,192413945.850,192416229.303,193330048,1,false
load,9170,192434383.315,192436778.268,193350484,1,false
load,9171,192454945.574,192457805.269,193371012,1,false
load,9172,192475952.700,192478775.112,193392000,1,false
load,9173,192496940.088,192499771.017,193412956,1,false
load,9174,192517927.097,192522791.641,193433928,1,false
load,9175,192538941.865,192543775.221,193454924,1,false
load,9176,192559931.898,192563778.462,193475896,1,false
load,9177,192580928.817,192584796.660,193496868,1,false
load,9178,192601943.555,192604794.382,193517864,1,false
load,9179,192622946.674,192625789.434,193538844,1,false
load,9180,192643954.119,192645791.499,193559832,1,false
load,9181,192664944.526,192670021.797,193580804,1,false
load,9182,192685164.507,192687977.718,193601000,1,false
load,9183,192706112.540,192711397.476,193621932,1,false
load,9184,192726549.111,192731615.694,193642352,1,false
load,9185,192746766.088,192747854.549,193662540,1,false
load,9186,192767020.813,192769770.116,193682776,1,false
load,9187,192787938.553,192793778.564,193703676,1,false
load,9188,192808932.702,192813792.117,193724656,1,false
load,9189,192829944.467,192834783.764,193745640,1,false
load,9190,192850942.677,192856776.352,193766620,1,false
load,9191,192871956.690,192874790.144,193787612,1,false
load,9192,192892941.760,192895782.127,193808584,1,false
load,9193,192913936.486,192915985.601,193829552,1,false
load,9194,192934135.936,192936789.793,193849736,1,false
load,9195,192954950.487,192956777.655,193870524,1,false
load,9196,192975955.422,192979768.753,193891512,1,false
load,9197,192996933.198,193002788.517,193912468,1,false
load,9198,193017943.473,193022794.791,193933460,1,false
load,9199,193038970.511,193042953.736,193954448,1,false
load,9200,193059108.787,193063791.149,193974584,1,false
load,9201,193079945.795,193083793.074,193995404,1,false
load,9202,193100954.117,193104781.822,194016388,1,false
load,9203,193121949.913,193124791.451,194037364,1,false
load,9204,193142951.409,193145778.266,194058344,1,false
load,9205,193163930.429,193167771.058,194079300,1,false
load,9206,193184935.948,193186780.928,194100288,1,false
load,9207,193205944.790,193210783.803,194121276,1,false
load,9208,193226941.572,193232769.443,194142256,1,false
load,9209,193247925.135,193252773.395,194163220,1,false
load,9210,193268941.066,193273769.066,194184216,1,false
load,9211,193289935.704,193293775.116,194205188,1,false
load,9212,193310943.235,193316786.989,194226172,1,false
load,9213,193332828.258,193338780.648,194248040,1,false
load,9214,193353025.243,193359770.008,194268212,1,false
load,9215,193373940.591,193379772.168,194289104,1,false
load,9216,193394629.374,193399833.200,194309776,1,false
load,9217,193415079.209,193419791.669,194330208,1,false
load,9218,193435945.465,193440777.072,194351048,1,false
load,9219,193456956.535,193460810.238,194372040,1,false
load,9220,193477948.981,193482785.246,194393016,1,false
load,9221,193498949.176,193502771.373,194413996,1,false
load,9222,193519929.902,193522028.771,194434960,1,false
load,9223,193540146.582,193542777.209,194455148,1,false
load,9224,193560937.103,193565779.600,194475920,1,false
load,9225,193581933.551,193583778.777,194496900,1,false
load,9226,193602942.880,193608769.084,194517888,1,false
load,9227,193623867.955,193629770.378,194538800,1,false
load,9228,193644876.862,193650770.316,194559780,1,false
load,9229,193665927.813,193669787.800,194580816,1,false
load,9230,193686943.382,193690772.566,194601808,1,false
load,9231,193707929.556,193710773.802,194622776,1,false
load,9232,193728934.081,193731789.559,194643756,1,false
load,9233,193749949.980,193751772.051,194664752,1,false
load,9234,193770928.685,193776779.796,194685708,1,false
load,9235,193791948.415,193796772.493,194706704,1,false
load,9236,193812930.332,193817774.001,194727672,1,false
load,9237,193833928.371,193837771.759,194748652,1,false
load,9238,193854937.894,193857767.924,194769644,1,false
load,9239,193875875.468,193878771.826,194790552,1,false
load,9240,193896921.964,193898772.607,194811580,1,false
load,9241,193917923.792,193919770.133,194832564,1,false
load,9242,193938922.946,193944491.101,194853540,1,false
load,9243,193959656.953,193964783.778,194874256,1,false
load,9244,193979949.202,193984775.719,194894532,1,false
load,9245,194000971.968,194005782.364,194915528,1,false
load,9246,194021915.415,194025773.147,194936452,1,false
load,9247,194042935.454,194046774.431,194957452,1,false
load,9248,194063948.613,194066770.502,194978448,1,false
load,9249,194084942.317,194087772.032,194999420,1,false
load,9250,194105934.711,194107774.755,195020388,1,false
load,9251,194126935.086,194128769.035,195041372,1,false
load,9252,194147926.070,194152770.009,195062340,1,false
load,9253,194168932.670,194173789.737,195083328,1,false
load,9254,194189939.582,194193774.906,195104316,1,false
load,9255,194210936.941,194214769.321,195125288,1,false
load,9256,194231939.657,194234770.496,195146276,1,false
load,9257,194252928.884,194255773.270,195167244,1,false
load,9258,194273934.257,194275780.806,195188232,1,false
load,9259,194294940.545,194296773.949,195209208,1,false
load,9260,194315923.236,194320773.007,195230172,1,false
load,9261,194336927.940,194341770.601,195251164,1,false
load,9262,194357925.911,194361770.642,195272136,1,false
load,9263,194378921.671,194382769.592,195293112,1,false
load,9264,194399928.189,194402769.109,195314092,1,false
load,9265,194420931.493,194423772.499,195335080,1,false
load,9266,194441935.607,194443770.300,195356068,1,false
load,9267,194462928.101,194464773.514,195377040,1,false
load,9268,194483934.838,194488773.874,195398024,1,false
load,9269,194504927.664,194509773.210,195418992,1,false
load,9270,194525951.907,194529770.022,195440004,1,false
load,9271,194546925.910,194550774.392,195460956,1,false
load,9272,194567933.307,194571771.833,195481936,1,false
load,9273,194588920.239,194592771.804,195502904,1,false
load,9274,194609931.642,194611774.769,195523892,1,false
load,9275,194630924.412,194636771.537,195544872,1,false
load,9276,194651932.393,194656773.634,195565856,1,false
load,9277,194672926.865,194678770.973,195586832,1,false
load,9278,194693867.401,194698771.985,195607756,1,false
load,9279,194714923.254,194719602.199,195628780,1,false
load,9280,194735722.166,194738770.482,195649564,1,false
load,9281,194755918.933,194759772.353,195669744,1,false
load,9282,194776931.214,194779773.491,195690732,1,false
load,9283,194797934.721,194800770.402,195711720,1,false
load,9284,194818921.046,194820783.785,195732680,1,false
load,9285,194839937.825,194846771.695,195753680,1,false
load,9286,194860930.874,194866773.968,195774652,1,false
load,9287,194881945.090,194887773.668,195795644,1,false
load,9288,194902924.414,194907770.770,195816604,1,false
load,9289,194923919.767,194928773.682,195837584,1,false
load,9290,194944928.240,194947770.970,195858568,1,false
load,9291,194965918.719,194967773.282,195879536,1,false
load,9292,194986930.038,194988772.260,195900532,1,false
load,9293,195007927.316,195012769.041,195921504,1,false
load,9294,195028876.447,195033772.396,195942436,1,false
load,9295,195049934.442,195053781.781,195963472,1,false
load,9296,195070936.231,195075769.914,195984448,1,false
load,9297,195091920.927,195095783.724,196005420,1,false
load,9298,195112932.856,195116770.958,196026404,1,false
load,9299,195133922.948,195136769.563,196047376,1,false
load,9300,195154875.866,195157771.980,196068308,1,false
load,9301,195175921.881,195181770.029,196089336,1,false
load,9302,195196934.151,195201773.275,196110332,1,false
load,9303,195217911.287,195221771.057,196131280,1,false
load,9304,195238936.298,195242768.730,196152284,1,false
load,9305,195259878.277,195262770.679,196173208,1,false
load,9306,195280922.040,195283128.617,196194232,1,false
load,9307,195301293.123,195303582.108,196214604,1,false
load,9308,195321739.534,195324112.904,196235008,1,false
load,9309,195342329.451,195344536.329,196255644,1,false
load,9310,195362700.529,195365018.215,196275928,1,false
load,9311,195383173.408,195385511.116,196296384,1,false
load,9312,195403673.285,195405974.454,196316868,1,false
load,9313,195424147.722,195426449.842,196337320,1,false
load,9314,195444607.460,195446937.857,196357768,1,false
load,9315,195471249.699,195476137.881,196384376,1,false
load,9316,195492302.675,195496790.482,196405420,1,false
load,9317,195512962.961,195516589.454,196426048,1,false
load,9318,195535820.187,195537160.265,196448888,1,false
load,9319,195556361.155,195557522.928,196469432,1,false
load,9320,195576687.794,195578015.144,196489712,1,false
load,9321,195597884.094,195602575.935,196510892,1,false
load,9322,195618739.769,195623053.359,196531724,1,false
load,9323,195639215.109,195643524.727,196552184,1,false
load,9324,195659689.475,195664348.556,196572632,1,false
load,9325,195680509.367,195684496.831,196593432,1,false
load,9326,195700656.742,195704970.407,196613564,1,false
load,9327,195721206.284,195725458.129,196634092,1,false
load,9328,195741617.333,195745930.950,196654488,1,false
load,9329,195762123.449,195766820.221,196674964,1,false
load,9330,195782989.674,195787778.069,196695816,1,false
load,9331,195803937.164,195807778.066,196716736,1,false
load,9332,195824942.041,195828776.447,196737728,1,false
load,9333,195845933.378,195848774.315,196758696,1,false
load,9334,195866930.303,195868805.762,196779672,1,false
load,9335,195887964.088,195889776.152,196800688,1,false
load,9336,195908930.449,195914771.178,196821628,1,false
load,9337,195929933.809,195934918.868,196842620,1,false
load,9338,195950078.463,195955774.726,196862736,1,false
load,9339,195970928.771,195975776.333,196883568,1,false
load,9340,195991939.831,195996774.807,196904556,1,false
load,9341,196012928.733,196016775.223,196925532,1,false
load,9342,196033936.620,196036776.084,196946516,1,false
load,9343,196054932.968,196057774.262,196967488,1,false
load,9344,196075929.380,196077775.378,196988468,1,false
load,9345,196096928.807,196098774.989,197009448,1,false
load,9346,196117926.924,196122779.653,197030424,1,false
load,9347,196138940.251,196143781.212,197051416,1,false
load,9348,196159943.954,196163784.055,197072400,1,false
load,9349,196180952.145,196184777.150,197093400,1,false
load,9350,196201964.224,196204685.588,197114380,1,false
load,9351,196222834.861,196225127.920,197135228,1,false
load,9352,196243282.105,196245625.244,197155656,1,false
load,9353,196263798.576,196266101.327,197176152,1,false
load,9354,196284261.863,196286577.000,197196600,1,false
load,9355,196304735.910,196307091.378,197217048,1,false
load,9356,196325247.623,196327537.020,197237544,1,false
load,9357,196345727.053,196348044.069,197258000,1,false
load,9358,196366212.849,196368531.709,197278468,1,false
load,9359,196386742.810,196389011.495,197298980,1,false
load,9360,196407238.729,196410776.705,197319456,1,false
load,9361,196427942.524,196429935.415,197340136,1,false
load,9362,196448132.807,196450464.160,197360312,1,false
load,9363,196469801.286,196470925.005,197381956,1,false
load,9364,196490095.428,196491379.516,197402236,1,false
load,9365,196510533.712,196513787.012,197422652,1,false
load,9366,196532804.469,196536456.609,197444896,1,false
load,9367,196553610.717,196556939.779,197465684,1,false
load,9368,196574108.908,196577456.171,197486164,1,false
load,9369,196594601.011,196597876.156,197506636,1,false
load,9370,196615019.382,196618356.899,197527036,1,false
load,9371,196635508.322,196638846.404,197547504,1,false
load,9372,196656007.312,196660766.084,197567984,1,false
load,9373,196676876.044,196681765.145,197588824,1,false
load,9374,196697926.501,196700265.873,197609860,1,false
load,9375,196718427.385,196720749.771,197630340,1,false
load,9376,196738921.186,196741230.697,197650816,1,false
load,9377,196759347.088,196761694.485,197671256,1,false
load,9378,196779846.575,196782177.547,197691704,1,false
load,9379,196800334.640,196802657.853,197712228,1,false
load,9380,196820800.227,196823769.484,197732608,1,false
load,9381,196840867.062,196843609.125,197752660,1,false
load,9382,196861734.304,196864090.085,197773512,1,false
load,9383,196882245.802,196884581.035,197794000,1,false
load,9384,196902736.461,196905057.669,197814468,1,false
load,9385,196923201.848,196927775.232,197834912,1,false
load,9386,196943934.147,196946022.488,197855624,1,false
load,9387,196964140.487,196966490.979,197875808,1,false
load,9388,196984643.415,196986964.319,197896300,1,false
load,9389,197005075.204,197007789.761,197916708,1,false
load,9390,197025949.774,197028779.874,197937564,1,false
load,9391,197046938.464,197048779.573,197958528,1,false
load,9392,197067949.247,197074768.070,197979524,1,false
load,9393,197088874.336,197094774.327,198000428,1,false
load,9394,197109829.172,197113943.901,198021360,1,false
load,9395,197130100.802,197134457.547,198041616,1,false
load,9396,197150613.568,197154886.086,198062104,1,false
load,9397,197171049.934,197175366.785,198082520,1,false
load,9398,197191517.752,197196803.162,198102968,1,false
load,9399,197211955.166,197216779.459,198123384,1,false
load,9400,197232942.574,197239773.102,198144356,1,false
load,9401,197253946.033,197257801.452,198165340,1,false
load,9402,197274953.694,197278826.629,198186324,1,false
load,9403,197295982.250,197298786.668,198207328,1,false
load,9404,197316929.500,197318782.554,198228256,1,false
load,9405,197337942.109,197339779.709,198249248,1,false
load,9406,197358107.611,197362774.440,198269400,1,false
load,9407,197378943.652,197380216.611,198290208,1,false
load,9408,197399353.311,197400661.540,198310632,1,false
load,9409,197419796.453,197421140.091,198331028,1,false
load,9410,197440307.200,197443771.934,198351516,1,false
load,9411,197460951.514,197462094.125,198372144,1,false
load,9412,197481242.907,197482577.262,198392408,1,false
load,9413,197501737.410,197503051.780,198412884,1,false
load,9414,197522162.188,197523529.018,198433292,1,false
load,9415,197542673.130,197544029.840,198453784,1,false
load,9416,197563159.047,197564494.385,198474252,1,false
load,9417,197583662.581,197584973.782,198494728,1,false
load,9418,197604275.353,197605455.181,198515320,1,false
load,9419,197624626.369,197626776.285,198535660,1,false
load,9420,197644926.941,197648764.868,198555940,1,false
load,9421,197665943.957,197670974.314,198576928,1,false
load,9422,197686075.156,197687347.754,198597044,1,false
load,9423,197706502.983,197707846.614,198617456,1,false
load,9424,197727004.105,197728317.499,198637940,1,false
load,9425,197747428.374,197748785.323,198658336,1,false
load,9426,197767934.065,197769263.165,198678824,1,false
load,9427,197788427.714,197791766.417,198699300,1,false
load,9428,197808919.495,197810233.666,198719772,1,false
load,9429,197829351.013,197830699.294,198740224,1,false
load,9430,197849857.516,197852769.953,198760668,1,false
load,9431,197870868.842,197876769.732,198781660,1,false
load,9432,197891922.182,197897785.553,198802692,1,false
load,9433,197911943.961,197917497.749,198822696,1,false
load,9434,197932647.663,197938772.700,198843384,1,false
load,9435,197952924.451,197958545.869,198863632,1,false
load,9436,197973694.078,197978193.370,198884384,1,false
load,9437,197994313.557,197998661.550,198905052,1,false
load,9438,198014803.756,198019150.849,198925456,1,false
load,9439,198035304.393,198039623.621,198945940,1,false
load,9440,198055734.031,198060093.564,198966348,1,false
load,9441,198076239.140,198080577.015,198986828,1,false
load,9442,198096745.980,198101914.989,199007316,1,false
load,9443,198117069.960,198121519.103,199027620,1,false
load,9444,198137876.392,198142775.296,199048412,1,false
load,9445,198158930.490,198163765.288,199069440,1,false
load,9446,198179943.177,198183167.908,199090432,1,false
load,9447,198200301.026,198203453.773,199110776,1,false
load,9448,198220586.434,198223923.680,199131040,1,false
load,9449,198241084.590,198244458.440,199151520,1,false
load,9450,198261595.238,198264855.848,199172008,1,false
load,9451,198282022.014,198285765.835,199192416,1,false
load,9452,198302915.835,198305823.244,199213288,1,false
load,9453,198322952.992,198326332.280,199233300,1,false
load,9454,198343489.786,198346792.906,199253820,1,false
load,9455,198363917.547,198367273.485,199274228,1,false
load,9456,198384416.725,198387757.115,199294708,1,false
load,9457,198404916.811,198408243.199,199315192,1,false
load,9458,198425341.041,198428691.419,199335628,1,false
load,9459,198445843.168,198449183.360,199356076,1,false
load,9460,198466350.245,198469672.018,199376592,1,false
load,9461,198486985.557,198490150.626,199397180,1,false
load,9462,198507279.435,198510614.895,199417448,1,false
load,9463,198527772.276,198531096.195,199437916,1,false
load,9464,198548235.047,198551569.854,199458364,1,false
load,9465,198568732.031,198572058.714,199478844,1,false
load,9466,198589216.109,198593764.738,199499312,1,false
load,9467,198609873.577,198612991.033,199519952,1,false
load,9468,198630147.195,198633481.623,199540196,1,false
load,9469,198650636.773,198653977.054,199560668,1,false
load,9470,198671123.982,198674458.165,199581140,1,false
load,9471,198691613.627,198694939.813,199601608,1,false
load,9472,198712081.447,198715440.060,199622048,1,false
load,9473,198732585.852,198735881.341,199642540,1,false
load,9474,198753010.193,198756356.094,199662940,1,false
load,9475,198773507.417,198776865.722,199683424,1,false
load,9476,198794009.251,198797338.697,199703904,1,false
load,9477,198814095.652,198817797.559,199723964,1,false
load,9478,198834963.663,198838307.492,199744812,1,false
load,9479,198859781.957,198862884.633,199769604,1,false
load,9480,198880405.177,198883351.782,199790208,1,false
load,9481,198900462.717,198904782.244,199810252,1,false
load,9482,198920960.562,198924318.600,199830732,1,false
load,9483,198941472.763,198944787.399,199851220,1,false
load,9484,198962634.829,198966774.495,199872300,1,false
load,9485,198982947.341,198985763.402,199892656,1,false
load,9486,199003921.970,199006245.434,199913608,1,false
load,9487,199024399.550,199026708.290,199934064,1,false
load,9488,199044861.075,199047786.432,199954504,1,false
load,9489,199064908.948,199067673.118,199974536,1,false
load,9490,199085850.961,199088156.223,199995452,1,false
load,9491,199106291.250,199108634.882,200015896,1,false
load,9492,199126798.297,199129478.545,200036376,1,false
load,9493,199147395.102,199149618.979,200056948,1,false
load,9494,199167792.594,199170059.490,200077328,1,false
load,9495,199188224.680,199190535.376,200097732,1,false
load,9496,199208876.805,199211558.219,200118364,1,false
load,9497,199229936.639,199231507.458,200139408,1,false
load,9498,199250671.591,199251976.105,200160120,1,false
load,9499,199270822.158,199272469.897,200180244,1,false
load,9500,199291679.818,199292899.203,200201088,1,false
load,9501,199312601.816,199317530.233,200221992,1,false
load,9502,199332641.596,199333886.986,200242008,1,false
load,9503,199353070.099,199354797.010,200262420,1,false
load,9504,199374094.521,199378937.242,200283424,1,false
load,9505,199395108.325,199399474.453,200304416,1,false
load,9506,199415699.426,199419954.469,200324984,1,false
load,9507,199436110.160,199440460.340,200345376,1,false
load,9508,199456617.434,199460836.075,200365864,1,false
load,9509,199477001.610,199481335.323,200386228,1,false
load,9510,199498807.191,199502708.512,200408012,1,false
load,9511,199519865.833,199522313.076,200429052,1,false
load,9512,199540450.189,199542803.187,200449616,1,false
load,9513,199560954.515,199563317.817,200470104,1,false
load,9514,199581476.306,199583756.365,200490604,1,false
load,9515,199602097.955,199604214.272,200511200,1,false
load,9516,199622675.845,199624701.873,200531764,1,false
load,9517,199642875.126,199645172.441,200551940,1,false
load,9518,199663318.473,199665664.210,200572428,1,false
load,9519,199683804.688,199686153.986,200592832,1,false
load,9520,199704614.427,199706619.858,200613620,1,false
load,9521,199728342.952,199731204.602,200637364,1,false
load,9522,199749372.686,199751706.589,200658348,1,false
load,9523,199769859.374,199772128.699,200678804,1,false
load,9524,199790299.554,199792769.306,200699224,1,false
load,9525,199810939.228,199813845.555,200719840,1,false
load,9526,199830953.392,199834773.415,200739836,1,false
load,9527,199851936.513,199854772.942,200760800,1,false
load,9528,199872925.530,199875771.829,200781764,1,false
load,9529,199893926.974,199896775.361,200802744,1,false
load,9530,199914935.672,199919988.197,200823732,1,false
load,9531,199935143.128,199941768.189,200843924,1,false
load,9532,199955927.637,199960897.870,200864692,1,false
load,9533,199976050.296,199982325.356,200884788,1,false
load,9534,199996485.844,200002269.032,200905204,1,false
load,9535,200017427.742,200023303.057,200926136,1,false
load,9536,200038453.887,200043602.535,200947140,1,false
load,9537,200058739.570,200064771.861,200967404,1,false
load,9538,200078921.743,200084774.123,200987564,1,false
load,9539,200099933.343,200105236.298,201008556,1,false
load,9540,200120364.657,200125770.615,201028976,1,false
load,9541,200140926.465,200145772.129,201049504,1,false
load,9542,200161931.893,200166780.112,201070496,1,false
load,9543,200185806.026,200190412.973,201094336,1,false
load,9544,200206599.954,200210769.202,201115112,1,false
load,9545,200226933.542,200231770.645,201135428,1,false
load,9546,200247935.900,200251521.749,201156416,1,false
load,9547,200268663.745,200272772.052,201177120,1,false
load,9548,200288928.140,200292706.315,201197360,1,false
load,9549,200309860.737,200314766.545,201218280,1,false
load,9550,200330875.868,200333767.853,201239272,1,false
load,9551,200351915.335,200353765.838,201260296,1,false
load,9552,200372930.857,200375469.002,201281288,1,false
load,9553,200393580.330,200394789.518,201301916,1,false
load,9554,200413949.134,200415788.919,201322264,1,false
load,9555,200434961.023,200439769.954,201343256,1,false
load,9556,200455922.260,200460233.716,201364196,1,false
load,9557,200476393.234,200480717.631,201384648,1,false
load,9558,200496854.285,200501173.967,201405088,1,false
load,9559,200520614.488,200521687.383,201428824,1,false
load,9560,200540886.689,200542124.674,201449076,1,false
load,9561,200561283.008,200562961.763,201469468,1,false
load,9562,200582135.864,200587772.974,201490284,1,false
load,9563,200602925.420,200607773.588,201511056,1,false
load,9564,200623950.507,200628774.542,201532064,1,false
load,9565,200644922.676,200648775.468,201553012,1,false
load,9566,200665925.237,200669772.361,201573992,1,false
load,9567,200686929.947,200689783.724,201594984,1,false
load,9568,200707942.904,200710775.632,201615976,1,false
load,9569,200728938.260,200730775.296,201636940,1,false
load,9570,200749942.655,200751962.271,201657928,1,false
load,9571,200770122.392,200771782.284,201678096,1,false
load,9572,200790948.618,200792773.142,201698896,1,false
load,9573,200811922.620,200816777.212,201719852,1,false
load,9574,200832943.204,200837774.969,201740844,1,false
load,9575,200853932.509,200857783.706,201761824,1,false
load,9576,200874935.509,200878782.018,201782804,1,false
load,9577,200895943.569,200898797.946,201803792,1,false
load,9578,200916960.278,200919773.414,201824788,1,false
load,9579,200937993.008,200939452.404,201845800,1,false
load,9580,200958613.241,200959900.066,201866396,1,false
load,9581,200979059.603,200980443.169,201886820,1,false
load,9582,200999608.938,201000858.069,201907356,1,false
load,9583,201020120.322,201021347.617,201927844,1,false
load,9584,201040528.326,201041856.447,201948228,1,false
load,9585,201061021.265,201062784.259,201968700,1,false
load,9586,201081954.780,201087778.981,201989620,1,false
load,9587,201102946.216,201107782.587,202010588,1,false
load,9588,201123063.045,201128785.807,202030684,1,false
load,9589,201143990.382,201148802.636,202051600,1,false
load,9590,201165006.822,201169796.740,202072588,1,false
load,9591,201186001.015,201189792.558,202093564,1,false
load,9592,201206972.531,201210789.654,202114516,1,false
load,9593,201227951.143,201230785.979,202135476,1,false
load,9594,201248976.682,201250790.816,202156472,1,false
load,9595,201269957.305,201271786.063,202177436,1,false
load,9596,201290972.386,201295794.235,202198428,1,false
load,9597,201312007.882,201316787.061,202219436,1,false
load,9598,201332956.089,201336791.744,202240372,1,false
load,9599,201353996.909,201357791.731,202261400,1,false
load,9600,201374957.769,201377790.263,202282336,1,false
load,9601,201395993.515,201398194.267,202303360,1,false
load,9602,201416365.594,201418717.291,202323716,1,false
load,9603,201436878.224,201439144.178,202344196,1,false
load,9604,201457339.455,201459624.514,202364668,1,false
load,9605,201477802.177,201480103.099,202385084,1,false
load,9606,201498361.682,201500593.839,202405636,1,false
load,9607,201518779.996,201521067.574,202426012,1,false
load,9608,201539271.499,201541784.171,202446488,1,false
load,9609,201559953.003,201562789.363,202467156,1,false
load,9610,201580956.058,201582779.770,202488136,1,false
load,9611,201602804.702,201607088.231,202509960,1,false
load,9612,201623255.010,201627517.149,202530396,1,false
load,9613,201643679.422,201648019.367,202550796,1,false
load,9614,201664674.347,201668792.211,202571772,1,false
load,9615,201684957.515,201689777.553,202592032,1,false
load,9616,201705984.729,201709789.514,202613040,1,false
load,9617,201726951.516,201729930.236,202633984,1,false
load,9618,201747091.719,201750445.018,202654104,1,false
load,9619,201767599.184,201770915.382,202674592,1,false
load,9620,201788069.127,201791441.689,202695048,1,false
load,9621,201808608.316,201811841.168,202715568,1,false
load,9622,201828999.212,201832349.754,202735932,1,false
load,9623,201850127.136,201853786.662,202757044,1,false
load,9624,201870933.470,201873778.267,202777828,1,false
load,9625,201891951.694,201894785.122,202798828,1,false
load,9626,201912951.810,201914769.440,202819804,1,false
load,9627,201933937.866,201938833.797,202840772,1,false
load,9628,201953942.392,201955211.643,202860756,1,false
load,9629,201974387.144,201975712.961,202881180,1,false
load,9630,201994854.427,201996774.023,202901636,1,false
load,9631,202014888.891,202018764.583,202921640,1,false
load,9632,202035869.398,202037125.644,202942612,1,false
load,9633,202056302.369,202057618.761,202963092,1,false
load,9634,202076803.681,202078797.992,202983484,1,false
load,9635,202096985.525,202098775.783,203003664,1,false
load,9636,202117927.078,202119777.263,203024588,1,false
load,9637,202138937.750,202143791.680,203045572,1,false
load,9638,202159946.194,202166769.058,203066560,1,false
load,9639,202180929.929,202184610.065,203087528,1,false
load,9640,202201741.066,202205791.437,203108316,1,false
load,9641,202221956.754,202225958.342,203128504,1,false
load,9642,202242100.536,202246802.932,203148632,1,false
load,9643,202262970.589,202266777.849,203169488,1,false
load,9644,202283992.258,202287787.352,203190488,1,false
load,9645,202304954.270,202307779.406,203211424,1,false
load,9646,202325935.665,202328188.117,203232388,1,false
load,9647,202348067.156,202353236.773,203254424,1,false
load,9648,202368460.716,202373810.612,203274872,1,false
load,9649,202389014.167,202394781.227,203295400,1,false
load,9650,202409965.490,202413956.859,203316340,1,false
load,9651,202430107.175,202434438.567,203336460,1,false
load,9652,202450611.177,202454926.372,203356948,1,false
load,9653,202471087.464,202475464.689,203377396,1,false
load,9654,202491595.132,202495878.967,203397888,1,false
load,9655,202512022.766,202516334.576,203418296,1,false
load,9656,202532458.467,202536835.510,203438712,1,false
load,9657,202552952.162,202557305.696,203459184,1,false
load,9658,202573465.383,202577796.069,203479680,1,false
load,9659,202593940.709,202598253.154,203500132,1,false
load,9660,202614369.757,202618746.554,203520540,1,false
load,9661,202634863.039,202639224.939,203541020,1,false
load,9662,202655367.596,202659688.439,203561500,1,false
load,9663,202675856.543,202680805.947,203581972,1,false
load,9664,202695934.816,202700770.461,203602012,1,false
load,9665,202716929.252,202721783.271,203623000,1,false
load,9666,202737954.919,202741778.403,203644008,1,false
load,9667,202758953.547,202762782.150,203664980,1,false
load,9668,202779940.954,202782571.215,203685956,1,false
load,9669,202800730.989,202803039.481,203706720,1,false
load,9670,202821166.871,202823515.342,203727140,1,false
load,9671,202841678.530,202844010.857,203747628,1,false
load,9672,202862158.371,202864784.587,203768096,1,false
load,9673,202882946.827,202885777.755,203788860,1,false
load,9674,202903941.512,202905778.103,203809836,1,false
load,9675,202924933.557,202929996.838,203830804,1,false
load,9676,202945145.056,202946438.225,203851000,1,false
load,9677,202965579.197,202966876.579,203871408,1,false
load,9678,202986030.268,202987353.948,203891844,1,false
load,9679,203006517.853,203007851.323,203912312,1,false
load,9680,203027018.888,203028301.137,203932788,1,false
load,9681,203047447.922,203048784.551,203953200,1,false
load,9682,203067940.132,203069257.228,203973672,1,false
load,9683,203088388.140,203089722.183,203994104,1,false
load,9684,203109086.694,203110968.828,204014780,1,false
load,9685,203130131.260,203135771.690,204035800,1,false
load,9686,203150922.136,203155782.338,204056572,1,false
load,9687,203171928.965,203175770.923,204077552,1,false
load,9688,203192964.606,203196779.963,204098544,1,false
load,9689,203213955.127,203216771.932,204119544,1,false
load,9690,203234932.828,203237772.444,204140500,1,false
load,9691,203255944.832,203257773.048,204161496,1,false
load,9692,203276929.050,203278785.071,204182456,1,false
load,9693,203297941.332,203302771.217,204203444,1,false
load,9694,203318938.982,203324797.390,204224424,1,false
load,9695,203339944.240,203343778.906,204245408,1,false
load,9696,203360986.810,203364952.924,204266440,1,false
load,9697,203381055.167,203384795.948,204286484,1,false
load,9698,203401943.563,203405785.309,204307348,1,false
load,9699,203422947.844,203425777.520,204328332,1,false
load,9700,203443946.823,203446778.751,204349312,1,false
load,9701,203464935.979,203466788.946,204370284,1,false
load,9702,203485945.662,203487773.514,204391268,1,false
load,9703,203506944.240,203511777.337,204412244,1,false
load,9704,203527943.167,203532793.241,204433228,1,false
load,9705,203548949.899,203552817.500,204454216,1,false
load,9706,203569996.146,203573780.249,204475236,1,false
load,9707,203590948.038,203593777.590,204496168,1,false
load,9708,203611948.441,203614788.537,204517152,1,false
load,9709,203632951.273,203634786.597,204538128,1,false
load,9710,203653947.296,203655777.771,204559108,1,false
load,9711,203674949.255,203679778.773,204580088,1,false
load,9712,203695939.216,203700802.226,204601052,1,false
load,9713,203716949.385,203720777.973,204622052,1,false
load,9714,203737929.852,203741776.062,204643008,1,false
load,9715,203758935.884,203761793.797,204663992,1,false
load,9716,203779944.011,203782777.148,204684984,1,false
load,9717,203800936.696,203802777.696,204705956,1,false
load,9718,203821939.402,203827769.863,204726940,1,false
load,9719,203842935.160,203847779.126,204747908,1,false
load,9720,203863940.459,203867974.453,204768900,1,false
load,9721,203886807.434,203894305.458,204791744,1,false
load,9722,203907602.480,203909780.261,204812516,1,false
load,9723,203927944.119,203929778.632,204832840,1,false
load,9724,203948403.729,203950892.220,204853276,1,false
load,9725,203969037.650,203970346.538,204873888,1,false
load,9726,203989877.520,203994902.006,204894712,1,false
load,9727,204010075.532,204011302.123,204914892,1,false
load,9728,204030474.732,204031783.727,204935268,1,false
load,9729,204051005.075,204052271.039,204955776,1,false
load,9730,204071549.901,204072797.085,204976300,1,false
load,9731,204091999.143,204093792.784,204996728,1,false
load,9732,204113035.732,204117888.648,205017744,1,false
load,9733,204134023.258,204138481.667,205038716,1,false
load,9734,204154609.387,204159777.044,205059288,1,false
load,9735,204174933.470,204179779.294,205079592,1,false
load,9736,204195945.617,204199767.718,205100576,1,false
load,9737,204216955.274,204220220.779,205121564,1,false
load,9738,204237381.554,204240706.572,205141976,1,false
load,9739,204257869.615,204261769.505,205162440,1,false
load,9740,204278932.450,204281691.668,205183484,1,false
load,9741,204299874.898,204302183.130,205204412,1,false
load,9742,204320316.167,204322802.694,205224876,1,false
load,9743,204340958.373,204343550.667,205245460,1,false
load,9744,204361676.002,204363779.018,205266152,1,false
load,9745,204381936.274,204384779.119,205286384,1,false
load,9746,204402918.424,204405770.216,205307352,1,false
load,9747,204423928.542,204426771.762,205328340,1,false
load,9748,204444923.817,204449775.814,205349316,1,false
load,9749,204465935.529,204471775.946,205370308,1,false
load,9750,204486929.493,204491776.383,205391284,1,false
load,9751,204507934.367,204512772.336,205412264,1,false
load,9752,204528933.041,204532771.581,205433240,1,false
load,9753,204549935.875,204553777.830,205454220,1,false
load,9754,204570939.136,204573774.614,205475208,1,false
load,9755,204591937.042,204598770.663,205496188,1,false
load,9756,204612921.632,204618770.431,205517148,1,false
load,9757,204633932.496,204638773.592,205538144,1,false
load,9758,204654928.481,204659774.702,205559116,1,false
load,9759,204675943.536,204680769.980,205580108,1,false
load,9760,204696931.010,204700337.665,205601076,1,false
load,9761,204717487.966,204721785.979,205621620,1,false
load,9762,204737928.748,204741778.065,205642032,1,false
load,9763,204758947.641,204761782.216,205663036,1,false
load,9764,204779949.347,204782770.606,205684012,1,false
load,9765,204800929.129,204807772.692,205704976,1,false
load,9766,204821932.043,204827641.833,205725956,1,false
load,9767,204842792.025,204848776.044,205746792,1,false
load,9768,204862938.127,204867964.699,205766920,1,false
load,9769,204883073.375,204888777.395,205787040,1,false
load,9770,204903940.183,204908787.546,205807884,1,false
load,9771,204924937.867,204930772.515,205828860,1,false
load,9772,204945929.372,204950775.310,205849836,1,false
load,9773,204966929.191,204970772.178,205870812,1,false
load,9774,204987938.165,204991772.923,205891804,1,false
load,9775,205008925.455,205010785.111,205912764,1,false
load,9776,205029951.949,205031779.161,205933776,1,false
load,9777,205050933.294,205055775.500,205954736,1,false
load,9778,205071931.857,205076784.391,205975716,1,false
load,9779,205092937.485,205096776.146,205996696,1,false
load,9780,205113931.652,205117779.608,206017672,1,false
load,9781,205134933.216,205137776.734,206038656,1,false
load,9782,205155940.265,205158804.084,206059640,1,false
load,9783,205176963.722,205178780.954,206080644,1,false
load,9784,205197931.275,205199792.165,206101584,1,false
load,9785,205218952.310,205223777.059,206122588,1,false
load,9786,205239940.674,205244969.333,206143552,1,false
load,9787,205260084.906,205264781.654,206163684,1,false
load,9788,205280944.358,205285786.477,206184524,1,false
load,9789,205301972.556,205305789.203,206205528,1,false
load,9790,205322956.748,205326781.276,206226492,1,false
load,9791,205344131.946,205346784.779,206247644,1,false
load,9792,205364943.422,205367807.553,206268440,1,false
load,9793,205385959.603,205387798.251,206289436,1,false
load,9794,205406941.158,205408782.162,206310396,1,false
load,9795,205427952.072,205432806.944,206331380,1,false
load,9796,205448967.033,205453807.612,206352380,1,false
load,9797,205469969.735,205475782.750,206373360,1,false
load,9798,205490959.336,205494346.903,206394324,1,false
load,9799,205511649.838,205514827.562,206414980,1,false
load,9800,205532030.960,205535794.259,206435364,1,false
load,9801,205552951.387,205555791.483,206456260,1,false
load,9802,205573975.533,205576798.377,206477264,1,false
load,9803,205594962.368,205596793.581,206498232,1,false
load,9804,205615928.458,205621786.059,206519176,1,false
load,9805,205636943.135,205641782.112,206540172,1,false
load,9806,205657942.789,205662780.333,206561148,1,false
load,9807,205678946.991,205682784.078,206582136,1,false
load,9808,205699969.046,205703811.085,206603132,1,false
load,9809,205720971.855,205723803.224,206624120,1,false
load,9810,205741946.057,205744788.095,206645072,1,false
load,9811,205762941.556,205764615.405,206666044,1,false
load,9812,205783831.136,205789910.452,206686920,1,false
load,9813,205804036.330,205805695.012,206707104,1,false
load,9814,205824907.721,205830528.043,206727956,1,false
load,9815,205845661.522,205851261.735,206748692,1,false
load,9816,205866404.460,205872806.877,206769412,1,false
load,9817,205887008.115,205892013.700,206789992,1,false
load,9818,205907145.881,205913780.658,206810116,1,false
load,9819,205927920.811,205933782.628,206830868,1,false
load,9820,205948963.874,205953792.525,206851892,1,false
load,9821,205969951.825,205974782.309,206872860,1,false
load,9822,205990952.013,205994790.964,206893840,1,false
load,9823,206011949.491,206015780.325,206914816,1,false
load,9824,206032939.810,206035784.518,206935784,1,false
load,9825,206053950.745,206056781.531,206956768,1,false
load,9826,206074950.687,206080778.656,206977756,1,false
load,9827,206095952.921,206101789.043,206998740,1,false
load,9828,206116947.273,206121788.451,207019708,1,false
load,9829,206137958.635,206142795.331,207040696,1,false
load,9830,206158981.639,206162786.692,207061704,1,false
load,9831,206179971.724,206183787.918,207082668,1,false
load,9832,206200941.592,206203791.855,207103620,1,false
load,9833,206221954.349,206224788.338,207124612,1,false
load,9834,206242960.178,206248796.045,207145600,1,false
load,9835,206263955.986,206269787.262,207166572,1,false
load,9836,206284952.831,206289783.782,207187548,1,false
load,9837,206305962.888,206310780.838,207208536,1,false
load,9838,206326952.333,206330791.681,207229512,1,false
load,9839,206347945.010,206351784.354,207250484,1,false
load,9840,206368939.785,206371782.306,207271452,1,false
load,9841,206389958.989,206392774.499,207292460,1,false
load,9842,206410938.065,206416963.607,207313412,1,false
load,9843,206431126.983,206437773.715,207333584,1,false
load,9844,206451949.492,206457776.717,207354384,1,false
load,9845,206472942.519,206478772.360,207375368,1,false
load,9846,206493932.611,206498779.250,207396328,1,false
load,9847,206514940.473,206518793.315,207417316,1,false
load,9848,206535967.128,206538784.362,207438324,1,false
load,9849,206556953.980,206559808.789,207459288,1,false
load,9850,206577985.577,206579782.629,207480292,1,false
load,9851,206598957.117,206604780.279,207501256,1,false
load,9852,206619941.242,206624779.857,207522212,1,false
load,9853,206640007.747,206644910.112,207542264,1,false
load,9854,206660021.240,206661329.610,207562256,1,false
load,9855,206680487.860,206681817.268,207582708,1,false
load,9856,206700981.998,206702372.950,207603176,1,false
load,9857,206721575.925,206722772.239,207623752,1,false
load,9858,206741934.941,206743238.422,207644088,1,false
load,9859,206762433.676,206763680.496,207664564,1,false
load,9860,206782887.874,206784209.097,207685004,1,false
load,9861,206803483.575,206804666.215,207705580,1,false
load,9862,206823819.107,206825157.365,207725892,1,false
load,9863,206844319.493,206845624.119,207746412,1,false
load,9864,206864793.057,206866786.021,207766828,1,false
load,9865,206884956.360,206886783.646,207786976,1,false
load,9866,206905951.127,206907779.090,207807944,1,false
load,9867,206926939.162,206931773.072,207828916,1,false
load,9868,206947928.567,206952780.790,207849884,1,false
load,9869,206968946.712,206972696.309,207870880,1,false
load,9870,206991819.312,206993778.229,207893724,1,false
load,9871,207011885.672,207013563.398,207913780,1,false
load,9872,207032777.834,207034783.798,207934648,1,false
load,9873,207052949.287,207054779.786,207954800,1,false
load,9874,207073938.907,207075044.490,207975772,1,false
load,9875,207094209.150,207096775.500,207996016,1,false
load,9876,207114935.538,207121772.359,208016728,1,false
load,9877,207135937.318,207140773.128,208037708,1,false
load,9878,207156942.831,207162777.022,208058688,1,false
load,9879,207177932.914,207182771.266,208079660,1,false
load,9880,207198939.951,207203771.444,208100648,1,false
load,9881,207219935.495,207223774.761,208121628,1,false
load,9882,207240935.927,207244783.434,208142600,1,false
load,9883,207261943.658,207264776.364,208163588,1,false
load,9884,207282937.801,207289778.121,208184568,1,false
load,9885,207303936.769,207309773.853,208205548,1,false
load,9886,207324925.831,207330775.382,208226516,1,false
load,9887,207345931.166,207349771.656,208247496,1,false
load,9888,207366878.047,207370773.124,208268420,1,false
load,9889,207387940.380,207391772.168,208289464,1,false
load,9890,207408935.180,207412780.761,208310436,1,false
load,9891,207429936.437,207431771.037,208331424,1,false
load,9892,207450920.441,207456778.108,208352388,1,false
load,9893,207471939.335,207476777.050,208373388,1,false
load,9894,207492936.082,207497772.393,208394360,1,false
load,9895,207513932.278,207517775.433,208415332,1,false
load,9896,207534937.364,207538784.693,208436320,1,false
load,9897,207555946.351,207558771.341,208457308,1,false
load,9898,207576933.829,207578780.408,208478276,1,false
load,9899,207597934.211,207599773.710,208499252,1,false
load,9900,207618928.745,207624767.460,208520236,1,false
load,9901,207639929.978,207644779.139,208541216,1,false
load,9902,207660941.593,207664770.548,208562204,1,false
load,9903,207681926.244,207685780.816,208583164,1,false
load,9904,207702936.160,207705777.940,208604152,1,false
load,9905,207723932.629,207726772.265,208625128,1,false
load,9906,207744920.163,207746772.517,208646096,1,false
load,9907,207765953.311,207767553.611,208667104,1,false
load,9908,207786730.715,207791775.439,208687864,1,false
load,9909,207806938.842,207808775.293,208708056,1,false
load,9910,207827951.836,207832691.635,208729048,1,false
load,9911,207848861.426,207853226.010,208749936,1,false
load,9912,207869565.258,207873789.618,208770616,1,false
load,9913,207889934.201,207894171.799,208790972,1,false
load,9914,207910304.232,207914632.790,208811372,1,false
load,9915,207930804.293,207935117.086,208831796,1,false
load,9916,207951242.049,207955624.954,208852220,1,false
load,9917,207971771.403,207980792.158,208872720,1,false
load,9918,207991976.686,207996550.353,208892916,1,false
load,9919,208012718.300,208017038.902,208913636,1,false
load,9920,208033196.492,208037790.845,208934088,1,false
load,9921,208053963.299,208058772.817,208954840,1,false
load,9922,208074924.946,208078777.637,208975780,1,false
load,9923,208095962.895,208099781.029,208996800,1,false
load,9924,208116939.487,208119782.639,209017756,1,false
load,9925,208137954.412,208140786.117,209038752,1,false
load,9926,208158944.926,208161765.089,209059720,1,false
load,9927,208179933.374,208184921.585,209080684,1,false
load,9928,208200065.128,208201329.708,209100808,1,false
load,9929,208220506.636,208222210.012,209121220,1,false
load,9930,208241382.889,208246777.882,209142076,1,false
load,9931,208262429.977,208267776.089,209163100,1,false
load,9932,208282918.177,208287779.466,209183568,1,false
load,9933,208303943.037,208308778.141,209204572,1,false
load,9934,208324952.055,208329774.194,209225568,1,false
load,9935,208345951.358,208348783.152,209246544,1,false
load,9936,208366950.340,208369780.230,209267516,1,false
load,9937,208387940.750,208390766.754,209288492,1,false
load,9938,208408960.888,208410780.899,209309488,1,false
load,9939,208429939.725,208435774.758,209330444,1,false
load,9940,208450933.919,208455777.045,209351420,1,false
load,9941,208471919.588,208475780.337,209372392,1,false
load,9942,208492947.100,208498768.562,209393392,1,false
load,9943,208513929.497,208516775.257,209414360,1,false
load,9944,208534928.266,208537775.729,209435340,1,false
load,9945,208555944.268,208557775.532,209456332,1,false
load,9946,208576930.358,208578778.198,209477300,1,false
load,9947,208597938.432,208602774.534,209498288,1,false
load,9948,208618927.226,208623782.226,209519252,1,false
load,9949,208639943.173,208645764.976,209540252,1,false
load,9950,208660865.726,208666766.680,209561152,1,false
load,9951,208681933.742,208684776.300,209582196,1,false
load,9952,208702935.551,208705776.416,209603176,1,false
load,9953,208723928.220,208725786.606,209624156,1,false
load,9954,208744937.889,208746775.753,209645148,1,false
load,9955,208765936.369,208770775.982,209666120,1,false
load,9956,208786929.896,208791778.562,209687096,1,false
load,9957,208807940.328,208811786.903,209708080,1,false
load,9958,208828941.323,208832777.796,209729064,1,false
load,9959,208849931.879,208852779.871,209750040,1,false
load,9960,208870937.280,208873779.824,209771020,1,false
load,9961,208891931.639,208893774.097,209791992,1,false
load,9962,208912930.896,208914064.468,209812972,1,false
load,9963,208933241.823,208934781.113,209833264,1,false
load,9964,208954003.666,208959059.393,209854012,1,false
load,9965,208974213.279,208975445.197,209874196,1,false
load,9966,208994580.893,208995943.729,209894544,1,false
load,9967,209015092.155,209016440.381,209915032,1,false
load,9968,209035601.324,209037004.548,209935520,1,false
load,9969,209056164.456,209058771.706,209956060,1,false
load,9970,209076940.397,209082776.924,209976816,1,false
load,9971,209097936.228,209102780.368,209997792,1,false
load,9972,209118966.308,209123776.027,210018804,1,false
load,9973,209139934.648,209143779.453,210039756,1,false
load,9974,209160946.694,209164777.010,210060744,1,false
load,9975,209181935.875,209184774.959,210081712,1,false
load,9976,209202933.272,209205787.054,210102688,1,false
load,9977,209223939.725,209225776.767,210123676,1,false
load,9978,209244938.674,209253772.852,210144660,1,false
load,9979,209265931.556,209270777.216,210165632,1,false
load,9980,209286932.174,209291776.328,210186612,1,false
load,9981,209307934.501,209311776.171,210207588,1,false
load,9982,209328928.721,209331774.460,210228564,1,false
load,9983,209349937.957,209352779.401,210249548,1,false
load,9984,209370929.924,209372775.155,210270524,1,false
load,9985,209391932.313,209393779.054,210291500,1,false
load,9986,209412930.926,209418774.480,210312488,1,false
load,9987,209433931.514,209439769.134,210333464,1,false
load,9988,209454935.584,209458785.606,210354448,1,false
load,9989,209475943.214,209479260.534,210375440,1,false
load,9990,209496440.622,209500495.995,210395916,1,false
load,9991,209516739.221,209520785.148,210416196,1,false
load,9992,209536946.827,209541767.036,210436376,1,false
load,9993,209557943.211,209562771.028,210457352,1,false
load,9994,209578936.141,209581778.582,210478328,1,false
load,9995,209599941.417,209602791.655,210499308,1,false
load,9996,209620944.035,209622776.484,210520292,1,false
load,9997,209641901.268,209643792.268,210541228,1,false
load,9998,209661920.834,209663775.862,210561228,1,false
load,9999,209682933.122,209684774.845,210582220,1,false
